timeframe,segment,feature,quantile,quantile_rank,axis_min,axis_max,n,death_rate,ambiguous_rate,winner_rate,mean_r
15m,is,trend_dev,Q1,1,-0.39332150809010924,-0.020211719487656765,1760,0.08579545454545455,0.2863636363636364,0.6278409090909091,0.5696022727272727
15m,is,trend_dev,Q2,2,-0.020203899154736082,0.00021355327577832206,1760,0.10340909090909091,0.33295454545454545,0.5636363636363636,0.4090909090909091
15m,is,trend_dev,Q3,3,0.00021822104497326578,0.3079885168938936,1760,0.1,0.34488636363636366,0.5551136363636363,0.3877840909090909
15m,is,volume_pctl,Q1,1,0.0,0.36553030303030304,1760,0.11079545454545454,0.3255681818181818,0.5636363636363636,0.4090909090909091
15m,is,volume_pctl,Q2,2,0.3658301158301158,0.6934306569343066,1760,0.10227272727272728,0.33636363636363636,0.5613636363636364,0.4034090909090909
15m,is,volume_pctl,Q3,3,0.6940104166666666,1.0,1760,0.07613636363636364,0.30227272727272725,0.6215909090909091,0.5539772727272727
15m,is,vol_balance,Q1,1,0.011022293155893996,0.21595006709572284,1760,0.08693181818181818,0.30113636363636365,0.6119318181818182,0.5298295454545454
15m,is,vol_balance,Q2,2,0.21597992820963322,0.3664619645045379,1760,0.09204545454545454,0.34488636363636366,0.5630681818181819,0.40767045454545453
15m,is,vol_balance,Q3,3,0.36652963672318595,0.996871497045874,1760,0.11022727272727273,0.3181818181818182,0.571590909090909,0.4289772727272727
15m,is,rsi_slope_5_3,Q1,1,-23.50880351837764,-5.469044828000094,1760,0.08522727272727272,0.29545454545454547,0.6193181818181818,0.5482954545454546
15m,is,rsi_slope_5_3,Q2,2,-5.466437101897462,-1.670287566740292,1760,0.10227272727272728,0.3340909090909091,0.5636363636363636,0.4090909090909091
15m,is,rsi_slope_5_3,Q3,3,-1.6684514572997031,14.978840303269848,1760,0.10170454545454545,0.3346590909090909,0.5636363636363636,0.4090909090909091
15m,is,rsi_slope_10_5,Q1,1,-23.412941954230327,-5.188622936236079,1760,0.08409090909090909,0.32443181818181815,0.5914772727272727,0.4786931818181818
15m,is,rsi_slope_10_5,Q2,2,-5.184390864687586,-1.3178583875196423,1760,0.10170454545454545,0.3068181818181818,0.5914772727272727,0.4786931818181818
15m,is,rsi_slope_10_5,Q3,3,-1.3162716418627838,12.628139721356511,1760,0.10340909090909091,0.33295454545454545,0.5636363636363636,0.4090909090909091
15m,is,rsi_slope_14_5,Q1,1,-18.955164828806716,-4.133339441982443,1760,0.09147727272727273,0.3068181818181818,0.6017045454545454,0.5042613636363636
15m,is,rsi_slope_14_5,Q2,2,-4.132745861256851,-0.9884327120277305,1760,0.09886363636363636,0.3210227272727273,0.5801136363636363,0.4502840909090909
15m,is,rsi_slope_14_5,Q3,3,-0.9869204653242818,8.110551416989303,1760,0.09886363636363636,0.33636363636363636,0.5647727272727273,0.4119318181818182
15m,is,zone_width_atr,Q1,1,0.08196382252394975,0.8509044769228179,1760,0.048295454545454544,0.28295454545454546,0.66875,0.671875
15m,is,zone_width_atr,Q2,2,0.8509500084259336,1.0826481847109937,1760,0.10454545454545454,0.3397727272727273,0.5556818181818182,0.38920454545454547
15m,is,zone_width_atr,Q3,3,1.0827372739991852,1.2797328412323448,1760,0.13636363636363635,0.34147727272727274,0.522159090909091,0.3053977272727273
15m,is,freshness_bars,Q1,1,1.0,36.0,1797,0.11407902058987202,0.3617139677239844,0.5242070116861436,0.3105175292153589
15m,is,freshness_bars,Q2,2,37.0,139.0,1727,0.09727851766068327,0.32889403590040533,0.5738274464389114,0.43456861609727854
15m,is,freshness_bars,Q3,3,140.0,69593.0,1756,0.0774487471526196,0.2727790432801822,0.6497722095671982,0.6244305239179955
15m,is,prior_taps,Q1,1,0.0,1.0,4536,0.09237213403880071,0.3185626102292769,0.5890652557319224,0.47266313932980597
15m,is,prior_taps,Q2,2,2.0,12.0,744,0.12096774193548387,0.3387096774193548,0.5403225806451613,0.35080645161290325
15m,is,approach_mom,Q1,1,-8.663751419056409,-2.076280571234315,1760,0.07613636363636364,0.2863636363636364,0.6375,0.59375
15m,is,approach_mom,Q2,2,-2.075760082581597,-0.9648759337732288,1760,0.10852272727272727,0.32897727272727273,0.5625,0.40625
15m,is,approach_mom,Q3,3,-0.9647168086845609,2.9112298001993153,1760,0.10454545454545454,0.3488636363636364,0.5465909090909091,0.3664772727272727
15m,is,tap_rsi,Q1,1,2.715243749221969,34.40277872722443,1760,0.07215909090909091,0.28238636363636366,0.6454545454545455,0.6136363636363636
15m,is,tap_rsi,Q2,2,34.40633408868426,42.19072200820415,1760,0.10681818181818181,0.3221590909090909,0.5710227272727273,0.4275568181818182
15m,is,tap_rsi,Q3,3,42.198591883810394,70.40368436640813,1760,0.11022727272727273,0.35965909090909093,0.5301136363636364,0.3252840909090909
15m,is,stop_width_frac,Q1,1,0.0030001179148966945,0.00495033026881331,1760,0.08238636363636363,0.32897727272727273,0.5886363636363636,0.4715909090909091
15m,is,stop_width_frac,Q2,2,0.004951216138306677,0.007734564086182737,1760,0.09545454545454546,0.3301136363636364,0.5744318181818182,0.43607954545454547
15m,is,stop_width_frac,Q3,3,0.00773780620843528,0.09746390860072555,1760,0.11136363636363636,0.30511363636363636,0.5835227272727272,0.4588068181818182
15m,is,stop_width_atr,Q1,1,0.06379661265073325,0.8085182970981599,1760,0.04602272727272727,0.28863636363636364,0.665340909090909,0.6633522727272727
15m,is,stop_width_atr,Q2,2,0.8086442110803392,1.0610477855707776,1760,0.09886363636363636,0.3409090909090909,0.5602272727272727,0.4005681818181818
15m,is,stop_width_atr,Q3,3,1.0611358664577917,1.357993083983787,1760,0.14431818181818182,0.3346590909090909,0.5210227272727272,0.3025568181818182
15m,is,rsi_ema_slope,Q1,1,-4.996474170868858,-1.4444689175942997,1760,0.07215909090909091,0.29375,0.634090909090909,0.5852272727272727
15m,is,rsi_ema_slope,Q2,2,-1.444107071069837,-0.752107478713306,1760,0.10625,0.325,0.56875,0.421875
15m,is,rsi_ema_slope,Q3,3,-0.7509192708750021,2.350354721490163,1760,0.11079545454545454,0.34545454545454546,0.54375,0.359375
15m,is,rsi_ema_curv,Q1,1,-5.382357372163263,-0.5788830792556396,1760,0.075,0.3073863636363636,0.6176136363636363,0.5440340909090909
15m,is,rsi_ema_curv,Q2,2,-0.5782518666626473,-0.10879345582404198,1760,0.10795454545454546,0.31022727272727274,0.5818181818181818,0.45454545454545453
15m,is,rsi_ema_curv,Q3,3,-0.1084811018445535,1.9187545477864312,1760,0.10625,0.3465909090909091,0.5471590909090909,0.3678977272727273
15m,is,rsi_ema_death_shape,Q1,1,0.0,1.0,5280,0.09640151515151515,0.32140151515151516,0.5821969696969697,0.45549242424242425
15m,oos,trend_dev,Q1,1,-0.2311541583953265,-0.020560260353776783,856,0.10630841121495327,0.3002336448598131,0.5934579439252337,0.48364485981308414
15m,oos,trend_dev,Q2,2,-0.020549617820662114,-0.002879985495339965,855,0.16842105263157894,0.2935672514619883,0.5380116959064327,0.34502923976608185
15m,oos,trend_dev,Q3,3,-0.002871823240705451,0.19301734297098982,856,0.1483644859813084,0.32710280373831774,0.5245327102803738,0.31133177570093457
15m,oos,volume_pctl,Q1,1,0.0,0.2760416666666667,856,0.16238317757009346,0.31542056074766356,0.522196261682243,0.3054906542056075
15m,oos,volume_pctl,Q2,2,0.27606177606177607,0.594704684317719,855,0.13216374269005848,0.3368421052631579,0.5309941520467836,0.32748538011695905
15m,oos,volume_pctl,Q3,3,0.5954118873826904,1.0,856,0.12850467289719625,0.26869158878504673,0.602803738317757,0.5070093457943925
15m,oos,vol_balance,Q1,1,0.009629206077506447,0.22303211242991336,856,0.12383177570093458,0.26869158878504673,0.6074766355140186,0.5186915887850467
15m,oos,vol_balance,Q2,2,0.22304238542063917,0.3836039941946408,855,0.17309941520467836,0.3146198830409357,0.512280701754386,0.2807017543859649
15m,oos,vol_balance,Q3,3,0.3840968843113852,0.9969762112639661,856,0.1261682242990654,0.33761682242990654,0.5362149532710281,0.3405373831775701
15m,oos,rsi_slope_5_3,Q1,1,-24.722422543594213,-5.871328224513363,856,0.1425233644859813,0.3014018691588785,0.5560747663551402,0.3901869158878505
15m,oos,rsi_slope_5_3,Q2,2,-5.868844082367154,-1.9442567020223933,855,0.1415204678362573,0.3064327485380117,0.552046783625731,0.38011695906432746
15m,oos,rsi_slope_5_3,Q3,3,-1.939484331333297,10.673255941308021,856,0.13901869158878505,0.3130841121495327,0.5478971962616822,0.3697429906542056
15m,oos,rsi_slope_10_5,Q1,1,-20.771574144669728,-5.061352563999364,856,0.13551401869158877,0.2932242990654206,0.5712616822429907,0.42815420560747663
15m,oos,rsi_slope_10_5,Q2,2,-5.054658691100244,-1.25972610481449,855,0.15321637426900586,0.3157894736842105,0.5309941520467836,0.32748538011695905
15m,oos,rsi_slope_10_5,Q3,3,-1.2522833065749381,9.824824590859006,856,0.13434579439252337,0.3119158878504673,0.5537383177570093,0.38434579439252337
15m,oos,rsi_slope_14_5,Q1,1,-17.040632872636678,-4.023808713233862,856,0.12733644859813084,0.3072429906542056,0.5654205607476636,0.4135514018691589
15m,oos,rsi_slope_14_5,Q2,2,-4.01139835009397,-0.7887925643887428,855,0.1672514619883041,0.2912280701754386,0.5415204678362573,0.3538011695906433
15m,oos,rsi_slope_14_5,Q3,3,-0.7887791268912068,9.796969384336222,856,0.12850467289719625,0.32242990654205606,0.5490654205607477,0.3726635514018692
15m,oos,zone_width_atr,Q1,1,0.1858388273382489,0.8579247181832654,856,0.07476635514018691,0.2897196261682243,0.6355140186915887,0.5887850467289719
15m,oos,zone_width_atr,Q2,2,0.8581864703200195,1.0847950658685273,855,0.1415204678362573,0.3298245614035088,0.5286549707602339,0.3216374269005848
15m,oos,zone_width_atr,Q3,3,1.0850276093706632,1.2797818325592267,856,0.20677570093457945,0.3014018691588785,0.49182242990654207,0.22955607476635514
15m,oos,freshness_bars,Q1,1,1.0,44.0,860,0.17209302325581396,0.3209302325581395,0.5069767441860465,0.26744186046511625
15m,oos,freshness_bars,Q2,2,45.0,212.0,856,0.15070093457943926,0.3107476635514019,0.5385514018691588,0.3463785046728972
15m,oos,freshness_bars,Q3,3,213.0,92762.0,851,0.099882491186839,0.2890716803760282,0.6110458284371327,0.5276145710928319
15m,oos,prior_taps,Q1,1,0.0,1.0,2210,0.13891402714932127,0.3085972850678733,0.5524886877828055,0.38122171945701355
15m,oos,prior_taps,Q2,2,2.0,10.0,357,0.15406162464985995,0.2969187675070028,0.5490196078431373,0.37254901960784315
15m,oos,approach_mom,Q1,1,-7.767060902487414,-2.2745735751438407,856,0.10630841121495327,0.2850467289719626,0.6086448598130841,0.5216121495327103
15m,oos,approach_mom,Q2,2,-2.2727004073319312,-1.1556838671914538,855,0.16023391812865498,0.3333333333333333,0.5064327485380117,0.26608187134502925
15m,oos,approach_mom,Q3,3,-1.1549321688067802,2.5207159939253163,856,0.15654205607476634,0.30257009345794394,0.5408878504672897,0.3522196261682243
15m,oos,tap_rsi,Q1,1,8.964454536409718,33.63356929769739,856,0.08995327102803738,0.26985981308411217,0.6401869158878505,0.6004672897196262
15m,oos,tap_rsi,Q2,2,33.639462130365715,41.13806577645022,855,0.15321637426900586,0.3309941520467836,0.5157894736842106,0.2894736842105263
15m,oos,tap_rsi,Q3,3,41.145404588377474,70.2081671056839,856,0.17990654205607476,0.32009345794392524,0.5,0.25
15m,oos,stop_width_frac,Q1,1,0.003002755813541925,0.004259928732094741,856,0.12733644859813084,0.3142523364485981,0.5584112149532711,0.39602803738317754
15m,oos,stop_width_frac,Q2,2,0.004261906523416129,0.006147951501338576,855,0.14385964912280702,0.32397660818713453,0.5321637426900585,0.3304093567251462
15m,oos,stop_width_frac,Q3,3,0.006148312093805324,0.03197871587816928,856,0.15186915887850466,0.2827102803738318,0.5654205607476636,0.4135514018691589
15m,oos,stop_width_atr,Q1,1,0.19301321060770715,0.835463861148988,856,0.06775700934579439,0.2897196261682243,0.6425233644859814,0.6063084112149533
15m,oos,stop_width_atr,Q2,2,0.8363441204768578,1.07501314278717,855,0.14502923976608187,0.3298245614035088,0.5251461988304094,0.3128654970760234
15m,oos,stop_width_atr,Q3,3,1.0752710801412482,1.3432201642588,856,0.2102803738317757,0.3014018691588785,0.4883177570093458,0.2207943925233645
15m,oos,rsi_ema_slope,Q1,1,-4.561728403334946,-1.5217270645080916,856,0.12266355140186916,0.29439252336448596,0.5829439252336449,0.45735981308411217
15m,oos,rsi_ema_slope,Q2,2,-1.516774428284407,-0.7847089044694044,855,0.14619883040935672,0.312280701754386,0.5415204678362573,0.3538011695906433
15m,oos,rsi_ema_slope,Q3,3,-0.7844820539704642,1.8638671001709,856,0.1542056074766355,0.3142523364485981,0.5315420560747663,0.32885514018691586
15m,oos,rsi_ema_curv,Q1,1,-4.18033703237387,-0.5696997627169011,856,0.12266355140186916,0.3072429906542056,0.5700934579439252,0.4252336448598131
15m,oos,rsi_ema_curv,Q2,2,-0.5691727979262708,-0.12142560575433237,855,0.13216374269005848,0.3157894736842105,0.552046783625731,0.38011695906432746
15m,oos,rsi_ema_curv,Q3,3,-0.1202716489957183,1.901002269265355,856,0.16822429906542055,0.29789719626168226,0.5338785046728972,0.334696261682243
15m,oos,rsi_ema_death_shape,Q1,1,0.0,1.0,2567,0.14102064666926373,0.3069731203739774,0.5520062329567589,0.38001558239189714
1h,is,trend_dev,Q1,1,-0.6055235490192896,-0.03226681347479754,483,0.11594202898550725,0.2318840579710145,0.6521739130434783,0.6304347826086957
1h,is,trend_dev,Q2,2,-0.03213089659794399,0.0032337676011517935,482,0.1037344398340249,0.31742738589211617,0.578838174273859,0.4470954356846473
1h,is,trend_dev,Q3,3,0.003330601340781447,0.27747119057889713,483,0.09523809523809523,0.28778467908902694,0.6169772256728778,0.5424430641821946
1h,is,volume_pctl,Q1,1,0.0,0.39357429718875503,483,0.12008281573498965,0.2857142857142857,0.5942028985507246,0.4855072463768116
1h,is,volume_pctl,Q2,2,0.3938053097345133,0.7132616487455197,482,0.0912863070539419,0.2800829875518672,0.6286307053941909,0.5715767634854771
1h,is,volume_pctl,Q3,3,0.7136929460580913,1.0,483,0.10351966873706005,0.2712215320910973,0.6252587991718427,0.5631469979296067
1h,is,vol_balance,Q1,1,0.00557840443256009,0.22249491729754933,483,0.08695652173913043,0.2836438923395445,0.629399585921325,0.5734989648033126
1h,is,vol_balance,Q2,2,0.22254426841803682,0.3573171341280936,482,0.12448132780082988,0.2717842323651452,0.6037344398340249,0.5093360995850622
1h,is,vol_balance,Q3,3,0.3582711985929266,0.9777388315104428,483,0.10351966873706005,0.2815734989648033,0.6149068322981367,0.5372670807453416
1h,is,rsi_slope_5_3,Q1,1,-21.154380801475938,-5.066478962136259,483,0.09109730848861283,0.2857142857142857,0.6231884057971014,0.5579710144927537
1h,is,rsi_slope_5_3,Q2,2,-5.063459970634291,-1.2502932304081469,482,0.12448132780082988,0.2717842323651452,0.6037344398340249,0.5093360995850622
1h,is,rsi_slope_5_3,Q3,3,-1.2461683147610145,9.811046636034355,483,0.09937888198757763,0.2795031055900621,0.6211180124223602,0.5527950310559007
1h,is,rsi_slope_10_5,Q1,1,-18.425013874961692,-5.067470712728223,483,0.10144927536231885,0.2939958592132505,0.6045548654244306,0.5113871635610766
1h,is,rsi_slope_10_5,Q2,2,-5.066894930452712,-0.9817401414872435,482,0.10580912863070539,0.3070539419087137,0.5871369294605809,0.4678423236514523
1h,is,rsi_slope_10_5,Q3,3,-0.9749073894609879,10.379365910829435,483,0.10766045548654245,0.2360248447204969,0.6563146997929606,0.6407867494824017
1h,is,rsi_slope_14_5,Q1,1,-15.636997350878843,-4.063040513598992,483,0.10144927536231885,0.2691511387163561,0.629399585921325,0.5734989648033126
1h,is,rsi_slope_14_5,Q2,2,-4.0602168760579005,-0.759221233518069,482,0.0995850622406639,0.32987551867219916,0.5705394190871369,0.4263485477178423
1h,is,rsi_slope_14_5,Q3,3,-0.7554339163502135,8.028840267560824,483,0.11387163561076605,0.23809523809523808,0.6480331262939959,0.6200828157349897
1h,is,zone_width_atr,Q1,1,0.09541181439591237,0.8188925832230853,483,0.039337474120082816,0.2070393374741201,0.7536231884057971,0.8840579710144928
1h,is,zone_width_atr,Q2,2,0.8196400747437949,1.0654285413820321,482,0.12863070539419086,0.31742738589211617,0.553941908713693,0.3848547717842324
1h,is,zone_width_atr,Q3,3,1.065505938487731,1.279949819555948,483,0.14699792960662525,0.31262939958592134,0.5403726708074534,0.35093167701863354
1h,is,freshness_bars,Q1,1,1.0,30.0,487,0.11704312114989733,0.33675564681724846,0.5462012320328542,0.3655030800821355
1h,is,freshness_bars,Q2,2,31.0,111.0,478,0.11506276150627615,0.27405857740585776,0.6108786610878661,0.5271966527196653
1h,is,freshness_bars,Q3,3,112.0,17460.0,483,0.08281573498964803,0.22567287784679088,0.6915113871635611,0.7287784679089027
1h,is,prior_taps,Q1,1,0.0,9.0,1448,0.10497237569060773,0.27900552486187846,0.6160220994475138,0.5400552486187845
1h,is,approach_mom,Q1,1,-6.754159988743459,-1.9309660551560635,483,0.09316770186335403,0.2629399585921325,0.6438923395445134,0.6097308488612836
1h,is,approach_mom,Q2,2,-1.9303687283678252,-0.8258670132412882,482,0.11410788381742738,0.2863070539419087,0.5995850622406639,0.49896265560165975
1h,is,approach_mom,Q3,3,-0.817204533982465,4.872928091983983,483,0.10766045548654245,0.28778467908902694,0.6045548654244306,0.5113871635610766
1h,is,tap_rsi,Q1,1,9.227533969248995,35.06385090521347,483,0.09316770186335403,0.2153209109730849,0.6915113871635611,0.7287784679089027
1h,is,tap_rsi,Q2,2,35.12038733551525,43.164716922339856,482,0.10995850622406639,0.3091286307053942,0.5809128630705395,0.45228215767634855
1h,is,tap_rsi,Q3,3,43.184189950659764,77.7969367950735,483,0.11180124223602485,0.31262939958592134,0.5755693581780539,0.4389233954451346
1h,is,stop_width_frac,Q1,1,0.0030440828403806752,0.00865617592453181,483,0.049689440993788817,0.2815734989648033,0.6687370600414079,0.6718426501035196
1h,is,stop_width_frac,Q2,2,0.008658514784707264,0.014556952256170255,482,0.12033195020746888,0.26348547717842324,0.6161825726141079,0.5404564315352697
1h,is,stop_width_frac,Q3,3,0.014558924512234837,0.10867149583043129,483,0.14492753623188406,0.2919254658385093,0.5631469979296067,0.4078674948240166
1h,is,stop_width_atr,Q1,1,0.10000418947667378,0.7565272464929501,483,0.037267080745341616,0.19668737060041408,0.7660455486542443,0.9151138716356108
1h,is,stop_width_atr,Q2,2,0.7577240494011888,1.0180100074502136,482,0.11618257261410789,0.31742738589211617,0.5663900414937759,0.41597510373443985
1h,is,stop_width_atr,Q3,3,1.018102140466598,1.3206404039718087,483,0.16149068322981366,0.32298136645962733,0.515527950310559,0.2888198757763975
1h,is,rsi_ema_slope,Q1,1,-5.6181007797431874,-1.3970727131219292,483,0.09523809523809523,0.28778467908902694,0.6169772256728778,0.5424430641821946
1h,is,rsi_ema_slope,Q2,2,-1.3964953040814052,-0.6770015349320744,482,0.12863070539419086,0.26141078838174275,0.6099585062240664,0.524896265560166
1h,is,rsi_ema_slope,Q3,3,-0.6757073272837602,2.8996181754813577,483,0.09109730848861283,0.28778467908902694,0.6211180124223602,0.5527950310559007
1h,is,rsi_ema_curv,Q1,1,-5.3678584540980125,-0.5972223815703899,483,0.09937888198757763,0.2691511387163561,0.6314699792960663,0.5786749482401656
1h,is,rsi_ema_curv,Q2,2,-0.5964467469667056,-0.10753561023332026,482,0.1016597510373444,0.2842323651452282,0.6141078838174274,0.5352697095435685
1h,is,rsi_ema_curv,Q3,3,-0.10715305716045975,3.8869290483959418,483,0.11387163561076605,0.2836438923395445,0.6024844720496895,0.5062111801242236
1h,is,rsi_ema_death_shape,Q1,1,0.0,1.0,1448,0.10497237569060773,0.27900552486187846,0.6160220994475138,0.5400552486187845
1h,oos,trend_dev,Q1,1,-0.29227817502342546,-0.03036909197251958,257,0.10505836575875487,0.2490272373540856,0.6459143968871596,0.6147859922178989
1h,oos,trend_dev,Q2,2,-0.030298243918864376,-0.0009164999961206455,256,0.19140625,0.3203125,0.48828125,0.220703125
1h,oos,trend_dev,Q3,3,-0.000859662643598047,0.16365585141139483,256,0.125,0.36328125,0.51171875,0.279296875
1h,oos,volume_pctl,Q1,1,0.0,0.24675324675324675,257,0.13618677042801555,0.3346303501945525,0.5291828793774319,0.3229571984435798
1h,oos,volume_pctl,Q2,2,0.24778761061946902,0.5643153526970954,256,0.1484375,0.31640625,0.53515625,0.337890625
1h,oos,volume_pctl,Q3,3,0.5652173913043478,1.0,256,0.13671875,0.28125,0.58203125,0.455078125
1h,oos,vol_balance,Q1,1,0.01169117245446802,0.2049533144765259,257,0.10505836575875487,0.29571984435797666,0.5992217898832685,0.4980544747081712
1h,oos,vol_balance,Q2,2,0.20586995936534247,0.3537307838255073,256,0.15234375,0.31640625,0.53125,0.328125
1h,oos,vol_balance,Q3,3,0.35397376228074934,0.9999926626718032,256,0.1640625,0.3203125,0.515625,0.2890625
1h,oos,rsi_slope_5_3,Q1,1,-21.69129688300699,-5.098397701482995,257,0.14785992217898833,0.3229571984435798,0.5291828793774319,0.3229571984435798
1h,oos,rsi_slope_5_3,Q2,2,-5.093331510980221,-1.1383805733142012,256,0.1328125,0.3359375,0.53125,0.328125
1h,oos,rsi_slope_5_3,Q3,3,-1.1176144190154673,10.764790596681848,256,0.140625,0.2734375,0.5859375,0.46484375
1h,oos,rsi_slope_10_5,Q1,1,-22.450382719861096,-4.593342160908449,257,0.1517509727626459,0.2607003891050584,0.5875486381322957,0.4688715953307393
1h,oos,rsi_slope_10_5,Q2,2,-4.582488418418482,-0.6736552671353095,256,0.14453125,0.359375,0.49609375,0.240234375
1h,oos,rsi_slope_10_5,Q3,3,-0.6488998911966988,11.315554762809356,256,0.125,0.3125,0.5625,0.40625
1h,oos,rsi_slope_14_5,Q1,1,-12.5698090901111,-3.7150928835084045,257,0.13618677042801555,0.2723735408560311,0.5914396887159533,0.4785992217898833
1h,oos,rsi_slope_14_5,Q2,2,-3.6815992540124043,-0.6085659693542169,256,0.171875,0.32421875,0.50390625,0.259765625
1h,oos,rsi_slope_14_5,Q3,3,-0.5972051166137717,9.630644985501647,256,0.11328125,0.3359375,0.55078125,0.376953125
1h,oos,zone_width_atr,Q1,1,0.2315656469356457,0.8035539458645662,257,0.07003891050583658,0.245136186770428,0.6848249027237354,0.7120622568093385
1h,oos,zone_width_atr,Q2,2,0.8038003681741337,1.0580193598431256,256,0.15625,0.375,0.46875,0.171875
1h,oos,zone_width_atr,Q3,3,1.0595601790568108,1.2788208713803302,256,0.1953125,0.3125,0.4921875,0.23046875
1h,oos,freshness_bars,Q1,1,1.0,35.0,257,0.17509727626459143,0.3657587548638132,0.4591439688715953,0.14785992217898833
1h,oos,freshness_bars,Q2,2,36.0,145.0,257,0.15953307392996108,0.3229571984435798,0.5175097276264592,0.29377431906614787
1h,oos,freshness_bars,Q3,3,146.0,23637.0,255,0.08627450980392157,0.24313725490196078,0.6705882352941176,0.6764705882352942
1h,oos,prior_taps,Q1,1,0.0,1.0,656,0.13871951219512196,0.3125,0.5487804878048781,0.3719512195121951
1h,oos,prior_taps,Q2,2,2.0,13.0,113,0.1504424778761062,0.3008849557522124,0.5486725663716814,0.37168141592920356
1h,oos,approach_mom,Q1,1,-6.905180417157858,-2.0106494755425923,257,0.1245136186770428,0.311284046692607,0.5642023346303502,0.41050583657587547
1h,oos,approach_mom,Q2,2,-2.001232196026767,-0.9308494554415806,256,0.125,0.3203125,0.5546875,0.38671875
1h,oos,approach_mom,Q3,3,-0.9304034369249711,2.840890230169484,256,0.171875,0.30078125,0.52734375,0.318359375
1h,oos,tap_rsi,Q1,1,11.450327068487937,34.45337426950654,257,0.10116731517509728,0.2607003891050584,0.6381322957198443,0.5953307392996109
1h,oos,tap_rsi,Q2,2,34.542841089107895,42.49371878824676,256,0.1640625,0.30078125,0.53515625,0.337890625
1h,oos,tap_rsi,Q3,3,42.49718773574026,72.33990049877177,256,0.15625,0.37109375,0.47265625,0.181640625
1h,oos,stop_width_frac,Q1,1,0.0030516257349589683,0.006736593060791627,257,0.12840466926070038,0.311284046692607,0.5603112840466926,0.40077821011673154
1h,oos,stop_width_frac,Q2,2,0.0067377660336181405,0.011007941959028282,256,0.16796875,0.33203125,0.5,0.25
1h,oos,stop_width_frac,Q3,3,0.01102022080709091,0.06524466355417263,256,0.125,0.2890625,0.5859375,0.46484375
1h,oos,stop_width_atr,Q1,1,0.13313310084822944,0.7532972955192168,257,0.0622568093385214,0.2723735408560311,0.6653696498054474,0.6634241245136187
1h,oos,stop_width_atr,Q2,2,0.7534419250551148,1.0206299871987543,256,0.16796875,0.3046875,0.52734375,0.318359375
1h,oos,stop_width_atr,Q3,3,1.0234214396259376,1.3343844940915937,256,0.19140625,0.35546875,0.453125,0.1328125
1h,oos,rsi_ema_slope,Q1,1,-4.22263856030041,-1.38319250710272,257,0.14396887159533073,0.3424124513618677,0.5136186770428015,0.2840466926070039
1h,oos,rsi_ema_slope,Q2,2,-1.3817917058923754,-0.6319022975205328,256,0.12890625,0.29296875,0.578125,0.4453125
1h,oos,rsi_ema_slope,Q3,3,-0.6293074665964582,2.7516362274660224,256,0.1484375,0.296875,0.5546875,0.38671875
1h,oos,rsi_ema_curv,Q1,1,-3.4081063063527353,-0.5584261216891733,257,0.12840466926070038,0.31906614785992216,0.5525291828793775,0.38132295719844356
1h,oos,rsi_ema_curv,Q2,2,-0.5511971194209337,-0.08225521614203046,256,0.1328125,0.265625,0.6015625,0.50390625
1h,oos,rsi_ema_curv,Q3,3,-0.08222590946397901,1.9617246092048148,256,0.16015625,0.34765625,0.4921875,0.23046875
1h,oos,rsi_ema_death_shape,Q1,1,0.0,1.0,769,0.14044213263979194,0.3107932379713914,0.5487646293888166,0.3719115734720416
4h,is,trend_dev,Q1,1,-0.584740492824806,-0.08597094351789147,115,0.11304347826086956,0.3130434782608696,0.5739130434782609,0.43478260869565216
4h,is,trend_dev,Q2,2,-0.08550218196684412,-0.004083806030499959,114,0.13157894736842105,0.21929824561403508,0.6491228070175439,0.6228070175438597
4h,is,trend_dev,Q3,3,-0.003824553980836698,0.8075137285170007,115,0.08695652173913043,0.23478260869565218,0.6782608695652174,0.6956521739130435
4h,is,volume_pctl,Q1,1,0.0,0.38333333333333336,115,0.08695652173913043,0.2956521739130435,0.6173913043478261,0.5434782608695652
4h,is,volume_pctl,Q2,2,0.38596491228070173,0.7017543859649122,114,0.10526315789473684,0.24561403508771928,0.6491228070175439,0.6228070175438597
4h,is,volume_pctl,Q3,3,0.7058823529411765,1.0,115,0.1391304347826087,0.22608695652173913,0.6347826086956522,0.5869565217391305
4h,is,vol_balance,Q1,1,0.013513071773488174,0.22963083065761894,115,0.1565217391304348,0.28695652173913044,0.5565217391304348,0.391304347826087
4h,is,vol_balance,Q2,2,0.23230363487817898,0.3993530073605507,114,0.08771929824561403,0.23684210526315788,0.6754385964912281,0.6885964912280702
4h,is,vol_balance,Q3,3,0.3994644441940494,0.9668348012122888,115,0.08695652173913043,0.24347826086956523,0.6695652173913044,0.6739130434782609
4h,is,rsi_slope_5_3,Q1,1,-17.11236045437952,-5.5511066412451555,115,0.043478260869565216,0.24347826086956523,0.7130434782608696,0.782608695652174
4h,is,rsi_slope_5_3,Q2,2,-5.45190022523159,-1.942628887044549,114,0.13157894736842105,0.2543859649122807,0.6140350877192983,0.5350877192982456
4h,is,rsi_slope_5_3,Q3,3,-1.9283926280775177,7.769945367759128,115,0.1565217391304348,0.26956521739130435,0.5739130434782609,0.43478260869565216
4h,is,rsi_slope_10_5,Q1,1,-18.48564342349954,-5.463293007976283,115,0.0782608695652174,0.2608695652173913,0.6608695652173913,0.6521739130434783
4h,is,rsi_slope_10_5,Q2,2,-5.403868248194996,-1.3890525276615975,114,0.07894736842105263,0.2631578947368421,0.6578947368421053,0.6447368421052632
4h,is,rsi_slope_10_5,Q3,3,-1.3257519336460817,7.811236854358867,115,0.17391304347826086,0.24347826086956523,0.5826086956521739,0.45652173913043476
4h,is,rsi_slope_14_5,Q1,1,-14.357141581867324,-4.860318799877717,115,0.0782608695652174,0.2608695652173913,0.6608695652173913,0.6521739130434783
4h,is,rsi_slope_14_5,Q2,2,-4.832983089361626,-1.0322010599807427,114,0.09649122807017543,0.2631578947368421,0.6403508771929824,0.6008771929824561
4h,is,rsi_slope_14_5,Q3,3,-1.0169497386572033,8.041637561223574,115,0.1565217391304348,0.24347826086956523,0.6,0.5
4h,is,zone_width_atr,Q1,1,0.13022278649007007,0.8086420339582527,115,0.06956521739130435,0.20869565217391303,0.7217391304347827,0.8043478260869565
4h,is,zone_width_atr,Q2,2,0.8151602930537697,1.0382908232482901,114,0.13157894736842105,0.2807017543859649,0.5877192982456141,0.4692982456140351
4h,is,zone_width_atr,Q3,3,1.0396669001106238,1.2790502777267574,115,0.13043478260869565,0.2782608695652174,0.591304347826087,0.4782608695652174
4h,is,freshness_bars,Q1,1,1.0,37.0,117,0.13675213675213677,0.23931623931623933,0.6239316239316239,0.5598290598290598
4h,is,freshness_bars,Q2,2,38.0,153.0,112,0.08035714285714286,0.25892857142857145,0.6607142857142857,0.6517857142857143
4h,is,freshness_bars,Q3,3,156.0,4072.0,115,0.11304347826086956,0.26956521739130435,0.6173913043478261,0.5434782608695652
4h,is,prior_taps,Q1,1,0.0,8.0,344,0.11046511627906977,0.2558139534883721,0.6337209302325582,0.5843023255813954
4h,is,approach_mom,Q1,1,-5.141598807092091,-1.9994323109527374,115,0.0782608695652174,0.2782608695652174,0.6434782608695652,0.6086956521739131
4h,is,approach_mom,Q2,2,-1.9743885959087928,-0.9794197897162471,114,0.12280701754385964,0.2807017543859649,0.5964912280701754,0.49122807017543857
4h,is,approach_mom,Q3,3,-0.9749895765244969,1.9050535641484763,115,0.13043478260869565,0.20869565217391303,0.6608695652173913,0.6521739130434783
4h,is,tap_rsi,Q1,1,11.634257452126732,32.44850988205624,115,0.06086956521739131,0.2782608695652174,0.6608695652173913,0.6521739130434783
4h,is,tap_rsi,Q2,2,32.564936301901895,41.327064004143686,114,0.20175438596491227,0.2543859649122807,0.543859649122807,0.35964912280701755
4h,is,tap_rsi,Q3,3,41.36140952827278,69.68823555338763,115,0.06956521739130435,0.23478260869565218,0.6956521739130435,0.7391304347826086
4h,is,stop_width_frac,Q1,1,0.0031851713478235565,0.018940405590667272,115,0.09565217391304348,0.22608695652173913,0.6782608695652174,0.6956521739130435
4h,is,stop_width_frac,Q2,2,0.019036602000981593,0.030290142067786397,114,0.16666666666666666,0.20175438596491227,0.631578947368421,0.5789473684210527
4h,is,stop_width_frac,Q3,3,0.030408057432221493,0.15167555083999243,115,0.06956521739130435,0.3391304347826087,0.591304347826087,0.4782608695652174
4h,is,stop_width_atr,Q1,1,0.1310478968407788,0.7350620086334662,115,0.0782608695652174,0.2,0.7217391304347827,0.8043478260869565
4h,is,stop_width_atr,Q2,2,0.737744628238001,0.9885839801214175,114,0.10526315789473684,0.2631578947368421,0.631578947368421,0.5789473684210527
4h,is,stop_width_atr,Q3,3,0.9956279116768342,1.2888450892400323,115,0.14782608695652175,0.30434782608695654,0.5478260869565217,0.3695652173913043
4h,is,rsi_ema_slope,Q1,1,-3.6920408219279963,-1.5291170885947807,115,0.06086956521739131,0.26956521739130435,0.6695652173913044,0.6739130434782609
4h,is,rsi_ema_slope,Q2,2,-1.5122123913880614,-0.7544018011116975,114,0.11403508771929824,0.23684210526315788,0.6491228070175439,0.6228070175438597
4h,is,rsi_ema_slope,Q3,3,-0.7536536481392915,1.4335623585061796,115,0.1565217391304348,0.2608695652173913,0.5826086956521739,0.45652173913043476
4h,is,rsi_ema_curv,Q1,1,-3.7969543893971007,-0.5260966498900217,115,0.10434782608695652,0.2608695652173913,0.6347826086956522,0.5869565217391305
4h,is,rsi_ema_curv,Q2,2,-0.5211432998990233,-0.034211121454035265,114,0.13157894736842105,0.2719298245614035,0.5964912280701754,0.49122807017543857
4h,is,rsi_ema_curv,Q3,3,-0.02442617756041443,1.2507348451632367,115,0.09565217391304348,0.23478260869565218,0.6695652173913044,0.6739130434782609
4h,is,rsi_ema_death_shape,Q1,1,0.0,1.0,344,0.11046511627906977,0.2558139534883721,0.6337209302325582,0.5843023255813954
4h,oos,trend_dev,Q1,1,-0.3537705423972859,-0.06980804997042478,72,0.09722222222222222,0.2777777777777778,0.625,0.5625
4h,oos,trend_dev,Q2,2,-0.06934981744739255,-0.011106515469285538,71,0.15492957746478872,0.3380281690140845,0.5070422535211268,0.2676056338028169
4h,oos,trend_dev,Q3,3,-0.010724002518461395,0.31570674015038946,72,0.09722222222222222,0.3194444444444444,0.5833333333333334,0.4583333333333333
4h,oos,volume_pctl,Q1,1,0.0,0.24,72,0.1111111111111111,0.3888888888888889,0.5,0.25
4h,oos,volume_pctl,Q2,2,0.2413793103448276,0.5733333333333334,71,0.08450704225352113,0.2676056338028169,0.647887323943662,0.6197183098591549
4h,oos,volume_pctl,Q3,3,0.5769230769230769,1.0,72,0.1527777777777778,0.2777777777777778,0.5694444444444444,0.4236111111111111
4h,oos,vol_balance,Q1,1,0.05074611702414416,0.255303964920346,73,0.0821917808219178,0.2602739726027397,0.6575342465753424,0.6438356164383562
4h,oos,vol_balance,Q2,2,0.258622237857107,0.3729771596240707,71,0.11267605633802817,0.28169014084507044,0.6056338028169014,0.5140845070422535
4h,oos,vol_balance,Q3,3,0.37298947563567936,0.9299902357248194,71,0.15492957746478872,0.39436619718309857,0.4507042253521127,0.1267605633802817
4h,oos,rsi_slope_5_3,Q1,1,-22.439672196858957,-5.617187355326756,72,0.09722222222222222,0.2777777777777778,0.625,0.5625
4h,oos,rsi_slope_5_3,Q2,2,-5.5769355964821585,-1.9856569469623508,71,0.1267605633802817,0.2676056338028169,0.6056338028169014,0.5140845070422535
4h,oos,rsi_slope_5_3,Q3,3,-1.8747579505759475,6.203594008988617,72,0.125,0.3888888888888889,0.4861111111111111,0.2152777777777778
4h,oos,rsi_slope_10_5,Q1,1,-17.530435703401814,-6.5288593433438535,72,0.05555555555555555,0.2916666666666667,0.6527777777777778,0.6319444444444444
4h,oos,rsi_slope_10_5,Q2,2,-6.502895112184731,-1.9844199308757098,71,0.14084507042253522,0.30985915492957744,0.5492957746478874,0.3732394366197183
4h,oos,rsi_slope_10_5,Q3,3,-1.979915878926981,10.638157702494212,72,0.1527777777777778,0.3333333333333333,0.5138888888888888,0.2847222222222222
4h,oos,rsi_slope_14_5,Q1,1,-14.159207608611453,-5.3698631815279185,72,0.06944444444444445,0.3055555555555556,0.625,0.5625
4h,oos,rsi_slope_14_5,Q2,2,-5.3664245498663306,-1.4765693793624095,71,0.14084507042253522,0.30985915492957744,0.5492957746478874,0.3732394366197183
4h,oos,rsi_slope_14_5,Q3,3,-1.4531078907431763,7.717966140777527,72,0.1388888888888889,0.3194444444444444,0.5416666666666666,0.3541666666666667
4h,oos,zone_width_atr,Q1,1,0.24453748224410835,0.8373745275872806,72,0.041666666666666664,0.3333333333333333,0.625,0.5625
4h,oos,zone_width_atr,Q2,2,0.8373796076981875,1.0615126625375582,71,0.09859154929577464,0.36619718309859156,0.5352112676056338,0.3380281690140845
4h,oos,zone_width_atr,Q3,3,1.0649916874705982,1.2793987972254308,72,0.20833333333333334,0.2361111111111111,0.5555555555555556,0.3888888888888889
4h,oos,freshness_bars,Q1,1,1.0,28.0,72,0.06944444444444445,0.2916666666666667,0.6388888888888888,0.5972222222222222
4h,oos,freshness_bars,Q2,2,29.0,135.0,71,0.14084507042253522,0.4084507042253521,0.4507042253521127,0.1267605633802817
4h,oos,freshness_bars,Q3,3,168.0,5502.0,72,0.1388888888888889,0.2361111111111111,0.625,0.5625
4h,oos,prior_taps,Q1,1,0.0,5.0,215,0.11627906976744186,0.3116279069767442,0.5720930232558139,0.43023255813953487
4h,oos,approach_mom,Q1,1,-5.170088424068598,-2.250533186006969,72,0.09722222222222222,0.2361111111111111,0.6666666666666666,0.6666666666666666
4h,oos,approach_mom,Q2,2,-2.234625034754982,-1.051106405628219,71,0.14084507042253522,0.323943661971831,0.5352112676056338,0.3380281690140845
4h,oos,approach_mom,Q3,3,-1.0337177312462331,1.3164566896008227,72,0.1111111111111111,0.375,0.5138888888888888,0.2847222222222222
4h,oos,tap_rsi,Q1,1,11.71894997641212,33.67613837604647,72,0.08333333333333333,0.2638888888888889,0.6527777777777778,0.6319444444444444
4h,oos,tap_rsi,Q2,2,33.72848426290794,41.89087146374276,71,0.19718309859154928,0.36619718309859156,0.43661971830985913,0.09154929577464789
4h,oos,tap_rsi,Q3,3,42.14768392301619,60.95223135166426,72,0.06944444444444445,0.3055555555555556,0.625,0.5625
4h,oos,stop_width_frac,Q1,1,0.0036631393119408106,0.014691950099506811,72,0.125,0.3333333333333333,0.5416666666666666,0.3541666666666667
4h,oos,stop_width_frac,Q2,2,0.014795832895543492,0.022542048602649214,71,0.09859154929577464,0.3380281690140845,0.5633802816901409,0.4084507042253521
4h,oos,stop_width_frac,Q3,3,0.022930103416932083,0.05332456550744764,72,0.125,0.2638888888888889,0.6111111111111112,0.5277777777777778
4h,oos,stop_width_atr,Q1,1,0.11174159655036844,0.7843212318862269,72,0.06944444444444445,0.2361111111111111,0.6944444444444444,0.7361111111111112
4h,oos,stop_width_atr,Q2,2,0.7865330941698475,0.9830345438440211,71,0.09859154929577464,0.38028169014084506,0.5211267605633803,0.3028169014084507
4h,oos,stop_width_atr,Q3,3,0.9850511774781975,1.2899811612164147,72,0.18055555555555555,0.3194444444444444,0.5,0.25
4h,oos,rsi_ema_slope,Q1,1,-3.9007243819131645,-1.5708529370218187,72,0.05555555555555555,0.2916666666666667,0.6527777777777778,0.6319444444444444
4h,oos,rsi_ema_slope,Q2,2,-1.558630616083434,-0.9471468245336041,71,0.14084507042253522,0.29577464788732394,0.5633802816901409,0.4084507042253521
4h,oos,rsi_ema_slope,Q3,3,-0.938267923318822,1.2412520850641684,72,0.1527777777777778,0.3472222222222222,0.5,0.25
4h,oos,rsi_ema_curv,Q1,1,-2.139390879618219,-0.4703004472544805,72,0.05555555555555555,0.3055555555555556,0.6388888888888888,0.5972222222222222
4h,oos,rsi_ema_curv,Q2,2,-0.4689709289085968,-0.05690462767408633,71,0.16901408450704225,0.28169014084507044,0.5492957746478874,0.3732394366197183
4h,oos,rsi_ema_curv,Q3,3,-0.05666098683871468,0.8849264035312743,72,0.125,0.3472222222222222,0.5277777777777778,0.3194444444444444
4h,oos,rsi_ema_death_shape,Q1,1,0.0,1.0,215,0.11627906976744186,0.3116279069767442,0.5720930232558139,0.43023255813953487
