symbol,timeframe,segment,window,entry_mode,take_profit_r,offset_bps,retap_mode,position_mode,portfolio_leverage,fill,seed,start_time,end_time,num_bars,num_trades,win_rate,total_return,max_drawdown,sharpe,profit_factor,mean_r,fill_rate,eligible_setups,num_filled,funding_coverage,level
BTC/USDT:USDT,1h,is,0,zone_limit,1.5,2.0,once,single,,baseline,0,1689292800000,1752476400000,17552,173,0.4624277456647399,-0.0264610157528455,0.1429699757152893,-0.9411288898415398,0.969051457528686,0.1560693641618497,1.0,191,191,1.0,L0
BTC/USDT:USDT,1h,is,0,zone_limit,1.5,2.0,every_tap,single,,baseline,0,1689292800000,1752476400000,17552,221,0.4705882352941176,0.009429546246229,0.1354672161607586,0.8638213709312157,1.0088255897980805,0.1764705882352941,1.0,375,375,1.0,L0r
BTC/USDT:USDT,1h,is,0,zone_limit,1.5,2.0,every_tap,single,,baseline,0,1689292800000,1752476400000,17552,192,0.46875,-0.0023851843272888,0.1314687696761642,0.3701946897031642,0.9974538046768237,0.171875,0.6293333333333333,375,236,1.0,L1
BTC/USDT:USDT,1h,is,0,zone_limit,1.5,2.0,every_tap,single,,baseline,0,1689292800000,1752476400000,17552,139,0.460431654676259,-0.0109117109908183,0.1174536355970476,-0.2225731365514687,0.9841864210064534,0.1510791366906475,0.4875346260387811,361,176,1.0,L2
BTC/USDT:USDT,1h,is,0,zone_limit,1.5,2.0,every_tap,single,,baseline,0,1689292800000,1752476400000,17552,159,0.4842767295597484,0.0542585491970803,0.1239321935810007,3.5040037707467167,1.0699643437881623,0.210691823899371,0.7617728531855956,361,275,1.0,L2u
BTC/USDT:USDT,1h,oos,0,zone_limit,1.5,2.0,once,single,,baseline,0,1752480000000,1784070000000,8776,99,0.4646464646464646,0.0164658400219981,0.1272564119485305,1.9670972146305676,1.0332782798791136,0.1616161616161616,1.0,109,109,1.0,L0
BTC/USDT:USDT,1h,oos,0,zone_limit,1.5,2.0,every_tap,single,,baseline,0,1752480000000,1784070000000,8776,125,0.504,0.0941937782830145,0.101538352736989,7.038988335701902,1.1561127252298316,0.26,1.0,252,252,1.0,L0r
BTC/USDT:USDT,1h,oos,0,zone_limit,1.5,2.0,every_tap,single,,baseline,0,1752480000000,1784070000000,8776,111,0.4774774774774775,0.0485237824350109,0.1034328048860724,4.283985569246954,1.0874590875979575,0.1936936936936936,0.5873015873015873,252,148,1.0,L1
BTC/USDT:USDT,1h,oos,0,zone_limit,1.5,2.0,every_tap,single,,baseline,0,1752480000000,1784070000000,8776,74,0.4864864864864865,0.0544477716623892,0.0644277319143824,6.696670847135115,1.1460500730267351,0.2162162162162162,0.4326530612244898,245,106,1.0,L2
BTC/USDT:USDT,1h,oos,0,zone_limit,1.5,2.0,every_tap,single,,baseline,0,1752480000000,1784070000000,8776,86,0.5,0.0874599550898185,0.0633480922983084,8.973307395469886,1.2043801864099466,0.25,0.6938775510204082,245,170,1.0,L2u
ETH/USDT:USDT,1h,is,0,zone_limit,1.5,2.0,once,single,,baseline,0,1689292800000,1752476400000,17552,184,0.5163043478260869,0.3170637614837007,0.097728649430947,12.853563643018532,1.3231226301866448,0.2907608695652174,1.0,202,202,1.0,L0
ETH/USDT:USDT,1h,is,0,zone_limit,1.5,2.0,every_tap,single,,baseline,0,1689292800000,1752476400000,17552,234,0.4957264957264957,0.2507239418979496,0.1069991186518568,8.472115335264354,1.1948728419005907,0.2393162393162393,1.0,454,454,1.0,L0r
ETH/USDT:USDT,1h,is,0,zone_limit,1.5,2.0,every_tap,single,,baseline,0,1689292800000,1752476400000,17552,207,0.4975845410628019,0.2303875621471183,0.1255843869563438,8.765277553819725,1.2037737702530893,0.2439613526570048,0.6057268722466961,454,275,1.0,L1
ETH/USDT:USDT,1h,is,0,zone_limit,1.5,2.0,every_tap,single,,baseline,0,1689292800000,1752476400000,17552,159,0.5031446540880503,0.1405738944730968,0.1279596319226475,7.5164714169980975,1.1822528106749617,0.2578616352201258,0.4695259593679458,443,208,1.0,L2
ETH/USDT:USDT,1h,is,0,zone_limit,1.5,2.0,every_tap,single,,baseline,0,1689292800000,1752476400000,17552,176,0.5113636363636364,0.2041532338870665,0.1162612747507517,9.471975559696832,1.2401723223140717,0.2784090909090909,0.7652370203160271,443,339,1.0,L2u
ETH/USDT:USDT,1h,oos,0,zone_limit,1.5,2.0,once,single,,baseline,0,1752480000000,1784070000000,8776,96,0.5104166666666666,0.1436512041217202,0.0684300889225609,11.803524454185888,1.2675872325902315,0.2760416666666667,1.0,105,105,1.0,L0
ETH/USDT:USDT,1h,oos,0,zone_limit,1.5,2.0,every_tap,single,,baseline,0,1752480000000,1784070000000,8776,132,0.5303030303030303,0.2847427339508991,0.0816435968028085,15.806177180956167,1.3638655314184651,0.3257575757575757,1.0,236,236,1.0,L0r
ETH/USDT:USDT,1h,oos,0,zone_limit,1.5,2.0,every_tap,single,,baseline,0,1752480000000,1784070000000,8776,108,0.5092592592592593,0.1579734559180018,0.0779477985921021,11.403100737817203,1.2525748933341063,0.2731481481481481,0.6186440677966102,236,146,1.0,L1
ETH/USDT:USDT,1h,oos,0,zone_limit,1.5,2.0,every_tap,single,,baseline,0,1752480000000,1784070000000,8776,82,0.573170731707317,0.2432239340161752,0.0542505340415557,22.39479643755094,1.594434173530276,0.4329268292682927,0.4612068965517241,232,107,1.0,L2
ETH/USDT:USDT,1h,oos,0,zone_limit,1.5,2.0,every_tap,single,,baseline,0,1752480000000,1784070000000,8776,97,0.5979381443298969,0.3684743347071447,0.0425358515989968,27.589232365625463,1.7498326478846449,0.4948453608247423,0.7586206896551724,232,176,1.0,L2u
SOL/USDT:USDT,1h,is,0,zone_limit,1.5,2.0,once,single,,baseline,0,1689292800000,1752476400000,17552,172,0.4883720930232558,0.2802590470744815,0.0911082428396779,11.602497039837932,1.280208660972593,0.2209302325581395,1.0,187,187,1.0,L0
SOL/USDT:USDT,1h,is,0,zone_limit,1.5,2.0,every_tap,single,,baseline,0,1689292800000,1752476400000,17552,233,0.4592274678111588,0.1730384179157401,0.093442464236767,5.862868778624648,1.1264705181339667,0.148068669527897,1.0,418,418,1.0,L0r
SOL/USDT:USDT,1h,is,0,zone_limit,1.5,2.0,every_tap,single,,baseline,0,1689292800000,1752476400000,17552,195,0.4615384615384615,0.1663349187391308,0.1010756537704224,6.627365114141423,1.1460406852455267,0.1538461538461538,0.5933014354066986,418,248,1.0,L1
SOL/USDT:USDT,1h,is,0,zone_limit,1.5,2.0,every_tap,single,,baseline,0,1689292800000,1752476400000,17552,154,0.487012987012987,0.1923185867729988,0.1071178308675071,9.61076271325545,1.2374053272746324,0.2175324675324675,0.4903381642512077,414,203,1.0,L2
SOL/USDT:USDT,1h,is,0,zone_limit,1.5,2.0,every_tap,single,,baseline,0,1689292800000,1752476400000,17552,177,0.4689265536723164,0.1484904065769091,0.1156787342853798,6.785090045085389,1.1571648064266704,0.1723163841807909,0.7922705314009661,414,328,1.0,L2u
SOL/USDT:USDT,1h,oos,0,zone_limit,1.5,2.0,once,single,,baseline,0,1752480000000,1784070000000,8776,92,0.5108695652173914,0.1430425830074176,0.0513915961182065,12.160651952028648,1.274987476907355,0.2771739130434782,1.0,96,96,1.0,L0
SOL/USDT:USDT,1h,oos,0,zone_limit,1.5,2.0,every_tap,single,,baseline,0,1752480000000,1784070000000,8776,121,0.4710743801652892,0.065018915769622,0.0533481320762345,4.7472735974285145,1.091608622408854,0.1776859504132231,1.0,207,207,1.0,L0r
SOL/USDT:USDT,1h,oos,0,zone_limit,1.5,2.0,every_tap,single,,baseline,0,1752480000000,1784070000000,8776,107,0.4859813084112149,0.1073306156847924,0.0516818173667345,8.146139381249533,1.173950306646234,0.2149532710280373,0.6618357487922706,207,137,1.0,L1
SOL/USDT:USDT,1h,oos,0,zone_limit,1.5,2.0,every_tap,single,,baseline,0,1752480000000,1784070000000,8776,66,0.3939393939393939,-0.0723738465052883,0.1082990538046986,-8.863757798534415,0.817990662083505,-0.0151515151515151,0.4545454545454545,198,90,1.0,L2
SOL/USDT:USDT,1h,oos,0,zone_limit,1.5,2.0,every_tap,single,,baseline,0,1752480000000,1784070000000,8776,71,0.3943661971830985,-0.0840189793175503,0.135625243926641,-9.771514633874265,0.8049534081482249,-0.0140845070422535,0.6666666666666666,198,132,1.0,L2u
BNB/USDT:USDT,1h,is,0,zone_limit,1.5,2.0,once,single,,baseline,0,1689292800000,1752476400000,17552,163,0.4601226993865031,0.1208310361855772,0.0901414101124225,6.503050891829877,1.1356589660571046,0.1503067484662576,1.0,187,187,1.0,L0
BNB/USDT:USDT,1h,is,0,zone_limit,1.5,2.0,every_tap,single,,baseline,0,1689292800000,1752476400000,17552,209,0.4497607655502392,0.0935252960544899,0.1548270789641096,4.17857164794195,1.077641670853759,0.124401913875598,1.0,407,407,1.0,L0r
BNB/USDT:USDT,1h,is,0,zone_limit,1.5,2.0,every_tap,single,,baseline,0,1689292800000,1752476400000,17552,184,0.4402173913043478,0.0575383799455568,0.1364875184186427,3.103260161406745,1.05487165475676,0.1005434782608695,0.5896805896805897,407,240,1.0,L1
BNB/USDT:USDT,1h,is,0,zone_limit,1.5,2.0,every_tap,single,,baseline,0,1689292800000,1752476400000,17552,125,0.488,0.139317416943142,0.0888805950162352,9.41422207095124,1.2030197319203022,0.22,0.4175,400,167,1.0,L2
BNB/USDT:USDT,1h,is,0,zone_limit,1.5,2.0,every_tap,single,,baseline,0,1689292800000,1752476400000,17552,137,0.4890510948905109,0.1532373322022391,0.0849774880351791,9.3674845319532,1.201397079927265,0.2226277372262773,0.7175,400,287,1.0,L2u
BNB/USDT:USDT,1h,oos,0,zone_limit,1.5,2.0,once,single,,baseline,0,1752480000000,1784070000000,8776,95,0.431578947368421,-0.0535191767543103,0.1742714693792153,-4.576015751128765,0.8885543531899199,0.0789473684210526,1.0,98,98,1.0,L0
BNB/USDT:USDT,1h,oos,0,zone_limit,1.5,2.0,every_tap,single,,baseline,0,1752480000000,1784070000000,8776,123,0.4227642276422764,-0.0913401524347664,0.2117289114413036,-6.347548781411686,0.8513950654004842,0.056910569105691,1.0,195,195,1.0,L0r
BNB/USDT:USDT,1h,oos,0,zone_limit,1.5,2.0,every_tap,single,,baseline,0,1752480000000,1784070000000,8776,107,0.4205607476635514,-0.0785935427006872,0.1985683688289597,-6.129820968999504,0.8571881193623604,0.0514018691588785,0.6717948717948717,195,131,1.0,L1
BNB/USDT:USDT,1h,oos,0,zone_limit,1.5,2.0,every_tap,single,,baseline,0,1752480000000,1784070000000,8776,78,0.4230769230769231,-0.0827614565319629,0.1387234963365395,-9.138296201748568,0.7989805213778083,0.0576923076923076,0.5543478260869565,184,102,1.0,L2
BNB/USDT:USDT,1h,oos,0,zone_limit,1.5,2.0,every_tap,single,,baseline,0,1752480000000,1784070000000,8776,88,0.4431818181818182,-0.0602078416024012,0.1529810899377996,-5.680930084183913,0.8639012447261502,0.1079545454545454,0.7771739130434783,184,143,1.0,L2u
XRP/USDT:USDT,1h,is,0,zone_limit,1.5,2.0,once,single,,baseline,0,1689292800000,1752476400000,17552,187,0.4919786096256685,0.299750643376687,0.136435323464311,11.809013657463067,1.2746563145550192,0.2299465240641711,1.0,198,198,1.0,L0
XRP/USDT:USDT,1h,is,0,zone_limit,1.5,2.0,every_tap,single,,baseline,0,1689292800000,1752476400000,17552,247,0.4979757085020243,0.4055216311292244,0.1520452097383949,11.634220250057766,1.259379067387743,0.2449392712550607,1.0,415,415,1.0,L0r
XRP/USDT:USDT,1h,is,0,zone_limit,1.5,2.0,every_tap,single,,baseline,0,1689292800000,1752476400000,17552,205,0.4975609756097561,0.352529424622252,0.1452879722102576,12.332372074128608,1.289338464844274,0.2439024390243902,0.6096385542168675,415,253,1.0,L1
XRP/USDT:USDT,1h,is,0,zone_limit,1.5,2.0,every_tap,single,,baseline,0,1689292800000,1752476400000,17552,151,0.5231788079470199,0.3202141291597218,0.0790845667191977,15.57346761866968,1.3735526183861582,0.3079470198675497,0.4676616915422885,402,188,1.0,L2
XRP/USDT:USDT,1h,is,0,zone_limit,1.5,2.0,every_tap,single,,baseline,0,1689292800000,1752476400000,17552,181,0.5303867403314917,0.448181484701583,0.0957616156406909,17.200307990857052,1.4077948769373696,0.3259668508287293,0.746268656716418,402,300,1.0,L2u
XRP/USDT:USDT,1h,oos,0,zone_limit,1.5,2.0,once,single,,baseline,0,1752480000000,1784070000000,8776,85,0.4588235294117647,0.0021875823917638,0.0906847081324544,0.7281375206988699,1.0049369792643876,0.1470588235294117,1.0,91,91,1.0,L0
XRP/USDT:USDT,1h,oos,0,zone_limit,1.5,2.0,every_tap,single,,baseline,0,1752480000000,1784070000000,8776,114,0.4561403508771929,-0.0127346044498557,0.1067750098373254,-0.4665682844335947,0.9786403798372776,0.1403508771929824,1.0,184,184,1.0,L0r
XRP/USDT:USDT,1h,oos,0,zone_limit,1.5,2.0,every_tap,single,,baseline,0,1752480000000,1784070000000,8776,94,0.4468085106382978,-0.0185599362967868,0.1001331633920212,-1.1886004462904962,0.9626101961091338,0.1170212765957446,0.6141304347826086,184,113,1.0,L1
XRP/USDT:USDT,1h,oos,0,zone_limit,1.5,2.0,every_tap,single,,baseline,0,1752480000000,1784070000000,8776,63,0.3968253968253968,-0.0862396888230718,0.1325529529017554,-12.22934969266928,0.746822842167037,-0.0079365079365079,0.4406779661016949,177,78,1.0,L2
XRP/USDT:USDT,1h,oos,0,zone_limit,1.5,2.0,every_tap,single,,baseline,0,1752480000000,1784070000000,8776,71,0.4225352112676056,-0.071159850939448,0.1340200375704585,-8.852512831901967,0.808926409265597,0.056338028169014,0.672316384180791,177,119,1.0,L2u
TRX/USDT:USDT,1h,is,0,zone_limit,1.5,2.0,once,single,,baseline,0,1689292800000,1752476400000,17552,150,0.4933333333333333,0.0853066953404177,0.0516141539272499,5.6416155168987405,1.1210638428552075,0.2333333333333333,1.0,167,167,1.0,L0
TRX/USDT:USDT,1h,is,0,zone_limit,1.5,2.0,every_tap,single,,baseline,0,1689292800000,1752476400000,17552,185,0.4648648648648649,0.0283135861118755,0.0899220407674301,1.9040747244805305,1.0329867745551953,0.1621621621621621,1.0,341,341,1.0,L0r
TRX/USDT:USDT,1h,is,0,zone_limit,1.5,2.0,every_tap,single,,baseline,0,1689292800000,1752476400000,17552,169,0.4615384615384615,0.0204030673701645,0.0774896404837711,1.593096880426314,1.0255495650018942,0.1538461538461538,0.6774193548387096,341,231,1.0,L1
TRX/USDT:USDT,1h,is,0,zone_limit,1.5,2.0,every_tap,single,,baseline,0,1689292800000,1752476400000,17552,127,0.4803149606299212,0.0473779265832976,0.0541254850364186,3.967363668435166,1.082150596882136,0.2007874015748031,0.5501519756838906,329,181,1.0,L2
TRX/USDT:USDT,1h,is,0,zone_limit,1.5,2.0,every_tap,single,,baseline,0,1689292800000,1752476400000,17552,132,0.4848484848484848,0.0602147879588352,0.0472044863773644,4.690322004054322,1.0994598423345494,0.2121212121212121,0.7659574468085106,329,252,1.0,L2u
TRX/USDT:USDT,1h,oos,0,zone_limit,1.5,2.0,once,single,,baseline,0,1752480000000,1784070000000,8776,75,0.4133333333333333,-0.1027498046804969,0.1520056528906138,-17.4815887359745,0.6610639033938108,0.0333333333333333,1.0,92,92,1.0,L0
TRX/USDT:USDT,1h,oos,0,zone_limit,1.5,2.0,every_tap,single,,baseline,0,1752480000000,1784070000000,8776,99,0.4545454545454545,-0.0591066691198033,0.1721766654582282,-7.067311955544154,0.836570590813325,0.1363636363636363,1.0,164,164,1.0,L0r
TRX/USDT:USDT,1h,oos,0,zone_limit,1.5,2.0,every_tap,single,,baseline,0,1752480000000,1784070000000,8776,84,0.4404761904761904,-0.0729034385307613,0.1590714284571737,-10.4762120205996,0.7729263254795632,0.1011904761904761,0.6890243902439024,164,113,1.0,L1
TRX/USDT:USDT,1h,oos,0,zone_limit,1.5,2.0,every_tap,single,,baseline,0,1752480000000,1784070000000,8776,60,0.4,-0.0806634498566347,0.1346087501861914,-16.119073656310626,0.6762283762853688,0.0,0.5732484076433121,157,90,1.0,L2
TRX/USDT:USDT,1h,oos,0,zone_limit,1.5,2.0,every_tap,single,,baseline,0,1752480000000,1784070000000,8776,66,0.4242424242424242,-0.0618874973062174,0.145453911485222,-10.710277285972046,0.7686914586328222,0.0606060606060606,0.7898089171974523,157,124,1.0,L2u
BTC/USDT:USDT,15m,is,0,zone_limit,1.5,2.0,once,single,,baseline,0,1689292800000,1752479100000,70208,561,0.48128342245989303,0.04686523478637136,0.21952852645822787,2.6543442465573936,1.020924545176398,0.20320855614973263,1.0,844,844,1.0,L0
BTC/USDT:USDT,15m,is,0,zone_limit,1.5,2.0,every_tap,single,,baseline,0,1689292800000,1752479100000,70208,710,0.48450704225352115,0.0842151330438146,0.1871453835274515,3.4162252582841552,1.028611048522049,0.2112676056338028,1.0,1725,1725,1.0,L0r
BTC/USDT:USDT,15m,is,0,zone_limit,1.5,2.0,every_tap,single,,baseline,0,1689292800000,1752479100000,70208,623,0.48635634028892455,0.11036957954070295,0.2091706349372358,4.638276580980432,1.0421660188732682,0.2158908507223114,0.6017391304347826,1725,1038,1.0,L1
BTC/USDT:USDT,15m,is,0,zone_limit,1.5,2.0,every_tap,single,,baseline,0,1689292800000,1752479100000,70208,452,0.49336283185840707,0.16478771055565994,0.16623026825194928,8.400233786806128,1.0819349922937553,0.2334070796460177,0.4854079809410363,1679,815,1.0,L2
BTC/USDT:USDT,15m,is,0,zone_limit,1.5,2.0,every_tap,single,,baseline,0,1689292800000,1752479100000,70208,515,0.5048543689320388,0.2922309054724026,0.13210729037267321,12.159437762562545,1.1231837136664955,0.2621359223300971,0.7945205479452054,1679,1334,1.0,L2u
BTC/USDT:USDT,15m,oos,0,zone_limit,1.5,2.0,once,single,,baseline,0,1752480000000,1784072700000,35104,263,0.41825095057034223,-0.16895856978641988,0.1985344572185226,-15.188628885086514,0.8355180889798317,0.045627376425855515,1.0,419,419,1.0,L0
BTC/USDT:USDT,15m,oos,0,zone_limit,1.5,2.0,every_tap,single,,baseline,0,1752480000000,1784072700000,35104,333,0.4294294294294294,-0.1707206215633061,0.2498190101095938,-12.099546507570063,0.8675077284261762,0.07357357357357357,1.0,847,847,1.0,L0r
BTC/USDT:USDT,15m,oos,0,zone_limit,1.5,2.0,every_tap,single,,baseline,0,1752480000000,1784072700000,35104,301,0.42524916943521596,-0.169101465374309,0.23715064615676115,-12.969807630462567,0.8568981873473928,0.06312292358803986,0.6245572609208973,847,529,1.0,L1
BTC/USDT:USDT,15m,oos,0,zone_limit,1.5,2.0,every_tap,single,,baseline,0,1752480000000,1784072700000,35104,225,0.4711111111111111,0.01870654201344405,0.11267515600760657,2.611094244250385,1.0208700261029273,0.17777777777777778,0.5116851168511685,813,416,1.0,L2
BTC/USDT:USDT,15m,oos,0,zone_limit,1.5,2.0,every_tap,single,,baseline,0,1752480000000,1784072700000,35104,249,0.4738955823293173,0.01601115300152487,0.138306907134252,2.1974980076013315,1.0158840047609714,0.18473895582329317,0.8093480934809348,813,658,1.0,L2u
ETH/USDT:USDT,15m,is,0,zone_limit,1.5,2.0,once,single,,baseline,0,1689292800000,1752479100000,70208,652,0.49079754601226994,0.15611138667389896,0.24817309730398765,5.424036106601158,1.0598773754436168,0.22699386503067484,1.0,836,836,1.0,L0
ETH/USDT:USDT,15m,is,0,zone_limit,1.5,2.0,every_tap,single,,baseline,0,1689292800000,1752479100000,70208,833,0.46938775510204084,-0.1129960508332466,0.3653455748165115,-2.1572544927458,0.9625903365230788,0.17346938775510204,1.0,1693,1693,1.0,L0r
ETH/USDT:USDT,15m,is,0,zone_limit,1.5,2.0,every_tap,single,,baseline,0,1689292800000,1752479100000,70208,712,0.4747191011235955,-0.053776926384134824,0.3253615336286826,-0.742944725309023,0.9799651776746436,0.18679775280898878,0.6060248080330773,1693,1026,1.0,L1
ETH/USDT:USDT,15m,is,0,zone_limit,1.5,2.0,every_tap,single,,baseline,0,1689292800000,1752479100000,70208,535,0.48411214953271026,0.07898848448843364,0.24006701552823592,3.7524891795115467,1.037382299157898,0.2102803738317757,0.49080882352941174,1632,801,1.0,L2
ETH/USDT:USDT,15m,is,0,zone_limit,1.5,2.0,every_tap,single,,baseline,0,1689292800000,1752479100000,70208,612,0.47875816993464054,0.017436270113237878,0.31198927760245165,1.430519489487342,1.0074871825889657,0.1968954248366013,0.7886029411764706,1632,1287,1.0,L2u
ETH/USDT:USDT,15m,oos,0,zone_limit,1.5,2.0,once,single,,baseline,0,1752480000000,1784072700000,35104,354,0.4971751412429379,0.27816333337332927,0.13733565527764374,14.528265155744004,1.1532980849537136,0.24293785310734464,1.0,453,453,1.0,L0
ETH/USDT:USDT,15m,oos,0,zone_limit,1.5,2.0,every_tap,single,,baseline,0,1752480000000,1784072700000,35104,461,0.49023861171366595,0.26428018839893413,0.15734194743894955,10.966749148072228,1.108786970801863,0.22559652928416485,1.0,968,968,1.0,L0r
ETH/USDT:USDT,15m,oos,0,zone_limit,1.5,2.0,every_tap,single,,baseline,0,1752480000000,1784072700000,35104,397,0.4836272040302267,0.17285192072180944,0.14381395095029775,8.744108772854055,1.0848307649196673,0.20906801007556675,0.6167355371900827,968,597,1.0,L1
ETH/USDT:USDT,15m,oos,0,zone_limit,1.5,2.0,every_tap,single,,baseline,0,1752480000000,1784072700000,35104,284,0.5316901408450704,0.3770564511829962,0.07614788687691906,22.80385484051723,1.2654434566204864,0.32922535211267606,0.4823906083244397,937,452,1.0,L2
ETH/USDT:USDT,15m,oos,0,zone_limit,1.5,2.0,every_tap,single,,baseline,0,1752480000000,1784072700000,35104,325,0.5292307692307693,0.4325300748999196,0.09394318615130683,22.586539894180557,1.2620675819721263,0.3230769230769231,0.7705442902881536,937,722,1.0,L2u
SOL/USDT:USDT,15m,is,0,zone_limit,1.5,2.0,once,single,,baseline,0,1689292800000,1752479100000,70208,775,0.4735483870967742,0.3016888670639735,0.1622885757161028,7.212337548721197,1.0656764078895846,0.18387096774193548,1.0,825,825,1.0,L0
SOL/USDT:USDT,15m,is,0,zone_limit,1.5,2.0,every_tap,single,,baseline,0,1689292800000,1752479100000,70208,1039,0.46968238691049086,0.26995460824846923,0.2875966989240672,5.21712412862586,1.0420282923511899,0.17420596727622714,1.0,1751,1751,1.0,L0r
SOL/USDT:USDT,15m,is,0,zone_limit,1.5,2.0,every_tap,single,,baseline,0,1689292800000,1752479100000,70208,852,0.46830985915492956,0.21862672121554078,0.1899628570056731,5.196876043379971,1.0437504145255523,0.17077464788732394,0.5922330097087378,1751,1037,1.0,L1
SOL/USDT:USDT,15m,is,0,zone_limit,1.5,2.0,every_tap,single,,baseline,0,1689292800000,1752479100000,70208,627,0.5103668261562998,0.8712651783987029,0.10120000381670693,19.286511326797026,1.1986163634483158,0.2759170653907496,0.4740566037735849,1696,804,1.0,L2
SOL/USDT:USDT,15m,is,0,zone_limit,1.5,2.0,every_tap,single,,baseline,0,1689292800000,1752479100000,70208,754,0.5079575596816976,0.8782298566728896,0.13549469840628578,16.51184581476274,1.161835587353925,0.26989389920424406,0.7623820754716981,1696,1293,1.0,L2u
SOL/USDT:USDT,15m,oos,0,zone_limit,1.5,2.0,once,single,,baseline,0,1752480000000,1784072700000,35104,365,0.4876712328767123,0.13981952733658198,0.16349550617916553,8.00322690665021,1.0781304317046663,0.2191780821917808,1.0,409,409,1.0,L0
SOL/USDT:USDT,15m,oos,0,zone_limit,1.5,2.0,every_tap,single,,baseline,0,1752480000000,1784072700000,35104,485,0.47835051546391755,0.07203270489629249,0.1981616431067048,3.7467287103019102,1.0300579090645459,0.1958762886597938,1.0,859,859,1.0,L0r
SOL/USDT:USDT,15m,oos,0,zone_limit,1.5,2.0,every_tap,single,,baseline,0,1752480000000,1784072700000,35104,406,0.4729064039408867,0.0064267549754680655,0.17214467335568,1.1924831520468164,1.0033133313593923,0.18226600985221675,0.6146682188591386,859,528,1.0,L1
SOL/USDT:USDT,15m,oos,0,zone_limit,1.5,2.0,every_tap,single,,baseline,0,1752480000000,1784072700000,35104,297,0.49158249158249157,0.07343941590838403,0.14802696046931904,5.70450329289138,1.0559066739651104,0.22895622895622897,0.4802395209580838,835,401,1.0,L2
SOL/USDT:USDT,15m,oos,0,zone_limit,1.5,2.0,every_tap,single,,baseline,0,1752480000000,1784072700000,35104,355,0.504225352112676,0.18432190020113068,0.1538582828633276,10.617576384250802,1.1116755648279941,0.2605633802816901,0.7796407185628742,835,651,1.0,L2u
BNB/USDT:USDT,15m,is,0,zone_limit,1.5,2.0,once,single,,baseline,0,1689292800000,1752479100000,70208,563,0.413854351687389,-0.3661982882014424,0.4636228068754859,-17.196547634013765,0.8240329641506342,0.03463587921847247,1.0,778,778,1.0,L0
BNB/USDT:USDT,15m,is,0,zone_limit,1.5,2.0,every_tap,single,,baseline,0,1689292800000,1752479100000,70208,716,0.42178770949720673,-0.36284203908071694,0.4590740124147465,-13.14894749328524,0.8608460708664591,0.05446927374301676,1.0,1554,1554,1.0,L0r
BNB/USDT:USDT,15m,is,0,zone_limit,1.5,2.0,every_tap,single,,baseline,0,1689292800000,1752479100000,70208,623,0.41412520064205455,-0.38409185435132315,0.47204894638644324,-16.274760392650247,0.8312788307872447,0.03531300160513644,0.6261261261261262,1554,973,1.0,L1
BNB/USDT:USDT,15m,is,0,zone_limit,1.5,2.0,every_tap,single,,baseline,0,1689292800000,1752479100000,70208,468,0.4658119658119658,-0.0223317471372975,0.23006969517539658,-0.2331059161540571,0.9887175519145814,0.16452991452991453,0.5136940547762191,1497,769,1.0,L2
BNB/USDT:USDT,15m,is,0,zone_limit,1.5,2.0,every_tap,single,,baseline,0,1689292800000,1752479100000,70208,534,0.46441947565543074,-0.03491544190698951,0.2791310223239227,-0.6437505992465898,0.9841552627167471,0.16104868913857678,0.7942551770207081,1497,1189,1.0,L2u
BNB/USDT:USDT,15m,oos,0,zone_limit,1.5,2.0,once,single,,baseline,0,1752480000000,1784072700000,35104,292,0.3767123287671233,-0.38276775301801763,0.3986230813846681,-37.28598387827733,0.6486049222275301,-0.05821917808219178,1.0,417,417,1.0,L0
BNB/USDT:USDT,15m,oos,0,zone_limit,1.5,2.0,every_tap,single,,baseline,0,1752480000000,1784072700000,35104,370,0.3864864864864865,-0.4354411552400816,0.450938952237101,-35.50015390699927,0.6582641310572753,-0.033783783783783786,1.0,804,804,1.0,L0r
BNB/USDT:USDT,15m,oos,0,zone_limit,1.5,2.0,every_tap,single,,baseline,0,1752480000000,1784072700000,35104,324,0.37962962962962965,-0.421180676121006,0.43509501615350826,-37.90695747171179,0.6428818980158164,-0.05092592592592592,0.6343283582089553,804,510,1.0,L1
BNB/USDT:USDT,15m,oos,0,zone_limit,1.5,2.0,every_tap,single,,baseline,0,1752480000000,1784072700000,35104,227,0.45374449339207046,-0.09161784954222967,0.12199448224227288,-8.289995214085288,0.9019600188250195,0.1343612334801762,0.4870801033591731,774,377,1.0,L2
BNB/USDT:USDT,15m,oos,0,zone_limit,1.5,2.0,every_tap,single,,baseline,0,1752480000000,1784072700000,35104,262,0.44656488549618323,-0.16118512439306124,0.19142877723801321,-14.120312806760431,0.841612285673818,0.11641221374045801,0.7674418604651163,774,594,1.0,L2u
XRP/USDT:USDT,15m,is,0,zone_limit,1.5,2.0,once,single,,baseline,0,1689292800000,1752479100000,70208,629,0.4769475357710652,0.2038032383611304,0.19358073552022506,6.671019615412953,1.0653255944573734,0.19236883942766295,1.0,756,756,1.0,L0
XRP/USDT:USDT,15m,is,0,zone_limit,1.5,2.0,every_tap,single,,baseline,0,1689292800000,1752479100000,70208,826,0.45641646489104115,-0.08736575091772174,0.20415069803247266,-1.321333239505496,0.9754577610195779,0.1410411622276029,1.0,1613,1613,1.0,L0r
XRP/USDT:USDT,15m,is,0,zone_limit,1.5,2.0,every_tap,single,,baseline,0,1689292800000,1752479100000,70208,699,0.46208869814020026,0.010089047053473951,0.21006766706570473,1.174049469053129,1.0030890811209945,0.1552217453505007,0.5908245505269684,1613,953,1.0,L1
XRP/USDT:USDT,15m,is,0,zone_limit,1.5,2.0,every_tap,single,,baseline,0,1689292800000,1752479100000,70208,524,0.49427480916030536,0.452462428456425,0.10450236141674756,14.537516562954648,1.1728217807411994,0.23568702290076335,0.47861635220125787,1590,761,1.0,L2
XRP/USDT:USDT,15m,is,0,zone_limit,1.5,2.0,every_tap,single,,baseline,0,1689292800000,1752479100000,70208,616,0.48538961038961037,0.3226094024543214,0.12189337907438813,9.71405124369639,1.109245829727212,0.21347402597402598,0.7603773584905661,1590,1209,1.0,L2u
XRP/USDT:USDT,15m,oos,0,zone_limit,1.5,2.0,once,single,,baseline,0,1752480000000,1784072700000,35104,344,0.48546511627906974,-0.013481924106093902,0.20465599102014453,0.018804306621328256,0.9910032655930235,0.2136627906976744,1.0,410,410,1.0,L0
XRP/USDT:USDT,15m,oos,0,zone_limit,1.5,2.0,every_tap,single,,baseline,0,1752480000000,1784072700000,35104,456,0.46710526315789475,-0.09576931907020207,0.2670318676578363,-3.8731644330255004,0.9507072930616591,0.16776315789473684,1.0,886,886,1.0,L0r
XRP/USDT:USDT,15m,oos,0,zone_limit,1.5,2.0,every_tap,single,,baseline,0,1752480000000,1784072700000,35104,383,0.46475195822454307,-0.13718377167986165,0.26870158652189846,-7.190303187720506,0.9151076846487701,0.1618798955613577,0.5869074492099323,886,520,1.0,L1
XRP/USDT:USDT,15m,oos,0,zone_limit,1.5,2.0,every_tap,single,,baseline,0,1752480000000,1784072700000,35104,271,0.4870848708487085,-0.017110856654698546,0.16113505315328988,-0.4556634224236487,0.9856334723196437,0.2177121771217712,0.44379391100702575,854,379,1.0,L2
XRP/USDT:USDT,15m,oos,0,zone_limit,1.5,2.0,every_tap,single,,baseline,0,1752480000000,1784072700000,35104,324,0.4845679012345679,-0.014943858585805901,0.16340935793492445,-0.14978873948550644,0.9893530644812205,0.21141975308641975,0.7505854800936768,854,641,1.0,L2u
TRX/USDT:USDT,15m,is,0,zone_limit,1.5,2.0,once,single,,baseline,0,1689292800000,1752479100000,70208,413,0.41646489104116224,-0.3131209298870544,0.3954221848177846,-22.31362237255711,0.7638198129382224,0.04116222760290557,1.0,732,732,1.0,L0
TRX/USDT:USDT,15m,is,0,zone_limit,1.5,2.0,every_tap,single,,baseline,0,1689292800000,1752479100000,70208,520,0.4,-0.4441650591450434,0.5158909674137552,-28.447226536248333,0.7073582029773328,0.0,1.0,1422,1422,1.0,L0r
TRX/USDT:USDT,15m,is,0,zone_limit,1.5,2.0,every_tap,single,,baseline,0,1689292800000,1752479100000,70208,472,0.4067796610169492,-0.3877831551026284,0.4695661466192955,-25.51278280375884,0.7321295268626082,0.01694915254237288,0.650492264416315,1422,925,1.0,L1
TRX/USDT:USDT,15m,is,0,zone_limit,1.5,2.0,every_tap,single,,baseline,0,1689292800000,1752479100000,70208,330,0.41515151515151516,-0.23730565254390823,0.3307763958486682,-19.533603132104293,0.7846875699200091,0.03787878787878788,0.5073421439060205,1362,691,1.0,L2
TRX/USDT:USDT,15m,is,0,zone_limit,1.5,2.0,every_tap,single,,baseline,0,1689292800000,1752479100000,70208,366,0.41530054644808745,-0.2592614408410882,0.3575353370691965,-19.74995293005871,0.7837512536781919,0.03825136612021858,0.7701908957415565,1362,1049,1.0,L2u
TRX/USDT:USDT,15m,oos,0,zone_limit,1.5,2.0,once,single,,baseline,0,1752480000000,1784072700000,35104,134,0.3656716417910448,-0.19348831422385257,0.19881830238504428,-50.17701163497161,0.5751508725083507,-0.08582089552238806,1.0,386,386,1.0,L0
TRX/USDT:USDT,15m,oos,0,zone_limit,1.5,2.0,every_tap,single,,baseline,0,1752480000000,1784072700000,35104,166,0.37349397590361444,-0.20584978613724142,0.21597348856223805,-41.82391060288799,0.629388638072278,-0.06626506024096386,1.0,763,763,1.0,L0r
TRX/USDT:USDT,15m,oos,0,zone_limit,1.5,2.0,every_tap,single,,baseline,0,1752480000000,1784072700000,35104,156,0.3782051282051282,-0.18895319302471716,0.20416160586921078,-40.522275432103584,0.6356315467374513,-0.05448717948717949,0.6290956749672346,763,480,1.0,L1
TRX/USDT:USDT,15m,oos,0,zone_limit,1.5,2.0,every_tap,single,,baseline,0,1752480000000,1784072700000,35104,111,0.3963963963963964,-0.09580082904939627,0.12890168142027977,-25.85477090264378,0.7441552568203269,-0.009009009009009009,0.49320652173913043,736,363,1.0,L2
TRX/USDT:USDT,15m,oos,0,zone_limit,1.5,2.0,every_tap,single,,baseline,0,1752480000000,1784072700000,35104,124,0.3870967741935484,-0.11809398929365325,0.14445066794518802,-29.144546432958965,0.7206777581870676,-0.03225806451612903,0.7866847826086957,736,579,1.0,L2u
