symbol,timeframe,segment,arm,definition,num_trades,win_rate,total_return,max_drawdown,fill_rate,eligible_setups,mean_r,sharpe,n_from_15m,n_from_5m,n_from_1m
BTC/USDT:USDT,1h,full,A,none,269,0.5092936802973977,0.2908642935985299,0.10927202625242,0.7809364548494984,598,0.2732342007434944,9.027865741935331,0,0,0
BTC/USDT:USDT,1h,full,B,contained,267,0.5093632958801498,0.2968629139341783,0.1051328313243778,0.7787162162162162,592,0.2734082397003745,9.23484695081154,214,38,15
BTC/USDT:USDT,1h,full,C,contained,160,0.5125,0.0246075463867269,0.0884957930906096,0.6432748538011696,513,0.28125,2.1949000702922508,149,10,1
BTC/USDT:USDT,1h,full,B,proximal_in,269,0.5092936802973977,0.2908642935985299,0.10927202625242,0.7809364548494984,598,0.2732342007434944,9.027865741935331,227,34,8
BTC/USDT:USDT,1h,full,C,proximal_in,173,0.5317919075144508,0.0799106048726984,0.0782883849941085,0.6257088846880907,529,0.3294797687861271,5.68170719127078,164,8,1
BTC/USDT:USDT,1h,full,B,touch,269,0.5092936802973977,0.2908642935985299,0.10927202625242,0.7809364548494984,598,0.2732342007434944,9.027865741935331,251,16,2
BTC/USDT:USDT,1h,full,C,touch,181,0.5082872928176796,0.0446762640151835,0.1131587374506491,0.6951219512195121,492,0.2707182320441988,3.23743804945188,176,5,0
BTC/USDT:USDT,1h,is,A,none,161,0.4782608695652174,0.0303703778901392,0.10927202625242,0.7899408284023669,338,0.1956521739130435,2.1815969796375576,0,0,0
BTC/USDT:USDT,1h,is,B,contained,159,0.4779874213836478,0.0351584882536473,0.1051328313243778,0.786144578313253,332,0.1949685534591195,2.466915269884243,122,28,9
BTC/USDT:USDT,1h,is,C,contained,96,0.5104166666666666,-0.0198974021142312,0.0837040256520907,0.678082191780822,292,0.2760416666666667,-2.2858967682330467,87,8,1
BTC/USDT:USDT,1h,is,B,proximal_in,161,0.4782608695652174,0.0303703778901392,0.10927202625242,0.7899408284023669,338,0.1956521739130435,2.1815969796375576,131,25,5
BTC/USDT:USDT,1h,is,C,proximal_in,107,0.5327102803738317,0.0198675796580229,0.0655019351201863,0.6482084690553745,307,0.3317757009345794,2.6092196593016217,99,7,1
BTC/USDT:USDT,1h,is,B,touch,161,0.4782608695652174,0.0303703778901392,0.10927202625242,0.7899408284023669,338,0.1956521739130435,2.1815969796375576,148,12,1
BTC/USDT:USDT,1h,is,C,touch,106,0.5283018867924528,0.0459046162622196,0.0740503489488287,0.7230215827338129,278,0.320754716981132,5.382062883782316,102,4,0
BTC/USDT:USDT,1h,oos,A,none,91,0.5164835164835165,0.1156296675670306,0.0550342935449677,0.7391304347826086,230,0.2912087912087912,11.080086803800691,0,0,0
BTC/USDT:USDT,1h,oos,B,contained,91,0.5164835164835165,0.1156296675670306,0.0550342935449677,0.7391304347826086,230,0.2912087912087912,11.080086803800691,81,8,2
BTC/USDT:USDT,1h,oos,C,contained,53,0.4339622641509434,-0.0279157913627983,0.0804060661230964,0.5833333333333334,192,0.0849056603773584,-5.8085465548310475,52,1,0
BTC/USDT:USDT,1h,oos,B,proximal_in,91,0.5164835164835165,0.1156296675670306,0.0550342935449677,0.7391304347826086,230,0.2912087912087912,11.080086803800691,85,6,0
BTC/USDT:USDT,1h,oos,C,proximal_in,55,0.4545454545454545,-0.0153953148199194,0.0744654912446708,0.5854922279792746,193,0.1363636363636363,-2.9014240842077506,55,0,0
BTC/USDT:USDT,1h,oos,B,touch,91,0.5164835164835165,0.1156296675670306,0.0550342935449677,0.7391304347826086,230,0.2912087912087912,11.080086803800691,90,1,0
BTC/USDT:USDT,1h,oos,C,touch,59,0.423728813559322,-0.0528822131998194,0.0961046538318683,0.6290322580645161,186,0.059322033898305,-11.310387130651115,59,0,0
ETH/USDT:USDT,1h,full,A,none,288,0.5208333333333334,0.6009402374200259,0.1533692847759471,0.7695852534562212,651,0.3020833333333333,14.186970540544344,0,0,0
ETH/USDT:USDT,1h,full,B,contained,283,0.5229681978798587,0.6144121356971899,0.1445684993083478,0.7679127725856698,642,0.3074204946996466,14.679482653133483,218,53,12
ETH/USDT:USDT,1h,full,C,contained,203,0.5467980295566502,0.3387473318035429,0.0581745926709661,0.650994575045208,553,0.3669950738916256,15.315352955023732,175,27,1
ETH/USDT:USDT,1h,full,B,proximal_in,285,0.5228070175438596,0.6113272695766762,0.1445684993083478,0.7674418604651163,645,0.3070175438596491,14.53620049364018,232,49,4
ETH/USDT:USDT,1h,full,C,proximal_in,212,0.5613207547169812,0.3876182664815189,0.0562579093534386,0.6243386243386243,567,0.4033018867924528,16.374790883878575,185,26,1
ETH/USDT:USDT,1h,full,B,touch,288,0.5208333333333334,0.6009402374200259,0.1533692847759471,0.7688751926040062,649,0.3020833333333333,14.186970540544344,257,30,1
ETH/USDT:USDT,1h,full,C,touch,229,0.4847161572052402,0.1039878537997577,0.115858472888607,0.7085714285714285,525,0.2117903930131004,4.795938754913508,209,19,1
ETH/USDT:USDT,1h,is,A,none,176,0.4829545454545454,0.1325629166860257,0.1533692847759471,0.7767220902612827,421,0.2073863636363636,6.492149974263332,0,0,0
ETH/USDT:USDT,1h,is,B,contained,175,0.4857142857142857,0.1443359873756169,0.1445684993083478,0.7764423076923077,416,0.2142857142857142,7.0259564081350225,133,33,9
ETH/USDT:USDT,1h,is,C,contained,123,0.5447154471544715,0.178829205314841,0.0581745926709661,0.6232686980609419,361,0.3617886178861789,14.229386915364648,106,16,1
ETH/USDT:USDT,1h,is,B,proximal_in,175,0.4857142857142857,0.1443359873756169,0.1445684993083478,0.7745803357314148,417,0.2142857142857142,7.0259564081350225,141,31,3
ETH/USDT:USDT,1h,is,C,proximal_in,127,0.5590551181102362,0.1915479044411959,0.0562579093534386,0.5934959349593496,369,0.3976377952755905,14.735537361033709,111,15,1
ETH/USDT:USDT,1h,is,B,touch,176,0.4829545454545454,0.1325629166860257,0.1533692847759471,0.7756563245823389,419,0.2073863636363636,6.492149974263332,157,18,1
ETH/USDT:USDT,1h,is,C,touch,137,0.4817518248175182,0.0227184305446704,0.115858472888607,0.6882352941176471,340,0.2043795620437956,2.1339568046565827,124,12,1
ETH/USDT:USDT,1h,oos,A,none,102,0.5686274509803921,0.3293255251110881,0.0483661547201264,0.7523364485981309,214,0.4215686274509804,23.74193590719447,0,0,0
ETH/USDT:USDT,1h,oos,B,contained,100,0.57,0.3318705023808099,0.0483661547201266,0.75,212,0.425,24.317050161415107,80,17,3
ETH/USDT:USDT,1h,oos,C,contained,77,0.5584415584415584,0.1461440525306212,0.0432005800488587,0.6978021978021978,182,0.3961038961038961,18.689757350456567,67,10,0
ETH/USDT:USDT,1h,oos,B,proximal_in,102,0.5686274509803921,0.3293255251110881,0.0483661547201264,0.7523364485981309,214,0.4215686274509804,23.74193590719447,86,15,1
ETH/USDT:USDT,1h,oos,C,proximal_in,82,0.573170731707317,0.1753033520101786,0.0429007645913072,0.6864864864864865,185,0.4329268292682927,20.416333250290272,72,10,0
ETH/USDT:USDT,1h,oos,B,touch,102,0.5686274509803921,0.3293255251110881,0.0483661547201264,0.7523364485981309,214,0.4215686274509804,23.74193590719447,92,10,0
ETH/USDT:USDT,1h,oos,C,touch,86,0.5,0.1005281919228851,0.0533209647550889,0.7383720930232558,172,0.25,11.168608602570185,80,6,0
SOL/USDT:USDT,1h,full,A,none,281,0.4875444839857651,0.3274147246815977,0.0857548586215045,0.7890365448504983,602,0.2188612099644128,8.708490031135883,0,0,0
SOL/USDT:USDT,1h,full,B,contained,280,0.4857142857142857,0.3081844605309359,0.0857548586215046,0.7886855241264559,601,0.2142857142857142,8.320129546408841,213,51,16
SOL/USDT:USDT,1h,full,C,contained,220,0.5727272727272728,0.4583297383783829,0.0869611623922495,0.6705653021442495,513,0.4318181818181818,17.264143091829062,182,32,6
SOL/USDT:USDT,1h,full,B,proximal_in,280,0.4857142857142857,0.3081844605309359,0.0857548586215046,0.7886855241264559,601,0.2142857142857142,8.320129546408841,228,43,9
SOL/USDT:USDT,1h,full,C,proximal_in,222,0.5630630630630631,0.4490181296422137,0.0929186997619814,0.6539196940726577,523,0.4076576576576576,16.584867108574514,188,30,4
SOL/USDT:USDT,1h,full,B,touch,280,0.4857142857142857,0.3081844605309359,0.0857548586215046,0.7886855241264559,601,0.2142857142857142,8.320129546408841,253,25,2
SOL/USDT:USDT,1h,full,C,touch,233,0.4935622317596566,0.1869451890087491,0.1308763157210049,0.7044025157232704,477,0.2339055793991416,7.474975609029738,218,12,3
SOL/USDT:USDT,1h,is,A,none,193,0.4870466321243523,0.2258287999825053,0.0712767602786565,0.8181818181818182,396,0.2176165803108808,9.033635108309303,0,0,0
SOL/USDT:USDT,1h,is,B,contained,192,0.484375,0.2080702116612809,0.0778315432811972,0.8177215189873418,395,0.2109375,8.472860868803563,142,40,10
SOL/USDT:USDT,1h,is,C,contained,154,0.6168831168831169,0.5319533528132897,0.0518966635043156,0.6932153392330384,339,0.5422077922077922,27.192926232768656,124,25,5
SOL/USDT:USDT,1h,is,B,proximal_in,192,0.484375,0.2080702116612809,0.0778315432811972,0.8177215189873418,395,0.2109375,8.472860868803563,153,34,5
SOL/USDT:USDT,1h,is,C,proximal_in,154,0.6038961038961039,0.4969144711728812,0.0518966635043156,0.6803519061583577,341,0.5097402597402597,25.467996374437178,125,25,4
SOL/USDT:USDT,1h,is,B,touch,192,0.484375,0.2080702116612809,0.0778315432811972,0.8177215189873418,395,0.2109375,8.472860868803563,171,21,0
SOL/USDT:USDT,1h,is,C,touch,161,0.5403726708074534,0.3298472568857247,0.0440851214063186,0.737012987012987,308,0.3509316770186335,16.979759211155418,149,9,3
SOL/USDT:USDT,1h,oos,A,none,76,0.4473684210526316,0.003053996914815,0.0891933250168172,0.7127659574468085,188,0.1184210526315789,0.8546034080902041,0,0,0
SOL/USDT:USDT,1h,oos,B,contained,76,0.4473684210526316,0.003053996914815,0.0891933250168172,0.7127659574468085,188,0.1184210526315789,0.8546034080902041,62,9,5
SOL/USDT:USDT,1h,oos,C,contained,58,0.4482758620689655,-0.0554725217757366,0.0887671576567452,0.6153846153846154,156,0.1206896551724138,-10.16827949501396,51,7,0
SOL/USDT:USDT,1h,oos,B,proximal_in,76,0.4473684210526316,0.003053996914815,0.0891933250168172,0.7127659574468085,188,0.1184210526315789,0.8546034080902041,65,7,4
SOL/USDT:USDT,1h,oos,C,proximal_in,60,0.45,-0.0480838645458316,0.0833042214867584,0.5914634146341463,164,0.125,-8.119240879822742,55,5,0
SOL/USDT:USDT,1h,oos,B,touch,76,0.4473684210526316,0.003053996914815,0.0891933250168172,0.7127659574468085,188,0.1184210526315789,0.8546034080902041,70,4,2
SOL/USDT:USDT,1h,oos,C,touch,60,0.35,-0.1290740315569737,0.1290740315569737,0.6291390728476821,151,-0.125,-24.556444398852378,57,3,0
BNB/USDT:USDT,1h,full,A,none,249,0.4899598393574297,0.2297230503408232,0.1827741764216863,0.8031358885017421,574,0.2248995983935743,7.633954461382201,0,0,0
BNB/USDT:USDT,1h,full,B,contained,247,0.48582995951417,0.2056606115811104,0.1894568033099357,0.8067375886524822,564,0.2145748987854251,7.001309195653065,188,43,16
BNB/USDT:USDT,1h,full,C,contained,154,0.6103896103896104,0.4118328250593791,0.0447720853280644,0.6659959758551308,497,0.525974025974026,25.899253189683687,132,22,0
BNB/USDT:USDT,1h,full,B,proximal_in,248,0.4879032258064516,0.2126357419457195,0.1894568033099348,0.8063380281690141,568,0.219758064516129,7.184211946533892,202,39,7
BNB/USDT:USDT,1h,full,C,proximal_in,163,0.6073619631901841,0.4358329063003848,0.0447720853280644,0.6424361493123772,509,0.5184049079754601,24.995100918480677,143,20,0
BNB/USDT:USDT,1h,full,B,touch,248,0.4879032258064516,0.2126357419457195,0.1894568033099348,0.8052631578947368,570,0.219758064516129,7.184211946533892,216,30,2
BNB/USDT:USDT,1h,full,C,touch,175,0.5371428571428571,0.2306661311072128,0.0494622487258534,0.6952789699570815,466,0.3428571428571428,13.245330252137464,160,15,0
BNB/USDT:USDT,1h,is,A,none,146,0.4863013698630137,0.1668958737151566,0.0900672396690468,0.792,375,0.2157534246575342,9.595482572134038,0,0,0
BNB/USDT:USDT,1h,is,B,contained,144,0.4791666666666667,0.14406279720053,0.0975079506148433,0.7950819672131147,366,0.1979166666666666,8.532026597019808,104,28,12
BNB/USDT:USDT,1h,is,C,contained,105,0.6190476190476191,0.2816204124234595,0.0447720853280644,0.66875,320,0.5476190476190477,27.47712897559201,88,17,0
BNB/USDT:USDT,1h,is,B,proximal_in,145,0.4827586206896552,0.1506815646041592,0.0975079506148426,0.7945945945945946,370,0.2068965517241379,8.839655090248481,115,23,7
BNB/USDT:USDT,1h,is,C,proximal_in,110,0.6181818181818182,0.3134143814993778,0.0447720853280644,0.6435045317220544,331,0.5454545454545454,27.92315156449186,94,16,0
BNB/USDT:USDT,1h,is,B,touch,145,0.4827586206896552,0.1506815646041592,0.0975079506148426,0.793010752688172,372,0.2068965517241379,8.839655090248481,128,15,2
BNB/USDT:USDT,1h,is,C,touch,121,0.5371900826446281,0.1495307871805596,0.0494622487258534,0.7016393442622951,305,0.3429752066115702,13.02905582247761,109,12,0
BNB/USDT:USDT,1h,oos,A,none,96,0.46875,-0.0105604996988588,0.1436022348066176,0.8370786516853933,178,0.171875,-0.4473022810003558,0,0,0
BNB/USDT:USDT,1h,oos,B,contained,96,0.46875,-0.0105604996988588,0.1436022348066176,0.8418079096045198,177,0.171875,-0.4473022810003558,80,12,4
BNB/USDT:USDT,1h,oos,C,contained,43,0.5581395348837209,0.0758636829086844,0.0251023147409121,0.6521739130434783,161,0.3953488372093023,18.52876539297411,40,3,0
BNB/USDT:USDT,1h,oos,B,proximal_in,96,0.46875,-0.0105604996988588,0.1436022348066176,0.8418079096045198,177,0.171875,-0.4473022810003558,83,13,0
BNB/USDT:USDT,1h,oos,C,proximal_in,47,0.5531914893617021,0.0676662717408509,0.0295942446910797,0.6296296296296297,162,0.3829787234042553,15.091620742351571,45,2,0
BNB/USDT:USDT,1h,oos,B,touch,96,0.46875,-0.0105604996988588,0.1436022348066176,0.8418079096045198,177,0.171875,-0.4473022810003558,84,12,0
BNB/USDT:USDT,1h,oos,C,touch,47,0.5106382978723404,0.0512500866969472,0.0300622190731257,0.6689655172413793,145,0.2765957446808511,11.261458358392677,45,2,0
XRP/USDT:USDT,1h,full,A,none,268,0.5074626865671642,0.4832965527074491,0.1110070123915464,0.7751371115173674,547,0.2686567164179104,12.703085090878536,0,0,0
XRP/USDT:USDT,1h,full,B,contained,266,0.5075187969924813,0.4784013630642952,0.1110070123915466,0.7743119266055046,545,0.268796992481203,12.699528011583212,206,42,18
XRP/USDT:USDT,1h,full,C,contained,182,0.5384615384615384,0.2604858052800599,0.1038148809065452,0.6354166666666666,480,0.3461538461538461,13.546841462721265,166,14,2
XRP/USDT:USDT,1h,full,B,proximal_in,266,0.5075187969924813,0.4784013630642952,0.1110070123915466,0.7743119266055046,545,0.268796992481203,12.699528011583212,218,40,8
XRP/USDT:USDT,1h,full,C,proximal_in,186,0.532258064516129,0.2486070612769375,0.1129481379235295,0.6268041237113402,485,0.3306451612903225,12.479792453733513,170,14,2
XRP/USDT:USDT,1h,full,B,touch,266,0.5075187969924813,0.4784013630642952,0.1110070123915466,0.7743119266055046,545,0.268796992481203,12.699528011583212,238,24,4
XRP/USDT:USDT,1h,full,C,touch,208,0.4855769230769231,0.0909627214450434,0.1868170306298178,0.6989010989010989,455,0.2139423076923076,4.656616016345899,197,11,0
XRP/USDT:USDT,1h,is,A,none,190,0.5263157894736842,0.4459118939196101,0.0900663721167433,0.793010752688172,372,0.3157894736842105,16.385892163190658,0,0,0
XRP/USDT:USDT,1h,is,B,contained,189,0.5291005291005291,0.4613217472071155,0.0900663721167432,0.7924528301886793,371,0.3227513227513227,16.937108653657006,144,31,14
XRP/USDT:USDT,1h,is,C,contained,129,0.5813953488372093,0.324078124457722,0.0680920716631285,0.6615853658536586,328,0.4534883720930232,22.470354632866034,118,9,2
XRP/USDT:USDT,1h,is,B,proximal_in,189,0.5291005291005291,0.4613217472071155,0.0900663721167432,0.7924528301886793,371,0.3227513227513227,16.937108653657006,153,31,5
XRP/USDT:USDT,1h,is,C,proximal_in,131,0.5725190839694656,0.3047904576841778,0.0779496128566497,0.6515151515151515,330,0.4312977099236641,20.762686041678812,120,9,2
XRP/USDT:USDT,1h,is,B,touch,189,0.5291005291005291,0.4613217472071155,0.0900663721167432,0.7924528301886793,371,0.3227513227513227,16.937108653657006,169,18,2
XRP/USDT:USDT,1h,is,C,touch,151,0.5033112582781457,0.1541388975446518,0.1868170306298178,0.7120253164556962,316,0.2582781456953642,9.821916876530493,144,7,0
XRP/USDT:USDT,1h,oos,A,none,73,0.410958904109589,-0.0707199077857168,0.129147152570585,0.7161290322580646,155,0.0273972602739726,-8.44275946175201,0,0,0
XRP/USDT:USDT,1h,oos,B,contained,72,0.4027777777777778,-0.0835537824714996,0.1291471525705858,0.7142857142857143,154,0.0069444444444444,-10.36577538266338,58,11,3
XRP/USDT:USDT,1h,oos,C,contained,46,0.4565217391304347,-0.0388414665239639,0.0759462131470761,0.5757575757575758,132,0.1413043478260869,-10.258077348567182,41,5,0
XRP/USDT:USDT,1h,oos,B,proximal_in,72,0.4027777777777778,-0.0835537824714996,0.1291471525705858,0.7142857142857143,154,0.0069444444444444,-10.36577538266338,61,9,2
XRP/USDT:USDT,1h,oos,C,proximal_in,48,0.4583333333333333,-0.0338252308916999,0.0919595795943925,0.5703703703703704,135,0.1458333333333333,-7.712130011957123,43,5,0
XRP/USDT:USDT,1h,oos,B,touch,72,0.4027777777777778,-0.0835537824714996,0.1291471525705858,0.7142857142857143,154,0.0069444444444444,-10.36577538266338,65,6,1
XRP/USDT:USDT,1h,oos,C,touch,48,0.4791666666666667,-0.0308643793753828,0.0809362104907226,0.6583333333333333,120,0.1979166666666666,-7.182176186007192,44,4,0
TRX/USDT:USDT,1h,full,A,none,209,0.4832535885167464,0.0303187827314048,0.1238082186154138,0.7852631578947369,475,0.208133971291866,1.883659989710479,0,0,0
TRX/USDT:USDT,1h,full,B,contained,207,0.4830917874396135,0.030164394320444,0.1238082186154142,0.7846481876332623,469,0.2077294685990338,1.8878975623076937,153,34,20
TRX/USDT:USDT,1h,full,C,contained,75,0.4,-0.0713623471344441,0.096951482238511,0.6975,400,0.0,-12.662199301136988,70,5,0
TRX/USDT:USDT,1h,full,B,proximal_in,207,0.4830917874396135,0.030164394320444,0.1238082186154142,0.7851063829787234,470,0.2077294685990338,1.8878975623076937,166,25,16
TRX/USDT:USDT,1h,full,C,proximal_in,83,0.4457831325301205,-0.0098893871969597,0.0845548945100411,0.656934306569343,411,0.1144578313253012,-1.1672135517966742,79,4,0
TRX/USDT:USDT,1h,full,B,touch,209,0.4832535885167464,0.0303187827314048,0.1238082186154138,0.7864693446088795,473,0.208133971291866,1.883659989710479,186,14,9
TRX/USDT:USDT,1h,full,C,touch,95,0.3894736842105263,-0.0850976001952909,0.1180378880827828,0.7112860892388452,381,-0.0263157894736842,-12.551641439427993,92,3,0
TRX/USDT:USDT,1h,is,A,none,138,0.4927536231884058,0.0728099501695429,0.0471428413614915,0.7648902821316614,319,0.2318840579710145,5.335431027790795,0,0,0
TRX/USDT:USDT,1h,is,B,contained,136,0.4926470588235294,0.0726491946575155,0.0471428413614915,0.7658227848101266,316,0.2316176470588235,5.378670979117939,94,28,14
TRX/USDT:USDT,1h,is,C,contained,59,0.3898305084745763,-0.0634209663810612,0.0943524814301937,0.6692015209125475,263,-0.0254237288135593,-13.764890550748618,55,4,0
TRX/USDT:USDT,1h,is,B,proximal_in,136,0.4926470588235294,0.0726491946575155,0.0471428413614915,0.7658227848101266,316,0.2316176470588235,5.378670979117939,104,20,12
TRX/USDT:USDT,1h,is,C,proximal_in,62,0.4354838709677419,-0.0086540936313491,0.0845548945100411,0.6282527881040892,269,0.0887096774193548,-1.3322080434831556,59,3,0
TRX/USDT:USDT,1h,is,B,touch,138,0.4927536231884058,0.0728099501695429,0.0471428413614915,0.7672955974842768,318,0.2318840579710145,5.335431027790795,120,11,7
TRX/USDT:USDT,1h,is,C,touch,73,0.3698630136986301,-0.0783944999809304,0.1180378880827828,0.6954732510288066,243,-0.0753424657534246,-14.35652793114513,71,2,0
TRX/USDT:USDT,1h,oos,A,none,69,0.4492753623188406,-0.0499149873361946,0.1332121436144332,0.8266666666666667,150,0.1231884057971014,-8.320219275383561,0,0,0
TRX/USDT:USDT,1h,oos,B,contained,69,0.4492753623188406,-0.0499149873361946,0.1332121436144332,0.8231292517006803,147,0.1231884057971014,-8.320219275383561,57,6,6
TRX/USDT:USDT,1h,oos,C,contained,16,0.4375,-0.0084791357383603,0.0271550087544729,0.7424242424242424,132,0.09375,-7.672450306683868,15,1,0
TRX/USDT:USDT,1h,oos,B,proximal_in,69,0.4492753623188406,-0.0499149873361946,0.1332121436144332,0.8243243243243243,148,0.1231884057971014,-8.320219275383561,60,5,4
TRX/USDT:USDT,1h,oos,C,proximal_in,21,0.4761904761904761,-0.0012460772372252,0.0225666670670986,0.7007299270072993,137,0.1904761904761904,-0.5705546003551762,20,1,0
TRX/USDT:USDT,1h,oos,B,touch,69,0.4492753623188406,-0.0499149873361946,0.1332121436144332,0.825503355704698,149,0.1231884057971014,-8.320219275383561,64,3,2
TRX/USDT:USDT,1h,oos,C,touch,22,0.4545454545454545,-0.0072732858227134,0.0319557627424095,0.7293233082706767,133,0.1363636363636363,-5.155193788137894,21,1,0
BTC/USDT:USDT,15m,full,A,none,811,0.5018495684340321,0.41443686399350954,0.1423022971810841,0.828099173553719,2420,0.25462392108508014,10.488570874910165,0,0,0
BTC/USDT:USDT,15m,full,B,contained,780,0.5064102564102564,0.4471995661374036,0.14437600630305925,0.8261056247316445,2329,0.266025641025641,11.534355727208611,0,609,171
BTC/USDT:USDT,15m,full,C,contained,274,0.5291970802919708,0.13873998337571355,0.0745635079279579,0.6744741873804971,2092,0.32299270072992703,14.590159064538994,0,267,7
BTC/USDT:USDT,15m,full,B,proximal_in,789,0.5057034220532319,0.4484969814906577,0.1381839824670625,0.8272074355724546,2367,0.26425855513307983,11.452358547008304,0,645,144
BTC/USDT:USDT,15m,full,C,proximal_in,299,0.5250836120401338,0.1418999255748784,0.06584573658399591,0.6618671620993962,2153,0.31270903010033446,13.591478733145587,0,294,5
BTC/USDT:USDT,15m,full,B,touch,806,0.5024813895781638,0.4049273801487305,0.13818398246706204,0.8288100208768268,2395,0.25620347394540943,10.378754437471331,0,717,89
BTC/USDT:USDT,15m,full,C,touch,311,0.4790996784565916,-0.061302057814279214,0.18315401569386663,0.704368932038835,2060,0.1977491961414791,-5.256401966406993,0,307,4
BTC/USDT:USDT,15m,is,A,none,533,0.5084427767354597,0.32123133736330345,0.12153758317555309,0.8206896551724138,1595,0.27110694183864914,12.79626994410604,0,0,0
BTC/USDT:USDT,15m,is,B,contained,507,0.514792899408284,0.34520415650178454,0.1112988034166475,0.817351598173516,1533,0.2869822485207101,14.253372055064252,0,391,116
BTC/USDT:USDT,15m,is,C,contained,179,0.5586592178770949,0.173053233819659,0.03690850838820505,0.6782861292665214,1377,0.39664804469273746,27.467189802679567,0,173,6
BTC/USDT:USDT,15m,is,B,proximal_in,513,0.5126705653021443,0.33691150642694756,0.1055464565642601,0.8190598840952994,1553,0.28167641325536064,13.825167587753493,0,409,104
BTC/USDT:USDT,15m,is,C,proximal_in,190,0.5578947368421052,0.1870297860377019,0.04872263652625357,0.6706884315117104,1409,0.39473684210526316,27.38670849122879,0,186,4
BTC/USDT:USDT,15m,is,B,touch,529,0.5085066162570888,0.30607723863245573,0.11691530946205776,0.8210659898477157,1576,0.2712665406427221,12.431092336586127,0,465,64
BTC/USDT:USDT,15m,is,C,touch,203,0.5172413793103449,0.06843054914349432,0.08177804139131456,0.7045285820341499,1347,0.29310344827586204,10.070642362847334,0,200,3
BTC/USDT:USDT,15m,oos,A,none,253,0.4782608695652174,0.025310032813136787,0.1351074898003508,0.8397435897435898,780,0.1956521739130435,2.97635189047771,0,0,0
BTC/USDT:USDT,15m,oos,B,contained,250,0.48,0.03022914716019186,0.13719859425599468,0.8397350993377484,755,0.2,3.4226054130115027,0,198,52
BTC/USDT:USDT,15m,oos,C,contained,84,0.4642857142857143,-0.03613908455734545,0.07529863566435688,0.6592592592592592,675,0.16071428571428573,-11.82283974826791,0,84,0
BTC/USDT:USDT,15m,oos,B,proximal_in,251,0.4820717131474104,0.03768476257395305,0.13095462855437184,0.8400520156046815,769,0.2051792828685259,4.049214742567161,0,217,34
BTC/USDT:USDT,15m,oos,C,proximal_in,98,0.45918367346938777,-0.044844789673309786,0.07154639470472135,0.6385714285714286,700,0.14795918367346939,-12.801338107005163,0,98,0
BTC/USDT:USDT,15m,oos,B,touch,252,0.4801587301587302,0.030233153605800908,0.13095462855437132,0.8410852713178295,774,0.2003968253968254,3.404133598306804,0,232,20
BTC/USDT:USDT,15m,oos,C,touch,99,0.3838383838383838,-0.1314352956052031,0.14764228740033727,0.6994047619047619,672,-0.04040404040404041,-40.93822356164168,0,99,0
ETH/USDT:USDT,15m,full,A,none,983,0.5045778229908443,0.6874578817826332,0.33733814246502614,0.8086319218241043,2456,0.2614445574771109,11.587851893018875,0,0,0
ETH/USDT:USDT,15m,full,B,contained,952,0.5021008403361344,0.5960630887070407,0.3214688573347568,0.8069579974543912,2357,0.2552521008403361,10.744789729297619,0,768,184
ETH/USDT:USDT,15m,full,C,contained,499,0.5671342685370742,0.7224325453751346,0.06565843901603008,0.6758555133079848,2104,0.41783567134268534,29.40279871140396,0,471,28
ETH/USDT:USDT,15m,full,B,proximal_in,958,0.5031315240083507,0.6354106734825169,0.31701112535117626,0.8061139028475712,2388,0.2578288100208768,11.203760755639147,0,797,161
ETH/USDT:USDT,15m,full,C,proximal_in,514,0.5680933852140078,0.7550010372250389,0.0707621010818281,0.6540240518038853,2162,0.42023346303501946,29.501561537520196,0,488,26
ETH/USDT:USDT,15m,full,B,touch,972,0.5041152263374485,0.6606442276943791,0.32054742635721784,0.8073432343234324,2424,0.2602880658436214,11.372476233141786,0,872,100
ETH/USDT:USDT,15m,full,C,touch,549,0.5282331511839709,0.4140019921086336,0.07452771822261463,0.7097852028639619,2095,0.3205828779599271,17.15222640221142,0,524,25
ETH/USDT:USDT,15m,is,A,none,627,0.48165869218500795,0.036259406162898085,0.33733814246502614,0.8095545513234345,1549,0.20414673046251994,2.0171726159811567,0,0,0
ETH/USDT:USDT,15m,is,B,contained,609,0.48111658456486045,0.04886740968243666,0.3214688573347568,0.8084962913014161,1483,0.20279146141215107,2.456372617984657,0,482,127
ETH/USDT:USDT,15m,is,C,contained,294,0.5476190476190477,0.30950001641576147,0.06565843901603008,0.6816479400749064,1335,0.36904761904761907,24.79306761561728,0,276,18
ETH/USDT:USDT,15m,is,B,proximal_in,613,0.4828711256117455,0.06406600663208702,0.31701112535117626,0.8065376917945297,1499,0.20717781402936378,2.9281260538956984,0,503,110
ETH/USDT:USDT,15m,is,C,proximal_in,306,0.545751633986928,0.31391334373192786,0.0707621010818281,0.6622710622710622,1365,0.36437908496732024,24.088675692342644,0,290,16
ETH/USDT:USDT,15m,is,B,touch,621,0.4830917874396135,0.058323238950288944,0.32054742635721784,0.8085245901639344,1525,0.20772946859903382,2.723480563645184,0,557,64
ETH/USDT:USDT,15m,is,C,touch,334,0.5029940119760479,0.12564150423469073,0.05934059624874286,0.7195767195767195,1323,0.25748502994011974,9.9313037343262,0,318,16
ETH/USDT:USDT,15m,oos,A,none,341,0.5454545454545454,0.6081230916532456,0.07498753176007861,0.8024830699774267,886,0.36363636363636365,28.31210135456767,0,0,0
ETH/USDT:USDT,15m,oos,B,contained,330,0.5393939393939394,0.5081821043047213,0.07120378609480027,0.8,855,0.3484848484848485,25.362235764889647,0,275,55
ETH/USDT:USDT,15m,oos,C,contained,198,0.601010101010101,0.32490500737310085,0.051035563832475365,0.6622340425531915,752,0.5025252525252525,38.735090236275894,0,189,9
ETH/USDT:USDT,15m,oos,B,proximal_in,332,0.5391566265060241,0.5232899583495766,0.07120378609480021,0.8011494252873563,870,0.34789156626506024,25.798655616963035,0,283,49
ETH/USDT:USDT,15m,oos,C,proximal_in,201,0.6069651741293532,0.34542248377684753,0.04375933316036252,0.6358974358974359,780,0.5174129353233831,40.27699271546967,0,192,9
ETH/USDT:USDT,15m,oos,B,touch,337,0.543026706231454,0.571852203990096,0.06863531822106458,0.800910125142207,879,0.35756676557863504,27.272219119306516,0,304,33
ETH/USDT:USDT,15m,oos,C,touch,206,0.5825242718446602,0.30203480765334006,0.06467086360817739,0.6900662251655629,755,0.4563106796116505,34.42570757119549,0,200,6
SOL/USDT:USDT,15m,full,A,none,1168,0.5085616438356164,1.4730996852010139,0.15935614549449192,0.8093865788390284,2429,0.2714041095890411,15.74951663628155,0,0,0
SOL/USDT:USDT,15m,full,B,contained,1128,0.5044326241134752,1.271285738385139,0.15123985771932147,0.8091374893253629,2342,0.26108156028368795,14.795651557745408,0,907,221
SOL/USDT:USDT,15m,full,C,contained,663,0.5731523378582202,1.2547213354299551,0.13360371224247605,0.6845761926817971,2159,0.43288084464555054,30.853333914029736,0,633,30
SOL/USDT:USDT,15m,full,B,proximal_in,1134,0.5052910052910053,1.3226039308212054,0.1560274740058117,0.8083933870284019,2359,0.26322751322751325,15.09557092779451,0,959,175
SOL/USDT:USDT,15m,full,C,proximal_in,692,0.5722543352601156,1.3250332034350762,0.12092947082287943,0.6666666666666666,2208,0.430635838150289,30.39320653696912,0,668,24
SOL/USDT:USDT,15m,full,B,touch,1153,0.5073720728534259,1.4091094217834321,0.15935614549449098,0.8090263267864605,2393,0.2684301821335646,15.497959342221252,0,1056,97
SOL/USDT:USDT,15m,full,C,touch,755,0.5298013245033113,0.6692372769451329,0.15710111132451143,0.7139446036294174,2094,0.32450331125827814,17.40114053248965,0,735,20
SOL/USDT:USDT,15m,is,A,none,794,0.5062972292191436,0.9239273300540506,0.15935614549449192,0.8035935563816605,1614,0.26574307304785894,16.33969050092745,0,0,0
SOL/USDT:USDT,15m,is,B,contained,770,0.5025974025974026,0.8011601570948147,0.15123985771932147,0.8039845758354756,1556,0.2564935064935065,15.179757745895383,0,617,153
SOL/USDT:USDT,15m,is,C,contained,473,0.5644820295983086,0.7655277020819075,0.13360371224247605,0.6912280701754386,1425,0.41120507399577166,29.49567484867795,0,448,25
SOL/USDT:USDT,15m,is,B,proximal_in,775,0.5032258064516129,0.8153082035634561,0.1560274740058117,0.8038216560509555,1570,0.25806451612903225,15.282362346460296,0,651,124
SOL/USDT:USDT,15m,is,C,proximal_in,493,0.5699797160243407,0.8973252828621975,0.12092947082287943,0.6785714285714286,1456,0.4249492900608519,31.68013776904215,0,472,21
SOL/USDT:USDT,15m,is,B,touch,789,0.5057034220532319,0.8857525958567567,0.15935614549449098,0.8038969201759899,1591,0.26425855513307983,15.969952412511862,0,721,68
SOL/USDT:USDT,15m,is,C,touch,542,0.5350553505535055,0.6186049890551971,0.15710111132451143,0.7192224622030238,1389,0.3376383763837638,22.17844491451099,0,527,15
SOL/USDT:USDT,15m,oos,A,none,358,0.505586592178771,0.20689974148899856,0.13962754678480702,0.8185279187817259,788,0.2639664804469274,11.535163048395662,0,0,0
SOL/USDT:USDT,15m,oos,B,contained,342,0.5,0.18396176788782959,0.14034769743256764,0.8168642951251647,759,0.25,10.882375206103655,0,276,66
SOL/USDT:USDT,15m,oos,C,contained,182,0.5934065934065934,0.25931998078648394,0.058246446618886644,0.6765536723163842,708,0.4835164835164835,34.11457757657951,0,178,4
SOL/USDT:USDT,15m,oos,B,proximal_in,343,0.5014577259475219,0.20127661411508999,0.14034769743256764,0.8149606299212598,762,0.2536443148688047,11.693271989756264,0,294,49
SOL/USDT:USDT,15m,oos,C,proximal_in,191,0.581151832460733,0.23211352258376355,0.05824644661888658,0.6473829201101928,726,0.45287958115183247,28.899215120095796,0,189,2
SOL/USDT:USDT,15m,oos,B,touch,348,0.5028735632183908,0.1994718164573549,0.13330593077095515,0.8167741935483871,775,0.257183908045977,11.456188663426456,0,320,28
SOL/USDT:USDT,15m,oos,C,touch,203,0.5270935960591133,0.07248366106658141,0.05824644661888648,0.7088235294117647,680,0.31773399014778325,9.687791330239987,0,199,4
BNB/USDT:USDT,15m,full,A,none,833,0.46218487394957986,-0.11845930747930779,0.31471635973134765,0.8252562907735321,2146,0.15546218487394958,-2.5175180130168435,0,0,0
BNB/USDT:USDT,15m,full,B,contained,798,0.4649122807017544,-0.0774220473995776,0.2926629073167205,0.8234155781325593,2067,0.16228070175438597,-1.40081828157973,0,637,161
BNB/USDT:USDT,15m,full,C,contained,340,0.47941176470588237,-0.04350672944884336,0.15292545182134992,0.7126745435016112,1862,0.19852941176470587,-3.013977063981297,0,322,18
BNB/USDT:USDT,15m,full,B,proximal_in,807,0.4634448574969021,-0.10302428530426459,0.30396438688134875,0.8231064237775647,2086,0.15861214374225527,-2.144796063105882,0,665,142
BNB/USDT:USDT,15m,full,C,proximal_in,355,0.48169014084507045,-0.01855215837188807,0.16261822376288712,0.7005263157894737,1900,0.20422535211267606,-0.8121223133907183,0,338,17
BNB/USDT:USDT,15m,full,B,touch,821,0.4591961023142509,-0.1537569679598626,0.33675030349156365,0.823890462700661,2118,0.14799025578562727,-3.66229221720984,0,729,92
BNB/USDT:USDT,15m,full,C,touch,374,0.4625668449197861,-0.09594361399608115,0.18816167620222343,0.742217367558711,1831,0.15641711229946523,-6.72973829605571,0,360,14
BNB/USDT:USDT,15m,is,A,none,558,0.4731182795698925,0.06760610368099533,0.24812458611373825,0.8302945301542777,1426,0.1827956989247312,3.3528054665352345,0,0,0
BNB/USDT:USDT,15m,is,B,contained,533,0.47654784240150094,0.1058567891607985,0.2320884804165224,0.8282163742690059,1368,0.19136960600375236,4.89596497403293,0,413,120
BNB/USDT:USDT,15m,is,C,contained,212,0.47641509433962265,-0.0006076312418039378,0.11613583881240072,0.7137064071370641,1233,0.19103773584905662,0.5518851538113672,0,198,14
BNB/USDT:USDT,15m,is,B,proximal_in,540,0.4759259259259259,0.08984435832344388,0.22907190656945342,0.8283852280955829,1381,0.18981481481481483,4.264541876647601,0,433,107
BNB/USDT:USDT,15m,is,C,proximal_in,225,0.4888888888888889,0.04636914514678865,0.11347230017471946,0.7026169706582077,1261,0.2222222222222222,6.1238393957460815,0,210,15
BNB/USDT:USDT,15m,is,B,touch,550,0.4709090909090909,0.037488660942691786,0.2605843437942454,0.8285917496443812,1406,0.17727272727272728,2.258802447174562,0,481,69
BNB/USDT:USDT,15m,is,C,touch,241,0.4605809128630705,-0.05011553275503575,0.16178948285183897,0.7397034596375618,1214,0.15145228215767634,-5.145627421675618,0,228,13
BNB/USDT:USDT,15m,oos,A,none,271,0.43911439114391143,-0.1719627838310591,0.2021280482644725,0.8137254901960784,714,0.09778597785977859,-14.712045170886867,0,0,0
BNB/USDT:USDT,15m,oos,B,contained,261,0.44061302681992337,-0.16339063165381504,0.19386817823124416,0.8124098124098124,693,0.10153256704980843,-14.342961589175674,0,220,41
BNB/USDT:USDT,15m,oos,C,contained,127,0.48031496062992124,-0.04988126031376087,0.07852138516713002,0.7078651685393258,623,0.20078740157480315,-10.736439097621986,0,123,4
BNB/USDT:USDT,15m,oos,B,proximal_in,263,0.4372623574144487,-0.1746564822343831,0.20472361566226513,0.8111587982832618,699,0.09315589353612168,-15.395970872620472,0,228,35
BNB/USDT:USDT,15m,oos,C,proximal_in,129,0.46511627906976744,-0.0688614796452648,0.0898173685190202,0.693522906793049,633,0.16279069767441862,-14.795462163314243,0,127,2
BNB/USDT:USDT,15m,oos,B,touch,267,0.4344569288389513,-0.18204335089158286,0.21184138186606274,0.8130311614730878,706,0.08614232209737828,-15.999090103848795,0,244,23
BNB/USDT:USDT,15m,oos,C,touch,132,0.4621212121212121,-0.05516336061866586,0.07837600928609706,0.7446808510638298,611,0.1553030303030303,-11.239898707916579,0,131,1
XRP/USDT:USDT,15m,full,A,none,972,0.48662551440329216,0.37748165884778884,0.19433895193394468,0.7990492653414002,2314,0.21656378600823045,7.44326332209882,0,0,0
XRP/USDT:USDT,15m,full,B,contained,927,0.49083063646170444,0.4736213788222722,0.15906887759633037,0.794755877034358,2212,0.22707659115426107,9.203800155504918,0,764,163
XRP/USDT:USDT,15m,full,C,contained,467,0.5331905781584583,0.18816058777066483,0.15895080978576745,0.6745117676514772,1997,0.3329764453961456,9.948562127412815,0,447,20
XRP/USDT:USDT,15m,full,B,proximal_in,941,0.48990435706695007,0.4560757480235279,0.15886509593620618,0.7955456570155902,2245,0.22476089266737515,8.816022695327668,0,805,136
XRP/USDT:USDT,15m,full,C,proximal_in,487,0.5318275154004107,0.20943125033083707,0.1458359640243534,0.6611246943765281,2045,0.3295687885010267,10.325339641052185,0,468,19
XRP/USDT:USDT,15m,full,B,touch,954,0.48742138364779874,0.3911543997792491,0.18291291202323523,0.7966622749231445,2277,0.21855345911949686,7.761599505943916,0,875,79
XRP/USDT:USDT,15m,full,C,touch,508,0.48031496062992124,-0.13743047380820772,0.23158636526023116,0.7074279939363315,1979,0.20078740157480315,-6.407927865221681,0,494,14
XRP/USDT:USDT,15m,is,A,none,634,0.48738170347003157,0.3524244479989251,0.11901708702404759,0.8041168658698539,1506,0.21845425867507887,10.184851017531674,0,0,0
XRP/USDT:USDT,15m,is,B,contained,605,0.4909090909090909,0.4105556484842931,0.1077215240874843,0.80083857442348,1431,0.22727272727272727,12.006759905788595,0,487,118
XRP/USDT:USDT,15m,is,C,contained,298,0.5033557046979866,0.01628009623956168,0.15895080978576745,0.6617647058823529,1292,0.25838926174496646,2.0478472458253165,0,282,16
XRP/USDT:USDT,15m,is,B,proximal_in,615,0.4894308943089431,0.38942688897674704,0.10665870566726399,0.8012337217272104,1459,0.22357723577235772,11.327245429887858,0,513,102
XRP/USDT:USDT,15m,is,C,proximal_in,310,0.5064516129032258,0.04364361273823488,0.1458359640243534,0.6480783722682742,1327,0.2661290322580645,4.059477005206157,0,295,15
XRP/USDT:USDT,15m,is,B,touch,622,0.4871382636655949,0.34762857064757174,0.11632188855842525,0.8012170385395537,1479,0.21784565916398713,10.247736507568595,0,564,58
XRP/USDT:USDT,15m,is,C,touch,325,0.4676923076923077,-0.1308952528465459,0.19146036298272637,0.6990668740279938,1286,0.16923076923076924,-9.640572776058534,0,313,12
XRP/USDT:USDT,15m,oos,A,none,333,0.4804804804804805,-0.030573320851364952,0.19505326280061833,0.7875,800,0.2012012012012012,-1.1295369766144545,0,0,0
XRP/USDT:USDT,15m,oos,B,contained,319,0.48589341692789967,-0.0019083595187004902,0.15906887753465965,0.7822164948453608,776,0.21473354231974923,0.7143318558310993,0,276,43
XRP/USDT:USDT,15m,oos,C,contained,167,0.592814371257485,0.18183138275079327,0.05893125501565007,0.6985714285714286,700,0.4820359281437126,26.20686572196117,0,163,4
XRP/USDT:USDT,15m,oos,B,proximal_in,321,0.48598130841121495,-0.0025516305210310747,0.15961085843510966,0.7830551989730423,779,0.21495327102803738,0.6708198269960234,0,289,32
XRP/USDT:USDT,15m,oos,C,proximal_in,175,0.5828571428571429,0.17144731810243247,0.06473588084935895,0.6877637130801688,711,0.45714285714285713,23.586061749689847,0,171,4
XRP/USDT:USDT,15m,oos,B,touch,327,0.4831804281345566,-0.017466697523318725,0.18363735337694392,0.786346396965866,791,0.20795107033639143,-0.29218653449077464,0,307,20
XRP/USDT:USDT,15m,oos,C,touch,180,0.5111111111111111,0.008105423098651953,0.11744840568551869,0.7259475218658892,686,0.2777777777777778,1.8208691082391881,0,178,2
TRX/USDT:USDT,15m,full,A,none,496,0.41935483870967744,-0.30184656802385196,0.34454378282361164,0.8056394763343404,1986,0.04838709677419355,-17.918534355637,0,0,0
TRX/USDT:USDT,15m,full,B,contained,481,0.42203742203742206,-0.28185625529290853,0.33500547592421787,0.8063324538258575,1895,0.0550935550935551,-16.902058315669528,0,386,95
TRX/USDT:USDT,15m,full,C,contained,116,0.5086206896551724,0.01882985647348214,0.060551249300117356,0.6937424789410349,1662,0.27155172413793105,5.43910802219617,0,114,2
TRX/USDT:USDT,15m,full,B,proximal_in,485,0.41855670103092785,-0.2981954428073138,0.3414786675768015,0.8064516129032258,1922,0.04639175257731959,-17.997475960274027,0,402,83
TRX/USDT:USDT,15m,full,C,proximal_in,124,0.5241935483870968,0.049208510231135184,0.06956206921431106,0.6754232340922358,1713,0.31048387096774194,12.246140127688479,0,122,2
TRX/USDT:USDT,15m,full,B,touch,490,0.4204081632653061,-0.29233287196683133,0.33597766602055207,0.8061538461538461,1950,0.05102040816326531,-17.384319411978684,0,439,51
TRX/USDT:USDT,15m,full,C,touch,134,0.4626865671641791,-0.04432861703656708,0.10454814691302411,0.7159367396593674,1644,0.15671641791044777,-9.551015370089246,0,133,1
TRX/USDT:USDT,15m,is,A,none,367,0.4250681198910082,-0.2314990181537166,0.34454378282361164,0.7982932505818464,1289,0.06267029972752043,-17.03172579326276,0,0,0
TRX/USDT:USDT,15m,is,B,contained,354,0.4265536723163842,-0.22086699022404663,0.33500547592421787,0.7982099267697315,1229,0.06638418079096045,-16.594734791471073,0,281,73
TRX/USDT:USDT,15m,is,C,contained,91,0.46153846153846156,-0.024592430203430923,0.060551249300117356,0.6951672862453532,1076,0.15384615384615385,-7.325425066419406,0,89,2
TRX/USDT:USDT,15m,is,B,proximal_in,357,0.42296918767507,-0.23179593731371925,0.3414786675768015,0.797752808988764,1246,0.05742296918767507,-17.46742322015212,0,296,61
TRX/USDT:USDT,15m,is,C,proximal_in,99,0.48484848484848486,0.004491492541048865,0.06956206921431106,0.6753832281334535,1109,0.21212121212121213,1.9062066596781913,0,97,2
TRX/USDT:USDT,15m,is,B,touch,362,0.425414364640884,-0.22537869380726497,0.33597766602055207,0.7976190476190477,1260,0.06353591160220995,-16.674569245183267,0,323,39
TRX/USDT:USDT,15m,is,C,touch,107,0.4392523364485981,-0.059905010045650485,0.09570738335396092,0.7068160597572363,1071,0.09813084112149532,-16.01405188917631,0,106,1
TRX/USDT:USDT,15m,oos,A,none,125,0.384,-0.12008192180953665,0.1408174193581714,0.8216374269005848,684,-0.04,-29.604708616085592,0,0,0
TRX/USDT:USDT,15m,oos,B,contained,123,0.3902439024390244,-0.10723826552779502,0.13314660110796822,0.8213740458015267,655,-0.024390243902439025,-26.631035831784857,0,101,22
TRX/USDT:USDT,15m,oos,C,contained,24,0.6666666666666666,0.03842753916152888,0.02287491526512811,0.6892361111111112,576,0.6666666666666666,60.809366957478744,0,24,0
TRX/USDT:USDT,15m,oos,B,proximal_in,124,0.3870967741935484,-0.11513834761159997,0.14081741935817094,0.8225563909774436,665,-0.03225806451612903,-28.458857562479945,0,102,22
TRX/USDT:USDT,15m,oos,C,proximal_in,24,0.6666666666666666,0.03842753916152888,0.02287491526512811,0.6745362563237775,593,0.6666666666666666,60.809366957478744,0,24,0
TRX/USDT:USDT,15m,oos,B,touch,124,0.3870967741935484,-0.11513834761159997,0.14081741935817094,0.8217967599410898,679,-0.03225806451612903,-28.458857562479945,0,112,12
TRX/USDT:USDT,15m,oos,C,touch,26,0.5384615384615384,0.010642363463430046,0.021741206012326663,0.7330960854092526,562,0.34615384615384615,15.33327342396155,0,26,0
