lens,seed,symbol,timeframe,segment,scenario,leverage,total_return,win_rate,max_drawdown,num_trades,fill_rate,mean_r,sharpe,peak_concurrency,max_concurrent_risk_ratio,liquidations
baseline,0,BTC/USDT:USDT,15m,is,single,1.0,0.3374150074488156,0.5260663507109005,0.1114620916588946,422,0.49278091650973005,0.31516587677725116,16.31935556212527,1,,
baseline,0,BTC/USDT:USDT,15m,is,lev_1,1.0,0.3171112327092498,0.5191873589164786,0.1374272883820876,443,0.49278091650973005,0.2979683972911964,14.87416208141899,3,0.023709025637284557,0.0
baseline,0,BTC/USDT:USDT,15m,is,lev_2,2.0,0.4777872592538937,0.519650655021834,0.23307943061035252,458,0.49278091650973005,0.29912663755458513,15.14382419636621,5,0.04092227980940445,0.0
baseline,0,BTC/USDT:USDT,15m,is,lev_3,3.0,0.4799443161925801,0.5184381778741866,0.28497578400770307,461,0.49278091650973005,0.2960954446854664,14.072142750493615,6,0.0556697353261746,0.0
pen_5bp,0,BTC/USDT:USDT,15m,is,single,1.0,0.18259382066857124,0.5012787723785166,0.13691403285365028,391,0.43063402385436284,0.2531969309462916,10.280742110460533,1,,
pen_5bp,0,BTC/USDT:USDT,15m,is,lev_1,1.0,0.152598195375242,0.4951219512195122,0.1730612182773027,410,0.43063402385436284,0.23780487804878048,8.49523969172838,3,0.02388264965720822,0.0
pen_5bp,0,BTC/USDT:USDT,15m,is,lev_2,2.0,0.17257815421503148,0.49411764705882355,0.25917170421039437,425,0.43063402385436284,0.23529411764705882,7.20138357255426,5,0.040922279809404445,0.0
pen_5bp,0,BTC/USDT:USDT,15m,is,lev_3,3.0,0.1290776764995073,0.4929906542056075,0.29930272131951247,428,0.43063402385436284,0.2324766355140187,5.44937552089583,6,0.0556697353261746,0.0
pen_5bp_drop_50,0,BTC/USDT:USDT,15m,is,single,1.0,0.10296336808076266,0.4830917874396135,0.07938277577362743,207,0.21343377275580666,0.20772946859903382,10.930093408894194,1,,
pen_5bp_drop_50,0,BTC/USDT:USDT,15m,is,lev_1,1.0,0.08209006518887309,0.48130841121495327,0.07938277577362692,214,0.21343377275580666,0.20327102803738317,8.731162211424074,3,0.020093327027627676,0.0
pen_5bp_drop_50,0,BTC/USDT:USDT,15m,is,lev_2,2.0,0.04762590531721362,0.4838709677419355,0.11233616688846088,217,0.21343377275580666,0.20967741935483872,4.541214018196408,3,0.030000000000000002,0.0
pen_5bp_drop_50,0,BTC/USDT:USDT,15m,is,lev_3,3.0,0.01720337661503927,0.4838709677419355,0.13340175823364142,217,0.21343377275580666,0.20967741935483872,2.340907450311063,3,0.030000000000000002,0.0
pen_5bp_drop_50,1,BTC/USDT:USDT,15m,is,single,1.0,0.026847482209983717,0.4663677130044843,0.16328414816185619,223,0.22096672944130571,0.16591928251121077,3.3870621145696846,1,,
pen_5bp_drop_50,1,BTC/USDT:USDT,15m,is,lev_1,1.0,0.011310056566970525,0.46551724137931033,0.1876476613986074,232,0.22096672944130571,0.16379310344827586,1.8565067785794316,3,0.020417642935694532,0.0
pen_5bp_drop_50,1,BTC/USDT:USDT,15m,is,lev_2,2.0,-0.044416650743323044,0.46835443037974683,0.27271158626192865,237,0.22096672944130571,0.17088607594936708,-2.051657046136715,3,0.030000000000000002,0.0
pen_5bp_drop_50,1,BTC/USDT:USDT,15m,is,lev_3,3.0,-0.07602779629573198,0.46835443037974683,0.30037390986277523,237,0.22096672944130571,0.17088607594936708,-3.848132898967626,3,0.030000000000000002,0.0
pen_5bp_drop_50,2,BTC/USDT:USDT,15m,is,single,1.0,0.012772226655962005,0.4835680751173709,0.188527962437933,213,0.21343377275580666,0.20892018779342722,2.1090998486769577,1,,
pen_5bp_drop_50,2,BTC/USDT:USDT,15m,is,lev_1,1.0,0.030968264968079348,0.4864864864864865,0.20036958421831763,222,0.21343377275580666,0.21621621621621623,3.8475843639665634,3,0.020672012572107854,0.0
pen_5bp_drop_50,2,BTC/USDT:USDT,15m,is,lev_2,2.0,0.009868048205681953,0.4826086956521739,0.29187852263134245,230,0.21343377275580666,0.20652173913043478,1.7622745656686307,5,0.04096029072728351,0.0
pen_5bp_drop_50,2,BTC/USDT:USDT,15m,is,lev_3,3.0,-0.0036703895107833887,0.4826086956521739,0.31267227013267707,230,0.21343377275580666,0.20652173913043478,0.910372689193597,5,0.049999999999999996,0.0
pen_5bp_drop_50,3,BTC/USDT:USDT,15m,is,single,1.0,0.18106349180061299,0.5194174757281553,0.08886680099742612,206,0.21217827997489014,0.29854368932038833,18.395576669652883,1,,
pen_5bp_drop_50,3,BTC/USDT:USDT,15m,is,lev_1,1.0,0.15779272166208066,0.514018691588785,0.09111885805911539,214,0.21217827997489014,0.2850467289719626,15.814833679415633,2,0.02,0.0
pen_5bp_drop_50,3,BTC/USDT:USDT,15m,is,lev_2,2.0,0.2097289272946411,0.5138888888888888,0.15189864501232364,216,0.21217827997489014,0.2847222222222222,15.307654532476436,3,0.030000000000000002,0.0
pen_5bp_drop_50,3,BTC/USDT:USDT,15m,is,lev_3,3.0,0.19130815121755168,0.5138888888888888,0.16439814376263182,216,0.21217827997489014,0.2847222222222222,13.32130543705133,3,0.030000000000000002,0.0
pen_5bp_drop_50,4,BTC/USDT:USDT,15m,is,single,1.0,0.016590320003769192,0.4788732394366197,0.16160245472185678,213,0.22033898305084745,0.19718309859154928,2.4792843360490946,1,,
pen_5bp_drop_50,4,BTC/USDT:USDT,15m,is,lev_1,1.0,-0.009613067857888746,0.47533632286995514,0.19094186450147044,223,0.22033898305084745,0.18834080717488788,-0.15559765112279397,3,0.020087890385668335,0.0
pen_5bp_drop_50,4,BTC/USDT:USDT,15m,is,lev_2,2.0,0.005082328831700761,0.4782608695652174,0.22527402939810176,230,0.22033898305084745,0.1956521739130435,1.4288428453184518,4,0.0342737151468212,0.0
pen_5bp_drop_50,4,BTC/USDT:USDT,15m,is,lev_3,3.0,-0.016420367084406463,0.4782608695652174,0.24126310003028376,230,0.22033898305084745,0.1956521739130435,0.07209536427072247,4,0.04,0.0
baseline,0,BTC/USDT:USDT,15m,oos,single,1.0,0.04139974690400904,0.48372093023255813,0.11424428102960626,215,0.5153452685421995,0.20930232558139536,4.937619494064064,1,,
baseline,0,BTC/USDT:USDT,15m,oos,lev_1,1.0,0.056610517931913455,0.48672566371681414,0.12679821491339227,226,0.5153452685421995,0.2168141592920354,6.197353030532549,2,0.02,0.0
baseline,0,BTC/USDT:USDT,15m,oos,lev_2,2.0,0.021596065798669586,0.4870689655172414,0.16709387420880648,232,0.5153452685421995,0.21767241379310345,2.5821912728993524,3,0.02351269963474774,0.0
baseline,0,BTC/USDT:USDT,15m,oos,lev_3,3.0,0.013870274376756787,0.48497854077253216,0.17034599850527585,233,0.5153452685421995,0.21244635193133046,2.047240065069783,3,0.02774289195023613,0.0
pen_5bp,0,BTC/USDT:USDT,15m,oos,single,1.0,-0.03812247531639168,0.4504950495049505,0.13133678686956762,202,0.4475703324808184,0.12623762376237624,-3.408618874459331,1,,
pen_5bp,0,BTC/USDT:USDT,15m,oos,lev_1,1.0,-0.03539146873584305,0.45023696682464454,0.14496710502804605,211,0.4475703324808184,0.12559241706161137,-2.983306908239685,2,0.02,0.0
pen_5bp,0,BTC/USDT:USDT,15m,oos,lev_2,2.0,-0.12020088754743902,0.4537037037037037,0.1980183785887068,216,0.4475703324808184,0.13425925925925927,-8.827604042804543,2,0.02,0.0
pen_5bp,0,BTC/USDT:USDT,15m,oos,lev_3,3.0,-0.15016112441491022,0.45161290322580644,0.21026189933568668,217,0.4475703324808184,0.12903225806451613,-10.158699304440383,2,0.02,0.0
pen_5bp_drop_50,0,BTC/USDT:USDT,15m,oos,single,1.0,-0.05848586985523271,0.4336283185840708,0.09382032795895547,113,0.22634271099744246,0.084070796460177,-10.899944635420992,1,,
pen_5bp_drop_50,0,BTC/USDT:USDT,15m,oos,lev_1,1.0,-0.05612475952143214,0.4396551724137931,0.09382032795895547,116,0.22634271099744246,0.09913793103448276,-10.273482701537738,2,0.011883413918186599,0.0
pen_5bp_drop_50,0,BTC/USDT:USDT,15m,oos,lev_2,2.0,-0.1085303499864327,0.4406779661016949,0.13322517082213034,118,0.22634271099744246,0.1016949152542373,-15.196867149916393,2,0.02,0.0
pen_5bp_drop_50,0,BTC/USDT:USDT,15m,oos,lev_3,3.0,-0.12332150455587944,0.4406779661016949,0.14729259419862106,118,0.22634271099744246,0.1016949152542373,-15.648929929137287,2,0.02,0.0
pen_5bp_drop_50,1,BTC/USDT:USDT,15m,oos,single,1.0,-0.01495413102853272,0.44339622641509435,0.06879350812464707,106,0.21994884910485935,0.10849056603773585,-2.150857694145118,1,,
pen_5bp_drop_50,1,BTC/USDT:USDT,15m,oos,lev_1,1.0,-0.021033143069075957,0.44954128440366975,0.07454026130097696,109,0.21994884910485935,0.12385321100917432,-3.306863413574685,2,0.017649906942798485,0.0
pen_5bp_drop_50,1,BTC/USDT:USDT,15m,oos,lev_2,2.0,-0.0653367926740344,0.44954128440366975,0.10887711744893812,109,0.21994884910485935,0.12385321100917432,-8.992181241258145,2,0.02,0.0
pen_5bp_drop_50,1,BTC/USDT:USDT,15m,oos,lev_3,3.0,-0.08362046978676008,0.44545454545454544,0.12806142383029678,110,0.21994884910485935,0.11363636363636363,-10.78160515683767,2,0.02,0.0
pen_5bp_drop_50,2,BTC/USDT:USDT,15m,oos,single,1.0,-0.10984562690516977,0.36538461538461536,0.13553182110932863,104,0.23145780051150894,-0.08653846153846154,-22.64276838248975,1,,
pen_5bp_drop_50,2,BTC/USDT:USDT,15m,oos,lev_1,1.0,-0.11545774101828284,0.3644859813084112,0.14122040138581105,107,0.23145780051150894,-0.08878504672897196,-23.487859020603427,2,0.01764990694279848,0.0
pen_5bp_drop_50,2,BTC/USDT:USDT,15m,oos,lev_2,2.0,-0.22217627554488426,0.37168141592920356,0.2524210124781118,113,0.23145780051150894,-0.07079646017699115,-35.971027493114526,2,0.02,0.0
pen_5bp_drop_50,2,BTC/USDT:USDT,15m,oos,lev_3,3.0,-0.2605740418188248,0.3684210526315789,0.29082122043074193,114,0.23145780051150894,-0.07894736842105263,-39.73871296694178,2,0.02,0.0
pen_5bp_drop_50,3,BTC/USDT:USDT,15m,oos,single,1.0,-0.0624484349026292,0.4368932038834951,0.13812842459570465,103,0.23145780051150894,0.09223300970873786,-12.778668649265574,1,,
pen_5bp_drop_50,3,BTC/USDT:USDT,15m,oos,lev_1,1.0,-0.06053140765587595,0.4380952380952381,0.13812842459570465,105,0.23145780051150894,0.09523809523809523,-12.22509252944579,2,0.011490816929091183,0.0
pen_5bp_drop_50,3,BTC/USDT:USDT,15m,oos,lev_2,2.0,-0.10869277466167314,0.4351851851851852,0.18330734805909288,108,0.23145780051150894,0.08796296296296297,-16.762697515001673,2,0.02,0.0
pen_5bp_drop_50,3,BTC/USDT:USDT,15m,oos,lev_3,3.0,-0.12051490865949581,0.43119266055045874,0.2046127850052431,109,0.23145780051150894,0.0779816513761468,-16.768865706448864,2,0.02,0.0
pen_5bp_drop_50,4,BTC/USDT:USDT,15m,oos,single,1.0,-0.08824847455899107,0.4051724137931034,0.11394898651387458,116,0.22634271099744246,0.01293103448275862,-16.465383720809776,1,,
pen_5bp_drop_50,4,BTC/USDT:USDT,15m,oos,lev_1,1.0,-0.07330237991341056,0.4152542372881356,0.11394898651387449,118,0.22634271099744246,0.038135593220338986,-13.117139887504573,2,0.02,0.0
pen_5bp_drop_50,4,BTC/USDT:USDT,15m,oos,lev_2,2.0,-0.15874367143773196,0.4166666666666667,0.17215273443358522,120,0.22634271099744246,0.041666666666666664,-22.854364383284466,2,0.020000000000000004,0.0
pen_5bp_drop_50,4,BTC/USDT:USDT,15m,oos,lev_3,3.0,-0.17750684034009354,0.4166666666666667,0.18882781462977663,120,0.22634271099744246,0.041666666666666664,-23.424726722624893,2,0.02,0.0
baseline,0,BTC/USDT:USDT,1h,is,single,1.0,0.03547677340080954,0.48854961832061067,0.09936575966948973,131,0.504424778761062,0.22137404580152673,2.872279182040349,1,,
baseline,0,BTC/USDT:USDT,1h,is,lev_1,1.0,0.025704153691598185,0.48905109489051096,0.12059513576810225,137,0.504424778761062,0.22262773722627738,2.1596232113831793,3,0.02229489563783104,0.0
baseline,0,BTC/USDT:USDT,1h,is,lev_2,2.0,0.08411001760153486,0.48201438848920863,0.14115612529046148,139,0.504424778761062,0.20503597122302158,5.093854920158266,3,0.030000000000000002,0.0
baseline,0,BTC/USDT:USDT,1h,is,lev_3,3.0,0.07776607102049621,0.48201438848920863,0.14517704535776602,139,0.504424778761062,0.20503597122302158,4.647124721130703,3,0.030000000000000002,0.0
pen_5bp,0,BTC/USDT:USDT,1h,is,single,1.0,-0.012220886446722033,0.4715447154471545,0.1118439865102003,123,0.45722713864306785,0.17886178861788618,-0.40538317460867473,1,,
pen_5bp,0,BTC/USDT:USDT,1h,is,lev_1,1.0,-0.021543345319222498,0.4728682170542636,0.13277923103044026,129,0.45722713864306785,0.1821705426356589,-1.0435098227495683,3,0.02229489563783104,0.0
pen_5bp,0,BTC/USDT:USDT,1h,is,lev_2,2.0,0.02363252936576864,0.46564885496183206,0.15305534942549767,131,0.45722713864306785,0.16412213740458015,1.9488567490630897,3,0.03,0.0
pen_5bp,0,BTC/USDT:USDT,1h,is,lev_3,3.0,0.019723710058363576,0.46564885496183206,0.15702055991563854,131,0.45722713864306785,0.16412213740458015,1.702425650448648,3,0.030000000000000002,0.0
pen_5bp_drop_50,0,BTC/USDT:USDT,1h,is,single,1.0,-0.06792028076793158,0.44594594594594594,0.126095262424534,74,0.26548672566371684,0.11486486486486487,-8.195398569467308,1,,
pen_5bp_drop_50,0,BTC/USDT:USDT,1h,is,lev_1,1.0,-0.08324883503627316,0.4358974358974359,0.14669458179034192,78,0.26548672566371684,0.08974358974358974,-9.797677520583528,3,0.022294895637831037,0.0
pen_5bp_drop_50,0,BTC/USDT:USDT,1h,is,lev_2,2.0,-0.06408059719477642,0.43037974683544306,0.15619372995805117,79,0.26548672566371684,0.0759493670886076,-6.112899108605009,3,0.03,0.0
pen_5bp_drop_50,0,BTC/USDT:USDT,1h,is,lev_3,3.0,-0.06039427324785574,0.43037974683544306,0.15869404435308693,79,0.26548672566371684,0.0759493670886076,-5.487719099193473,3,0.030000000000000002,0.0
pen_5bp_drop_50,1,BTC/USDT:USDT,1h,is,single,1.0,-0.0059988596928054905,0.4696969696969697,0.08387480986680465,66,0.22123893805309736,0.17424242424242425,-0.2759242371362228,1,,
pen_5bp_drop_50,1,BTC/USDT:USDT,1h,is,lev_1,1.0,-0.027036699363404842,0.45588235294117646,0.10326442028743549,68,0.22123893805309736,0.13970588235294118,-2.9476166334168954,2,0.02,0.0
pen_5bp_drop_50,1,BTC/USDT:USDT,1h,is,lev_2,2.0,0.0019499800888068421,0.45588235294117646,0.1011308029187308,68,0.22123893805309736,0.13970588235294118,0.7803645608476136,2,0.02,0.0
pen_5bp_drop_50,1,BTC/USDT:USDT,1h,is,lev_3,3.0,0.006571519576066021,0.45588235294117646,0.10113080291873082,68,0.22123893805309736,0.13970588235294118,1.299082464658863,2,0.02,0.0
pen_5bp_drop_50,2,BTC/USDT:USDT,1h,is,single,1.0,0.0011332499933172585,0.4714285714285714,0.10821146222301077,70,0.2359882005899705,0.17857142857142858,0.6360399507301053,1,,
pen_5bp_drop_50,2,BTC/USDT:USDT,1h,is,lev_1,1.0,0.009175470977016993,0.4861111111111111,0.10821146222301056,72,0.2359882005899705,0.2152777777777778,1.6066860069284914,2,0.015391171402688055,0.0
pen_5bp_drop_50,2,BTC/USDT:USDT,1h,is,lev_2,2.0,0.04548776834174205,0.4794520547945205,0.11531659055673303,73,0.2359882005899705,0.19863013698630136,5.27965063658057,2,0.02,0.0
pen_5bp_drop_50,2,BTC/USDT:USDT,1h,is,lev_3,3.0,0.04155544025651998,0.4794520547945205,0.11328275824877203,73,0.2359882005899705,0.19863013698630136,4.779467196942005,2,0.02,0.0
pen_5bp_drop_50,3,BTC/USDT:USDT,1h,is,single,1.0,-0.045465397315186416,0.4383561643835616,0.06556359194320237,73,0.24778761061946902,0.0958904109589041,-5.108891834434847,1,,
pen_5bp_drop_50,3,BTC/USDT:USDT,1h,is,lev_1,1.0,-0.04761914806934674,0.44,0.07541688792866438,75,0.24778761061946902,0.1,-5.24194137280682,2,0.02,0.0
pen_5bp_drop_50,3,BTC/USDT:USDT,1h,is,lev_2,2.0,-0.030802323292586697,0.44,0.08132751994369046,75,0.24778761061946902,0.1,-2.6752085932978376,2,0.02,0.0
pen_5bp_drop_50,3,BTC/USDT:USDT,1h,is,lev_3,3.0,-0.030439842519531704,0.44,0.08295722777601612,75,0.24778761061946902,0.1,-2.5643878849462776,2,0.020000000000000004,0.0
pen_5bp_drop_50,4,BTC/USDT:USDT,1h,is,single,1.0,0.004917920649792722,0.48333333333333334,0.061904788185073105,60,0.20353982300884957,0.20833333333333334,1.2139162782774309,1,,
pen_5bp_drop_50,4,BTC/USDT:USDT,1h,is,lev_1,1.0,-0.005806565414985743,0.47540983606557374,0.0719161421671371,61,0.20353982300884957,0.1885245901639344,-0.38094459774256073,2,0.02,0.0
pen_5bp_drop_50,4,BTC/USDT:USDT,1h,is,lev_2,2.0,0.018974465928674727,0.46774193548387094,0.07786591164135201,62,0.20353982300884957,0.1693548387096774,2.9207309792294494,2,0.02,0.0
pen_5bp_drop_50,4,BTC/USDT:USDT,1h,is,lev_3,3.0,0.010802399304925712,0.46774193548387094,0.08204320363727301,62,0.20353982300884957,0.1693548387096774,1.8797820696837229,2,0.02,0.0
baseline,0,BTC/USDT:USDT,1h,oos,single,1.0,0.08230160590746054,0.4864864864864865,0.05197145781825852,74,0.45652173913043476,0.21621621621621623,9.606781454310514,1,,
baseline,0,BTC/USDT:USDT,1h,oos,lev_1,1.0,0.04568533008242266,0.4625,0.061870031624930356,80,0.45652173913043476,0.15625,5.28956623143382,3,0.02047562663350586,0.0
baseline,0,BTC/USDT:USDT,1h,oos,lev_2,2.0,0.02719677935638174,0.4625,0.094189287278692,80,0.45652173913043476,0.15625,3.1565430555270315,3,0.026516355842130405,0.0
baseline,0,BTC/USDT:USDT,1h,oos,lev_3,3.0,0.016585621833503136,0.4625,0.10336347479569903,80,0.45652173913043476,0.15625,2.1128735294687058,3,0.030000000000000002,0.0
pen_5bp,0,BTC/USDT:USDT,1h,oos,single,1.0,0.033652867421132035,0.45714285714285713,0.06869231120186357,70,0.41739130434782606,0.14285714285714285,4.543475165079568,1,,
pen_5bp,0,BTC/USDT:USDT,1h,oos,lev_1,1.0,-0.010178748210739287,0.4266666666666667,0.09862902106512529,75,0.41739130434782606,0.06666666666666667,-0.6721095361577579,3,0.020475626633505866,0.0
pen_5bp,0,BTC/USDT:USDT,1h,oos,lev_2,2.0,-0.0365634849617396,0.4266666666666667,0.13138133315330922,75,0.41739130434782606,0.06666666666666667,-3.318748215194707,3,0.026516355842130405,0.0
pen_5bp,0,BTC/USDT:USDT,1h,oos,lev_3,3.0,-0.049880384975678135,0.4266666666666667,0.14017883402022227,75,0.41739130434782606,0.06666666666666667,-4.550684651100657,3,0.030000000000000002,0.0
pen_5bp_drop_50,0,BTC/USDT:USDT,1h,oos,single,1.0,0.04329671184351028,0.4897959183673469,0.06536903265877445,49,0.26521739130434785,0.22448979591836735,7.928995376529847,1,,
pen_5bp_drop_50,0,BTC/USDT:USDT,1h,oos,lev_1,1.0,0.01743246185051539,0.46153846153846156,0.07884153319347512,52,0.26521739130434785,0.15384615384615385,3.3694273129380887,2,0.019999999999999997,0.0
pen_5bp_drop_50,0,BTC/USDT:USDT,1h,oos,lev_2,2.0,0.011999203774686976,0.46153846153846156,0.09192547391942504,52,0.26521739130434785,0.15384615384615385,2.3231354280700005,2,0.02,0.0
pen_5bp_drop_50,0,BTC/USDT:USDT,1h,oos,lev_3,3.0,0.00971163217930789,0.46153846153846156,0.09291911496295009,52,0.26521739130434785,0.15384615384615385,1.9635738804674405,2,0.02,0.0
pen_5bp_drop_50,1,BTC/USDT:USDT,1h,oos,single,1.0,-0.0263246343870087,0.425,0.07836169537242456,40,0.21739130434782608,0.0625,-5.260023117688308,1,,
pen_5bp_drop_50,1,BTC/USDT:USDT,1h,oos,lev_1,1.0,-0.046907914685588185,0.40476190476190477,0.09784492379539478,42,0.21739130434782608,0.011904761904761904,-9.419673832954619,2,0.02,0.0
pen_5bp_drop_50,1,BTC/USDT:USDT,1h,oos,lev_2,2.0,-0.05152913088455716,0.40476190476190477,0.10765434956316977,42,0.21739130434782608,0.011904761904761904,-9.372848275174666,2,0.02,0.0
pen_5bp_drop_50,1,BTC/USDT:USDT,1h,oos,lev_3,3.0,-0.050205484081788015,0.40476190476190477,0.11182130442822585,42,0.21739130434782608,0.011904761904761904,-8.757520313738736,2,0.02,0.0
pen_5bp_drop_50,2,BTC/USDT:USDT,1h,oos,single,1.0,0.006078001461686654,0.4418604651162791,0.07607920072421354,43,0.24782608695652175,0.10465116279069768,1.6970339681528201,1,,
pen_5bp_drop_50,2,BTC/USDT:USDT,1h,oos,lev_1,1.0,-0.014907938154287148,0.4222222222222222,0.08572606030304376,45,0.24782608695652175,0.05555555555555555,-2.32697773432182,2,0.02,0.0
pen_5bp_drop_50,2,BTC/USDT:USDT,1h,oos,lev_2,2.0,-0.02343426075348998,0.4222222222222222,0.09839384001269123,45,0.24782608695652175,0.05555555555555555,-3.4862829569127602,2,0.02,0.0
pen_5bp_drop_50,2,BTC/USDT:USDT,1h,oos,lev_3,3.0,-0.03060131641655935,0.4222222222222222,0.10111685451083335,45,0.24782608695652175,0.05555555555555555,-4.615143056233462,2,0.019999999999999997,0.0
pen_5bp_drop_50,3,BTC/USDT:USDT,1h,oos,single,1.0,-0.08132377151298698,0.35,0.10553323365571014,40,0.2391304347826087,-0.125,-18.299863550377072,1,,
pen_5bp_drop_50,3,BTC/USDT:USDT,1h,oos,lev_1,1.0,-0.1103429135021568,0.32558139534883723,0.13378764722629657,43,0.2391304347826087,-0.18604651162790697,-23.937732406717373,2,0.020000000000000004,0.0
pen_5bp_drop_50,3,BTC/USDT:USDT,1h,oos,lev_2,2.0,-0.12295654393682544,0.32558139534883723,0.15292574752675064,43,0.2391304347826087,-0.18604651162790697,-24.953436639948425,2,0.02,0.0
pen_5bp_drop_50,3,BTC/USDT:USDT,1h,oos,lev_3,3.0,-0.12779854578144895,0.32558139534883723,0.16080922826144398,43,0.2391304347826087,-0.18604651162790697,-24.750885829375154,2,0.02,0.0
pen_5bp_drop_50,4,BTC/USDT:USDT,1h,oos,single,1.0,-0.008669793493848192,0.4358974358974359,0.07987677364222515,39,0.1956521739130435,0.08974358974358974,-1.3980440208869753,1,,
pen_5bp_drop_50,4,BTC/USDT:USDT,1h,oos,lev_1,1.0,-0.030132566624370156,0.40476190476190477,0.08781887444893022,42,0.1956521739130435,0.011904761904761904,-5.79982747662324,3,0.020475626633505863,0.0
pen_5bp_drop_50,4,BTC/USDT:USDT,1h,oos,lev_2,2.0,-0.037679379512150626,0.40476190476190477,0.10857986739712683,42,0.1956521739130435,0.011904761904761904,-6.57621127382409,3,0.026516355842130405,0.0
pen_5bp_drop_50,4,BTC/USDT:USDT,1h,oos,lev_3,3.0,-0.04666144194115168,0.40476190476190477,0.1161702422308399,42,0.1956521739130435,0.011904761904761904,-8.063331430139579,3,0.03,0.0
baseline,0,ETH/USDT:USDT,15m,is,single,1.0,0.13721228285756187,0.49707602339181284,0.21217538159114394,513,0.5038709677419355,0.24269005847953215,5.95176261214613,1,,
baseline,0,ETH/USDT:USDT,15m,is,lev_1,1.0,0.19862753426642885,0.5028248587570622,0.21551769476076651,531,0.5038709677419355,0.2570621468926554,7.820773347141077,3,0.02232373501685522,0.0
baseline,0,ETH/USDT:USDT,15m,is,lev_2,2.0,0.3997851829556284,0.49907235621521334,0.23673254341310643,539,0.5038709677419355,0.24768089053803338,11.033872804293416,3,0.030097457666255174,0.0
baseline,0,ETH/USDT:USDT,15m,is,lev_3,3.0,0.37694241744548945,0.496309963099631,0.2766073911712531,542,0.5038709677419355,0.24077490774907748,10.073506682826517,4,0.03559841772811151,0.0
pen_5bp,0,ETH/USDT:USDT,15m,is,single,1.0,-0.023121776084394332,0.4802494802494803,0.24825039045441324,481,0.4529032258064516,0.20062370062370063,-0.11850363866035592,1,,
pen_5bp,0,ETH/USDT:USDT,15m,is,lev_1,1.0,0.029675163222576885,0.486,0.251439656899677,500,0.4529032258064516,0.215,2.0478895731402846,3,0.02232373501685522,0.0
pen_5bp,0,ETH/USDT:USDT,15m,is,lev_2,2.0,0.12980044232011223,0.48118811881188117,0.28432886028237025,505,0.4529032258064516,0.20297029702970298,4.9365234748289994,3,0.03009745766625517,0.0
pen_5bp,0,ETH/USDT:USDT,15m,is,lev_3,3.0,0.09410718296911473,0.47834645669291337,0.3272997846307365,508,0.4529032258064516,0.19586614173228348,3.831865234176529,4,0.0355984177281115,0.0
pen_5bp_drop_50,0,ETH/USDT:USDT,15m,is,single,1.0,-0.11865391642312224,0.45038167938931295,0.2305732695603908,262,0.22258064516129034,0.12595419847328243,-8.794122709888082,1,,
pen_5bp_drop_50,0,ETH/USDT:USDT,15m,is,lev_1,1.0,-0.08811040930059917,0.45925925925925926,0.22850788894660237,270,0.22258064516129034,0.14814814814814814,-5.990944244518852,2,0.02,0.0
pen_5bp_drop_50,0,ETH/USDT:USDT,15m,is,lev_2,2.0,-0.08771448895774102,0.45588235294117646,0.2853403561104741,272,0.22258064516129034,0.13970588235294118,-4.242904862489369,2,0.02,0.0
pen_5bp_drop_50,0,ETH/USDT:USDT,15m,is,lev_3,3.0,-0.10288424127923809,0.45588235294117646,0.3164920429576431,272,0.22258064516129034,0.13970588235294118,-4.867943831231063,2,0.02,0.0
pen_5bp_drop_50,1,ETH/USDT:USDT,15m,is,single,1.0,0.0044449448265904724,0.48398576512455516,0.22515639335382284,281,0.23290322580645162,0.2099644128113879,1.1928751143945484,1,,
pen_5bp_drop_50,1,ETH/USDT:USDT,15m,is,lev_1,1.0,0.019886266792330572,0.486013986013986,0.22432465524619882,286,0.23290322580645162,0.21503496503496503,2.245739834587614,3,0.021482742170597004,0.0
pen_5bp_drop_50,1,ETH/USDT:USDT,15m,is,lev_2,2.0,0.0826929577173476,0.486013986013986,0.27306607435263053,286,0.23290322580645162,0.21503496503496503,5.485554567591509,3,0.03,0.0
pen_5bp_drop_50,1,ETH/USDT:USDT,15m,is,lev_3,3.0,0.11074367714503497,0.486013986013986,0.2893646844906083,286,0.23290322580645162,0.21503496503496503,6.698660733400523,3,0.03,0.0
pen_5bp_drop_50,2,ETH/USDT:USDT,15m,is,single,1.0,-0.13002178457550018,0.4624505928853755,0.17666510474292801,253,0.2238709677419355,0.15612648221343872,-10.310210065767674,1,,
pen_5bp_drop_50,2,ETH/USDT:USDT,15m,is,lev_1,1.0,-0.09007878934821728,0.46946564885496184,0.18133449271521168,262,0.2238709677419355,0.1736641221374046,-6.397371861735848,3,0.02232373501685522,0.0
pen_5bp_drop_50,2,ETH/USDT:USDT,15m,is,lev_2,2.0,-0.032145484320052854,0.467680608365019,0.20736120123790083,263,0.2238709677419355,0.16920152091254753,-0.8650488489916598,3,0.027262979777933485,0.0
pen_5bp_drop_50,2,ETH/USDT:USDT,15m,is,lev_3,3.0,-0.022265081687308157,0.467680608365019,0.21142117767335672,263,0.2238709677419355,0.16920152091254753,-0.1422610304297047,3,0.030000000000000002,0.0
pen_5bp_drop_50,3,ETH/USDT:USDT,15m,is,single,1.0,-0.2285722021930832,0.43190661478599224,0.28597151939552606,257,0.2232258064516129,0.07976653696498054,-20.129978764568623,1,,
pen_5bp_drop_50,3,ETH/USDT:USDT,15m,is,lev_1,1.0,-0.19051844965197123,0.44150943396226416,0.27513758625375095,265,0.2232258064516129,0.10377358490566038,-15.67043249228463,3,0.02232373501685522,0.0
pen_5bp_drop_50,3,ETH/USDT:USDT,15m,is,lev_2,2.0,-0.22039589368901152,0.43656716417910446,0.34489856061634777,268,0.2232258064516129,0.0914179104477612,-13.842568281633543,3,0.027262979777933485,0.0
pen_5bp_drop_50,3,ETH/USDT:USDT,15m,is,lev_3,3.0,-0.22125743275765872,0.43656716417910446,0.3600567085731315,268,0.2232258064516129,0.0914179104477612,-13.035210735838428,3,0.03,0.0
pen_5bp_drop_50,4,ETH/USDT:USDT,15m,is,single,1.0,-0.13765177429663436,0.4444444444444444,0.2552177377062427,261,0.23161290322580644,0.1111111111111111,-10.29150123640559,1,,
pen_5bp_drop_50,4,ETH/USDT:USDT,15m,is,lev_1,1.0,-0.11246269657086651,0.4490566037735849,0.2407568440894218,265,0.23161290322580644,0.12264150943396226,-7.985165618755914,2,0.02,0.0
pen_5bp_drop_50,4,ETH/USDT:USDT,15m,is,lev_2,2.0,-0.13123010462311194,0.44569288389513106,0.2753860951750755,267,0.23161290322580644,0.11423220973782772,-7.220359684233997,2,0.02,0.0
pen_5bp_drop_50,4,ETH/USDT:USDT,15m,is,lev_3,3.0,-0.15278794746446983,0.44569288389513106,0.2986910599984329,267,0.23161290322580644,0.11423220973782772,-8.238830090760977,2,0.02,0.0
baseline,0,ETH/USDT:USDT,15m,oos,single,1.0,0.5147820944367255,0.551094890510949,0.06287856204849421,274,0.49774266365688485,0.3777372262773723,30.167015668414844,1,,
baseline,0,ETH/USDT:USDT,15m,oos,lev_1,1.0,0.5133807436342999,0.5521885521885522,0.06672375099111179,297,0.49774266365688485,0.38047138047138046,28.159423379282746,4,0.03921781406569731,0.0
baseline,0,ETH/USDT:USDT,15m,oos,lev_2,2.0,0.7957758168130382,0.551948051948052,0.10722268286238128,308,0.49774266365688485,0.37987012987012986,31.515881512420954,5,0.04007261680927741,0.0
baseline,0,ETH/USDT:USDT,15m,oos,lev_3,3.0,0.9036734845773168,0.5501618122977346,0.12299637795831617,309,0.49774266365688485,0.37540453074433655,32.93028216870423,5,0.04958357931158734,0.0
pen_5bp,0,ETH/USDT:USDT,15m,oos,single,1.0,0.34542570328351213,0.5215686274509804,0.07102664666402865,255,0.45146726862302483,0.30392156862745096,22.993701058691293,1,,
pen_5bp,0,ETH/USDT:USDT,15m,oos,lev_1,1.0,0.3410265675471657,0.5232974910394266,0.07102664666402878,279,0.45146726862302483,0.30824372759856633,21.17272925848622,4,0.03921781406569731,0.0
pen_5bp,0,ETH/USDT:USDT,15m,oos,lev_2,2.0,0.4706891620961709,0.5241379310344828,0.11862808449008723,290,0.45146726862302483,0.3103448275862069,22.245008871735216,5,0.0400726168092774,0.0
pen_5bp,0,ETH/USDT:USDT,15m,oos,lev_3,3.0,0.5228789433870039,0.523972602739726,0.13613604094671483,292,0.45146726862302483,0.3099315068493151,23.00394453810016,5,0.04958357931158735,0.0
pen_5bp_drop_50,0,ETH/USDT:USDT,15m,oos,single,1.0,0.3012934945529194,0.5448275862068965,0.05443103646612519,145,0.23363431151241534,0.3620689655172414,34.8536789408548,1,,
pen_5bp_drop_50,0,ETH/USDT:USDT,15m,oos,lev_1,1.0,0.3102826991836404,0.5408805031446541,0.05560052481968536,159,0.23363431151241534,0.3522012578616352,33.02868681726341,4,0.039217290747761036,0.0
pen_5bp_drop_50,0,ETH/USDT:USDT,15m,oos,lev_2,2.0,0.37677551390485986,0.5365853658536586,0.07749785410556298,164,0.23363431151241534,0.34146341463414637,31.687159440370092,4,0.04,0.0
pen_5bp_drop_50,0,ETH/USDT:USDT,15m,oos,lev_3,3.0,0.3470499935608159,0.5333333333333333,0.08758559341172653,165,0.23363431151241534,0.3333333333333333,28.336176012365463,4,0.04,0.0
pen_5bp_drop_50,1,ETH/USDT:USDT,15m,oos,single,1.0,0.2424999898878992,0.5217391304347826,0.06821312791109292,138,0.2200902934537246,0.30434782608695654,30.310407155878217,1,,
pen_5bp_drop_50,1,ETH/USDT:USDT,15m,oos,lev_1,1.0,0.20300184957173714,0.5135135135135135,0.08726308224193252,148,0.2200902934537246,0.28378378378378377,24.41705775481149,4,0.03920348583865263,0.0
pen_5bp_drop_50,1,ETH/USDT:USDT,15m,oos,lev_2,2.0,0.20817758606654332,0.506578947368421,0.12856687429747155,152,0.2200902934537246,0.26644736842105265,20.706575252484985,4,0.04,0.0
pen_5bp_drop_50,1,ETH/USDT:USDT,15m,oos,lev_3,3.0,0.19084493830927676,0.5098039215686274,0.14692625445472768,153,0.2200902934537246,0.27450980392156865,18.328192411114596,4,0.04,0.0
pen_5bp_drop_50,2,ETH/USDT:USDT,15m,oos,single,1.0,0.08919390433479693,0.4900662251655629,0.12297004980477928,151,0.2325056433408578,0.2251655629139073,11.673692056397398,1,,
pen_5bp_drop_50,2,ETH/USDT:USDT,15m,oos,lev_1,1.0,0.09623164677412169,0.49375,0.1275896820649377,160,0.2325056433408578,0.234375,11.893486296968206,2,0.02,0.0
pen_5bp_drop_50,2,ETH/USDT:USDT,15m,oos,lev_2,2.0,0.08694943915835683,0.4878048780487805,0.1686602143019083,164,0.2325056433408578,0.21951219512195122,9.120979156595427,3,0.030000000000000002,0.0
pen_5bp_drop_50,2,ETH/USDT:USDT,15m,oos,lev_3,3.0,0.10416397299564906,0.4909090909090909,0.17891580976277954,165,0.2325056433408578,0.22727272727272727,10.227135597597401,3,0.030000000000000002,0.0
pen_5bp_drop_50,3,ETH/USDT:USDT,15m,oos,single,1.0,0.24237641883623565,0.5394736842105263,0.06585726188263587,152,0.23024830699774265,0.34868421052631576,27.497600363087923,1,,
pen_5bp_drop_50,3,ETH/USDT:USDT,15m,oos,lev_1,1.0,0.23379526847648213,0.5370370370370371,0.07426810689574821,162,0.23024830699774265,0.3425925925925926,25.19260679582192,4,0.039217290747761036,0.0
pen_5bp_drop_50,3,ETH/USDT:USDT,15m,oos,lev_2,2.0,0.3292393374357993,0.5333333333333333,0.08275477397242036,165,0.23024830699774265,0.3333333333333333,28.034921594744375,4,0.04,0.0
pen_5bp_drop_50,3,ETH/USDT:USDT,15m,oos,lev_3,3.0,0.3401166123780644,0.5333333333333333,0.09079679038884636,165,0.23024830699774265,0.3333333333333333,27.93956672357466,4,0.04,0.0
pen_5bp_drop_50,4,ETH/USDT:USDT,15m,oos,single,1.0,0.12701850284948085,0.5138888888888888,0.07889538621881494,144,0.2291196388261851,0.2847222222222222,16.596439815802196,1,,
pen_5bp_drop_50,4,ETH/USDT:USDT,15m,oos,lev_1,1.0,0.14548460831253268,0.5220125786163522,0.090419267373123,159,0.2291196388261851,0.3050314465408805,17.227408431224834,4,0.039217290747761036,0.0
pen_5bp_drop_50,4,ETH/USDT:USDT,15m,oos,lev_2,2.0,0.22276286282075017,0.5220125786163522,0.11677570301944003,159,0.2291196388261851,0.3050314465408805,21.045930805656983,4,0.04,0.0
pen_5bp_drop_50,4,ETH/USDT:USDT,15m,oos,lev_3,3.0,0.24531867443784777,0.51875,0.1303391201220278,160,0.2291196388261851,0.296875,21.992439349233234,4,0.04,0.0
baseline,0,ETH/USDT:USDT,1h,is,single,1.0,0.16682685727499666,0.5167785234899329,0.12076368717392588,149,0.46808510638297873,0.28378378378378377,9.288968333417422,1,,
baseline,0,ETH/USDT:USDT,1h,is,lev_1,1.0,0.18712790759993714,0.5159235668789809,0.12076368717392624,157,0.46808510638297873,0.28205128205128205,9.820947669339516,3,0.029970051856505264,0.0
baseline,0,ETH/USDT:USDT,1h,is,lev_2,2.0,0.25873421143755243,0.5159235668789809,0.13605471512014553,157,0.46808510638297873,0.28205128205128205,11.880358990460122,3,0.029934385799349733,0.0
baseline,0,ETH/USDT:USDT,1h,is,lev_3,3.0,0.2849275698984495,0.5189873417721519,0.13289232287363664,158,0.46808510638297873,0.2898089171974522,12.629532627896653,3,0.029898974010332473,0.0
pen_5bp,0,ETH/USDT:USDT,1h,is,single,1.0,0.14844603897947165,0.5102040816326531,0.12076368717392638,147,0.45390070921985815,0.2671232876712329,8.463022975585549,1,,
pen_5bp,0,ETH/USDT:USDT,1h,is,lev_1,1.0,0.1648899492116687,0.5064935064935064,0.12076368717392529,154,0.45390070921985815,0.2581699346405229,8.900561778979677,3,0.030000000000000002,0.0
pen_5bp,0,ETH/USDT:USDT,1h,is,lev_2,2.0,0.21886925233204985,0.5064935064935064,0.13605471512014572,154,0.45390070921985815,0.2581699346405229,10.453898560265372,3,0.03,0.0
pen_5bp,0,ETH/USDT:USDT,1h,is,lev_3,3.0,0.23915420959512648,0.5096774193548387,0.13289232287363673,155,0.45390070921985815,0.2662337662337662,11.058544752140076,3,0.03,0.0
pen_5bp_drop_50,0,ETH/USDT:USDT,1h,is,single,1.0,0.026738098934426125,0.4835164835164835,0.10981265245107058,91,0.24349881796690306,0.2087912087912088,2.9743580375664,1,,
pen_5bp_drop_50,0,ETH/USDT:USDT,1h,is,lev_1,1.0,0.04409745250713058,0.48936170212765956,0.1179734998431671,94,0.24349881796690306,0.22340425531914893,4.405458050656601,2,0.02,0.0
pen_5bp_drop_50,0,ETH/USDT:USDT,1h,is,lev_2,2.0,0.08309847555201322,0.48936170212765956,0.11880716919349484,94,0.24349881796690306,0.22340425531914893,7.095826795142872,2,0.02,0.0
pen_5bp_drop_50,0,ETH/USDT:USDT,1h,is,lev_3,3.0,0.09431469866106582,0.48936170212765956,0.11865803702585813,94,0.24349881796690306,0.22340425531914893,7.793878396358002,2,0.02,0.0
pen_5bp_drop_50,1,ETH/USDT:USDT,1h,is,single,1.0,0.008977976849066545,0.4605263157894737,0.07807633037233354,76,0.2293144208037825,0.1513157894736842,1.4930265020808486,1,,
pen_5bp_drop_50,1,ETH/USDT:USDT,1h,is,lev_1,1.0,0.023614936390603726,0.4675324675324675,0.07354413825780255,77,0.2293144208037825,0.16883116883116883,3.0159593552264052,2,0.02,0.0
pen_5bp_drop_50,1,ETH/USDT:USDT,1h,is,lev_2,2.0,0.03966748002196054,0.4675324675324675,0.07137688459950736,77,0.2293144208037825,0.16883116883116883,4.391550984164673,2,0.02,0.0
pen_5bp_drop_50,1,ETH/USDT:USDT,1h,is,lev_3,3.0,0.05299779243587218,0.47435897435897434,0.06688343054261449,78,0.2293144208037825,0.1858974358974359,5.572882917221684,2,0.02,0.0
pen_5bp_drop_50,2,ETH/USDT:USDT,1h,is,single,1.0,-0.019301428444840348,0.46511627906976744,0.10720443125089962,86,0.23167848699763594,0.16279069767441862,-1.4146660249194947,1,,
pen_5bp_drop_50,2,ETH/USDT:USDT,1h,is,lev_1,1.0,0.008981234311858316,0.4772727272727273,0.10297226647556516,88,0.23167848699763594,0.19318181818181818,1.3690435597244133,2,0.02,0.0
pen_5bp_drop_50,2,ETH/USDT:USDT,1h,is,lev_2,2.0,0.05417747002048036,0.4772727272727273,0.10066738189197526,88,0.23167848699763594,0.19318181818181818,5.187737088328789,2,0.02,0.0
pen_5bp_drop_50,2,ETH/USDT:USDT,1h,is,lev_3,3.0,0.06852230503403316,0.4772727272727273,0.0931680734762405,88,0.23167848699763594,0.19318181818181818,6.282051379595532,2,0.02,0.0
pen_5bp_drop_50,3,ETH/USDT:USDT,1h,is,single,1.0,0.0026438518531884257,0.4606741573033708,0.1232240673518085,89,0.2364066193853428,0.15168539325842698,0.7628277781366529,1,,
pen_5bp_drop_50,3,ETH/USDT:USDT,1h,is,lev_1,1.0,-0.0018283922275652003,0.45555555555555555,0.12713488370767242,90,0.2364066193853428,0.1388888888888889,0.33809350691117107,2,0.014130397712451281,0.0
pen_5bp_drop_50,3,ETH/USDT:USDT,1h,is,lev_2,2.0,0.004769821392655649,0.45555555555555555,0.1460923671073525,90,0.2364066193853428,0.1388888888888889,0.969962786920185,2,0.02,0.0
pen_5bp_drop_50,3,ETH/USDT:USDT,1h,is,lev_3,3.0,0.014597206068569176,0.45555555555555555,0.14478802557622938,90,0.2364066193853428,0.1388888888888889,1.7861753707382215,2,0.02,0.0
pen_5bp_drop_50,4,ETH/USDT:USDT,1h,is,single,1.0,0.00952070182020052,0.4625,0.12197215261777655,80,0.2222222222222222,0.13924050632911392,1.5006400551774182,1,,
pen_5bp_drop_50,4,ETH/USDT:USDT,1h,is,lev_1,1.0,-0.020532379337230122,0.4457831325301205,0.12197215261777657,83,0.2222222222222222,0.0975609756097561,-1.5495381319260055,3,0.029999999999999995,0.0
pen_5bp_drop_50,4,ETH/USDT:USDT,1h,is,lev_2,2.0,-0.005853629147586253,0.4457831325301205,0.12722378513770097,83,0.2222222222222222,0.0975609756097561,0.023896010666855805,3,0.030000000000000002,0.0
pen_5bp_drop_50,4,ETH/USDT:USDT,1h,is,lev_3,3.0,-0.0015676881553035856,0.4523809523809524,0.1220716354448209,84,0.2222222222222222,0.1144578313253012,0.4236602626797085,3,0.030000000000000002,0.0
baseline,0,ETH/USDT:USDT,1h,oos,single,1.0,0.16515191691649417,0.5512820512820513,0.07260688603759999,78,0.49065420560747663,0.3782051282051282,16.688993440325294,1,,
baseline,0,ETH/USDT:USDT,1h,oos,lev_1,1.0,0.13460126766308203,0.5301204819277109,0.0917879246590413,83,0.49065420560747663,0.3253012048192771,13.14202611786027,3,0.030000000000000002,0.0
baseline,0,ETH/USDT:USDT,1h,oos,lev_2,2.0,0.1815863678915639,0.5301204819277109,0.08728926750127487,83,0.49065420560747663,0.3253012048192771,15.940445898606816,3,0.03,0.0
baseline,0,ETH/USDT:USDT,1h,oos,lev_3,3.0,0.1934089043542157,0.5301204819277109,0.08604051752561234,83,0.49065420560747663,0.3253012048192771,16.641576643265815,3,0.03,0.0
pen_5bp,0,ETH/USDT:USDT,1h,oos,single,1.0,0.1485126220240747,0.5394736842105263,0.07260688603759999,76,0.4719626168224299,0.34868421052631576,15.415673622022856,1,,
pen_5bp,0,ETH/USDT:USDT,1h,oos,lev_1,1.0,0.11839826030939657,0.5185185185185185,0.0917879246590413,81,0.4719626168224299,0.2962962962962963,11.88870745444426,3,0.030000000000000002,0.0
pen_5bp,0,ETH/USDT:USDT,1h,oos,lev_2,2.0,0.15592202810349337,0.5185185185185185,0.08728926750127487,81,0.4719626168224299,0.2962962962962963,14.17860099844465,3,0.03,0.0
pen_5bp,0,ETH/USDT:USDT,1h,oos,lev_3,3.0,0.16363090607673658,0.5185185185185185,0.08604051752561234,81,0.4719626168224299,0.2962962962962963,14.63965848619731,3,0.03,0.0
pen_5bp_drop_50,0,ETH/USDT:USDT,1h,oos,single,1.0,0.06931720089952341,0.5185185185185185,0.06529685531214612,54,0.29906542056074764,0.2962962962962963,10.674958354803584,1,,
pen_5bp_drop_50,0,ETH/USDT:USDT,1h,oos,lev_1,1.0,0.05435619303734311,0.5,0.07837445388132265,56,0.29906542056074764,0.25,8.307751404212494,2,0.02,0.0
pen_5bp_drop_50,0,ETH/USDT:USDT,1h,oos,lev_2,2.0,0.07359926802703048,0.5,0.08488054164810092,56,0.29906542056074764,0.25,10.246556442418171,2,0.02,0.0
pen_5bp_drop_50,0,ETH/USDT:USDT,1h,oos,lev_3,3.0,0.07928248345378051,0.5,0.08578147277238601,56,0.29906542056074764,0.25,10.80783166430528,2,0.02,0.0
pen_5bp_drop_50,1,ETH/USDT:USDT,1h,oos,single,1.0,0.018019748360750237,0.46808510638297873,0.0708560647995016,47,0.24766355140186916,0.1702127659574468,3.5643827022020464,1,,
pen_5bp_drop_50,1,ETH/USDT:USDT,1h,oos,lev_1,1.0,-0.013411367675938164,0.44,0.09954316137999272,50,0.24766355140186916,0.1,-1.6295389836785708,3,0.03,0.0
pen_5bp_drop_50,1,ETH/USDT:USDT,1h,oos,lev_2,2.0,-0.004109371929717236,0.44,0.0988461722381152,50,0.24766355140186916,0.1,-0.05601597745675756,3,0.030000000000000006,0.0
pen_5bp_drop_50,1,ETH/USDT:USDT,1h,oos,lev_3,3.0,0.0006131887029225254,0.44,0.0961749744597296,50,0.24766355140186916,0.1,0.6627732138829178,3,0.030000000000000006,0.0
pen_5bp_drop_50,2,ETH/USDT:USDT,1h,oos,single,1.0,0.06835679512681654,0.5,0.04300809311955539,48,0.2757009345794392,0.25,11.483408099606345,1,,
pen_5bp_drop_50,2,ETH/USDT:USDT,1h,oos,lev_1,1.0,0.05217376638095466,0.4807692307692308,0.06241254570597499,52,0.2757009345794392,0.20192307692307693,8.418572210492322,3,0.03,0.0
pen_5bp_drop_50,2,ETH/USDT:USDT,1h,oos,lev_2,2.0,0.04953957313793071,0.4807692307692308,0.05722370048245645,52,0.2757009345794392,0.20192307692307693,7.5947805347531645,3,0.030000000000000002,0.0
pen_5bp_drop_50,2,ETH/USDT:USDT,1h,oos,lev_3,3.0,0.05159712134631445,0.4807692307692308,0.05593381548476971,52,0.2757009345794392,0.20192307692307693,7.780727378128422,3,0.030000000000000002,0.0
pen_5bp_drop_50,3,ETH/USDT:USDT,1h,oos,single,1.0,0.062423022074836444,0.5102040816326531,0.061723013370038896,49,0.27102803738317754,0.2755102040816326,10.388905101835034,1,,
pen_5bp_drop_50,3,ETH/USDT:USDT,1h,oos,lev_1,1.0,0.056745956507905614,0.5,0.07142181882988918,52,0.27102803738317754,0.25,9.113285716222732,2,0.02,0.0
pen_5bp_drop_50,3,ETH/USDT:USDT,1h,oos,lev_2,2.0,0.07922017025280147,0.5,0.07636187339080129,52,0.27102803738317754,0.25,11.644104362848738,2,0.02,0.0
pen_5bp_drop_50,3,ETH/USDT:USDT,1h,oos,lev_3,3.0,0.07976477131757728,0.5,0.07922773679814525,52,0.27102803738317754,0.25,11.616701855765228,2,0.02,0.0
pen_5bp_drop_50,4,ETH/USDT:USDT,1h,oos,single,1.0,-0.0038706158053679247,0.4473684210526316,0.05119993266622708,38,0.21495327102803738,0.11842105263157894,-0.2890762557314354,1,,
pen_5bp_drop_50,4,ETH/USDT:USDT,1h,oos,lev_1,1.0,-0.034625872088550565,0.4146341463414634,0.07204794944401276,41,0.21495327102803738,0.036585365853658534,-6.441012009445904,3,0.030000000000000002,0.0
pen_5bp_drop_50,4,ETH/USDT:USDT,1h,oos,lev_2,2.0,-0.030856311284061303,0.4146341463414634,0.08061264293135782,41,0.21495327102803738,0.036585365853658534,-5.292761806974055,3,0.03,0.0
pen_5bp_drop_50,4,ETH/USDT:USDT,1h,oos,lev_3,3.0,-0.02540187396482979,0.4146341463414634,0.08061264293135834,41,0.21495327102803738,0.036585365853658534,-4.191040193706818,3,0.03,0.0
baseline,0,SOL/USDT:USDT,15m,is,single,1.0,0.8458666750634642,0.5147540983606558,0.1024057784224972,610,0.5018610421836228,0.28688524590163933,19.400852868732517,1,,
baseline,0,SOL/USDT:USDT,15m,is,lev_1,1.0,0.8350760383199922,0.5119236883942766,0.10240577842249787,629,0.5018610421836228,0.27980922098569155,18.757088416905358,2,0.02,0.0
baseline,0,SOL/USDT:USDT,15m,is,lev_2,2.0,1.212614861567433,0.5111111111111111,0.12950967053531692,630,0.5018610421836228,0.2777777777777778,20.596775054154545,2,0.020110268861055366,0.0
baseline,0,SOL/USDT:USDT,15m,is,lev_3,3.0,1.2228520263854148,0.5111111111111111,0.13385368307746834,630,0.5018610421836228,0.2777777777777778,20.24107019244537,2,0.020110268861055366,0.0
pen_5bp,0,SOL/USDT:USDT,15m,is,single,1.0,0.25521353845983086,0.4737762237762238,0.1515565574129196,572,0.4665012406947891,0.18444055944055945,8.176985334562497,1,,
pen_5bp,0,SOL/USDT:USDT,15m,is,lev_1,1.0,0.23978783439041,0.4720812182741117,0.15208322031742225,591,0.4665012406947891,0.1802030456852792,7.602660833625386,2,0.020000000000000004,0.0
pen_5bp,0,SOL/USDT:USDT,15m,is,lev_2,2.0,0.24575588262236361,0.47048903878583476,0.22718406752278206,593,0.4665012406947891,0.17622259696458684,6.836110022377361,2,0.020110268861055366,0.0
pen_5bp,0,SOL/USDT:USDT,15m,is,lev_3,3.0,0.18834232293884307,0.47048903878583476,0.24382645080634918,593,0.4665012406947891,0.17622259696458684,5.53186096383264,2,0.020110268861055366,0.0
pen_5bp_drop_50,0,SOL/USDT:USDT,15m,is,single,1.0,-0.0442096754394548,0.44932432432432434,0.18624274474170724,296,0.22890818858560794,0.12331081081081081,-1.789570890006448,1,,
pen_5bp_drop_50,0,SOL/USDT:USDT,15m,is,lev_1,1.0,-0.07363434510595417,0.4440789473684211,0.20473409967494843,304,0.22890818858560794,0.11019736842105263,-3.6247314436750533,2,0.019999999999999997,0.0
pen_5bp_drop_50,0,SOL/USDT:USDT,15m,is,lev_2,2.0,-0.0766698732390636,0.4426229508196721,0.21873886452444655,305,0.22890818858560794,0.10655737704918032,-2.912388413859706,2,0.02,0.0
pen_5bp_drop_50,0,SOL/USDT:USDT,15m,is,lev_3,3.0,-0.10397662748076346,0.4426229508196721,0.22932107728423456,305,0.22890818858560794,0.10655737704918032,-4.282822754171827,2,0.02,0.0
pen_5bp_drop_50,1,SOL/USDT:USDT,15m,is,single,1.0,0.016232276964417543,0.4591194968553459,0.17335611420983418,318,0.23945409429280398,0.14779874213836477,1.8796379029113461,1,,
pen_5bp_drop_50,1,SOL/USDT:USDT,15m,is,lev_1,1.0,0.019977717194846263,0.45987654320987653,0.17355384975899352,324,0.23945409429280398,0.14969135802469136,2.0699387566220704,2,0.018456253698478996,0.0
pen_5bp_drop_50,1,SOL/USDT:USDT,15m,is,lev_2,2.0,0.04438422406509108,0.45987654320987653,0.20288360416089515,324,0.23945409429280398,0.14969135802469136,3.1959966863912674,2,0.02,0.0
pen_5bp_drop_50,1,SOL/USDT:USDT,15m,is,lev_3,3.0,0.010920817511749555,0.45987654320987653,0.22076629984784002,324,0.23945409429280398,0.14969135802469136,1.6644613127899561,2,0.02,0.0
pen_5bp_drop_50,2,SOL/USDT:USDT,15m,is,single,1.0,-0.09702813722425545,0.4336569579288026,0.23078717671423296,309,0.2326302729528536,0.08414239482200647,-4.935145004650476,1,,
pen_5bp_drop_50,2,SOL/USDT:USDT,15m,is,lev_1,1.0,-0.10011610898851686,0.43354430379746833,0.2369933383831149,316,0.2326302729528536,0.08386075949367089,-5.0577112608145685,2,0.018579996836921502,0.0
pen_5bp_drop_50,2,SOL/USDT:USDT,15m,is,lev_2,2.0,-0.1435257055771055,0.4308176100628931,0.276013100678347,318,0.2326302729528536,0.0770440251572327,-6.3851384883489555,2,0.02,0.0
pen_5bp_drop_50,2,SOL/USDT:USDT,15m,is,lev_3,3.0,-0.18315873773996,0.4308176100628931,0.29001628907669197,318,0.2326302729528536,0.0770440251572327,-8.450341309627673,2,0.02,0.0
pen_5bp_drop_50,3,SOL/USDT:USDT,15m,is,single,1.0,0.06179735274862578,0.4577922077922078,0.18498835489547413,308,0.23014888337468983,0.1444805194805195,4.511110942894124,1,,
pen_5bp_drop_50,3,SOL/USDT:USDT,15m,is,lev_1,1.0,0.051820148311701814,0.4551282051282051,0.18780307945803995,312,0.23014888337468983,0.13782051282051283,3.9209939856689604,2,0.02,0.0
pen_5bp_drop_50,3,SOL/USDT:USDT,15m,is,lev_2,2.0,-0.002329125992479203,0.4551282051282051,0.2567192554550447,312,0.23014888337468983,0.13782051282051283,1.0287824699288863,2,0.02,0.0
pen_5bp_drop_50,3,SOL/USDT:USDT,15m,is,lev_3,3.0,-0.029955214794274616,0.4551282051282051,0.2662266290126942,312,0.23014888337468983,0.13782051282051283,-0.29704422014467585,2,0.02,0.0
pen_5bp_drop_50,4,SOL/USDT:USDT,15m,is,single,1.0,0.023948939279694423,0.459546925566343,0.20778766211654495,309,0.23511166253101737,0.1488673139158576,2.3525660225497487,1,,
pen_5bp_drop_50,4,SOL/USDT:USDT,15m,is,lev_1,1.0,0.012203937378754018,0.45714285714285713,0.21281045852184646,315,0.23511166253101737,0.14285714285714285,1.6575967029781509,2,0.02,0.0
pen_5bp_drop_50,4,SOL/USDT:USDT,15m,is,lev_2,2.0,0.0056001253271009774,0.45714285714285713,0.28033812274771314,315,0.23511166253101737,0.14285714285714285,1.4049592416668855,2,0.02,0.0
pen_5bp_drop_50,4,SOL/USDT:USDT,15m,is,lev_3,3.0,-0.01385984476095,0.45714285714285713,0.288271771637824,315,0.23511166253101737,0.14285714285714285,0.4926932358965714,2,0.02,0.0
baseline,0,SOL/USDT:USDT,15m,oos,single,1.0,0.1417644635389217,0.508833922261484,0.1216255483673006,283,0.5063451776649747,0.27208480565371024,10.35062762721216,1,,
baseline,0,SOL/USDT:USDT,15m,oos,lev_1,1.0,0.11521041693948009,0.5016949152542373,0.12162554836730073,295,0.5063451776649747,0.2542372881355932,8.393106410232713,3,0.030000000000000002,0.0
baseline,0,SOL/USDT:USDT,15m,oos,lev_2,2.0,0.2047637290413273,0.5,0.15796915539175999,296,0.5063451776649747,0.25,11.094083725058692,3,0.030000000000000002,0.0
baseline,0,SOL/USDT:USDT,15m,oos,lev_3,3.0,0.24664560101299504,0.5,0.1561804408146322,296,0.5063451776649747,0.25,12.412879381851834,3,0.030000000000000002,0.0
pen_5bp,0,SOL/USDT:USDT,15m,oos,single,1.0,0.03423848642965513,0.4781021897810219,0.11586380461430328,274,0.46573604060913704,0.19525547445255476,3.3300536883574647,1,,
pen_5bp,0,SOL/USDT:USDT,15m,oos,lev_1,1.0,0.024812970654116726,0.4755244755244755,0.12465619844677019,286,0.46573604060913704,0.1888111888111888,2.5924441140054584,3,0.03,0.0
pen_5bp,0,SOL/USDT:USDT,15m,oos,lev_2,2.0,0.03225447457342525,0.4738675958188153,0.17149351244749417,287,0.46573604060913704,0.18466898954703834,2.8506106691636077,3,0.030000000000000006,0.0
pen_5bp,0,SOL/USDT:USDT,15m,oos,lev_3,3.0,0.037227883533651765,0.4738675958188153,0.16676580902384452,287,0.46573604060913704,0.18466898954703834,3.0766519803250993,3,0.030000000000000002,0.0
pen_5bp_drop_50,0,SOL/USDT:USDT,15m,oos,single,1.0,0.00735024417114164,0.48322147651006714,0.09905368585301677,149,0.23604060913705585,0.2080536912751678,1.8499701704229867,1,,
pen_5bp_drop_50,0,SOL/USDT:USDT,15m,oos,lev_1,1.0,-0.009700101826072205,0.47368421052631576,0.1100241222203979,152,0.23604060913705585,0.18421052631578946,-0.3816956147540206,2,0.02,0.0
pen_5bp_drop_50,0,SOL/USDT:USDT,15m,oos,lev_2,2.0,0.005269540375525503,0.47368421052631576,0.12797255120938872,152,0.23604060913705585,0.18421052631578946,1.6485915418888595,2,0.02,0.0
pen_5bp_drop_50,0,SOL/USDT:USDT,15m,oos,lev_3,3.0,0.02769092907587201,0.47368421052631576,0.12914482609033698,152,0.23604060913705585,0.18421052631578946,3.8672678811474834,2,0.02,0.0
pen_5bp_drop_50,1,SOL/USDT:USDT,15m,oos,single,1.0,-0.04968736246382996,0.4452054794520548,0.14139387231055814,146,0.23223350253807107,0.11301369863013698,-6.200935757007901,1,,
pen_5bp_drop_50,1,SOL/USDT:USDT,15m,oos,lev_1,1.0,-0.05314107433108384,0.44370860927152317,0.14478741131505718,151,0.23223350253807107,0.10927152317880795,-6.485823524060854,2,0.02,0.0
pen_5bp_drop_50,1,SOL/USDT:USDT,15m,oos,lev_2,2.0,-0.07659001337439858,0.44370860927152317,0.201221434391288,151,0.23223350253807107,0.10927152317880795,-7.2001748463597215,2,0.02,0.0
pen_5bp_drop_50,1,SOL/USDT:USDT,15m,oos,lev_3,3.0,-0.09036773846536343,0.44370860927152317,0.20505944129951562,151,0.23223350253807107,0.10927152317880795,-8.289540971031215,2,0.02,0.0
pen_5bp_drop_50,2,SOL/USDT:USDT,15m,oos,single,1.0,-0.018701558824212407,0.46153846153846156,0.11298018498145357,156,0.2398477157360406,0.15384615384615385,-1.4282408141119807,1,,
pen_5bp_drop_50,2,SOL/USDT:USDT,15m,oos,lev_1,1.0,-0.03069232115366649,0.453416149068323,0.11088398701555319,161,0.2398477157360406,0.13354037267080746,-2.870649400098402,2,0.02,0.0
pen_5bp_drop_50,2,SOL/USDT:USDT,15m,oos,lev_2,2.0,-0.05014483400505833,0.4506172839506173,0.1519063678708199,162,0.2398477157360406,0.12654320987654322,-3.8357140721470104,2,0.02,0.0
pen_5bp_drop_50,2,SOL/USDT:USDT,15m,oos,lev_3,3.0,-0.053366002580254826,0.4506172839506173,0.15912537376837038,162,0.2398477157360406,0.12654320987654322,-3.9528691618262317,2,0.02,0.0
pen_5bp_drop_50,3,SOL/USDT:USDT,15m,oos,single,1.0,-0.036585182478687604,0.4658385093167702,0.103029769502752,161,0.2398477157360406,0.16459627329192547,-3.704331610764232,1,,
pen_5bp_drop_50,3,SOL/USDT:USDT,15m,oos,lev_1,1.0,-0.045117748496894275,0.4573170731707317,0.1068646294772034,164,0.2398477157360406,0.14329268292682926,-4.747904175770248,2,0.013800017291610176,0.0
pen_5bp_drop_50,3,SOL/USDT:USDT,15m,oos,lev_2,2.0,-0.06196231584069683,0.4573170731707317,0.15609165399942754,164,0.2398477157360406,0.14329268292682926,-5.0433459699100975,2,0.02,0.0
pen_5bp_drop_50,3,SOL/USDT:USDT,15m,oos,lev_3,3.0,-0.0407110657609348,0.4573170731707317,0.15487559575027035,164,0.2398477157360406,0.14329268292682926,-2.6908033367903577,2,0.02,0.0
pen_5bp_drop_50,4,SOL/USDT:USDT,15m,oos,single,1.0,0.019665179639848974,0.474025974025974,0.10294138694943661,154,0.23604060913705585,0.18506493506493507,3.359460244236167,1,,
pen_5bp_drop_50,4,SOL/USDT:USDT,15m,oos,lev_1,1.0,0.021485040517325252,0.47770700636942676,0.10294138694943665,157,0.23604060913705585,0.1942675159235669,3.53735749340743,2,0.02,0.0
pen_5bp_drop_50,4,SOL/USDT:USDT,15m,oos,lev_2,2.0,0.04708016851434313,0.47770700636942676,0.1404832841098456,157,0.23604060913705585,0.1942675159235669,5.715395993824892,2,0.02,0.0
pen_5bp_drop_50,4,SOL/USDT:USDT,15m,oos,lev_3,3.0,0.042189112363623646,0.47770700636942676,0.15003417984110182,157,0.23604060913705585,0.1942675159235669,5.111463819101129,2,0.02,0.0
baseline,0,SOL/USDT:USDT,1h,is,single,1.0,0.29238924165072694,0.5189873417721519,0.06339721773509432,158,0.5062972292191436,0.2974683544303797,13.589680360083177,1,,
baseline,0,SOL/USDT:USDT,1h,is,lev_1,1.0,0.3038374866482309,0.5114942528735632,0.10837203747523044,174,0.5062972292191436,0.27873563218390807,12.744189297332376,3,0.03010298761853539,0.0
baseline,0,SOL/USDT:USDT,1h,is,lev_2,2.0,0.36611948745458506,0.5114942528735632,0.1129447741839341,174,0.5062972292191436,0.27873563218390807,14.203572882790859,3,0.03010298761853539,0.0
baseline,0,SOL/USDT:USDT,1h,is,lev_3,3.0,0.3781540177369703,0.5114942528735632,0.11294477418393357,174,0.5062972292191436,0.27873563218390807,14.454926756679376,3,0.030102987618535387,0.0
pen_5bp,0,SOL/USDT:USDT,1h,is,single,1.0,0.2545394977957738,0.5099337748344371,0.0821396673711325,151,0.48866498740554154,0.27483443708609273,12.525162885841791,1,,
pen_5bp,0,SOL/USDT:USDT,1h,is,lev_1,1.0,0.2656531804560156,0.5029940119760479,0.12621449160641668,167,0.48866498740554154,0.25748502994011974,11.757435940328579,3,0.030102987618535394,0.0
pen_5bp,0,SOL/USDT:USDT,1h,is,lev_2,2.0,0.3111058075918594,0.5029940119760479,0.12734469101728663,167,0.48866498740554154,0.25748502994011974,12.877265908936568,3,0.030102987618535387,0.0
pen_5bp,0,SOL/USDT:USDT,1h,is,lev_3,3.0,0.3195084625421825,0.5029940119760479,0.12734469101728668,167,0.48866498740554154,0.25748502994011974,13.055378599601944,3,0.03010298761853539,0.0
pen_5bp_drop_50,0,SOL/USDT:USDT,1h,is,single,1.0,0.04505972000417623,0.46153846153846156,0.1071348887054469,91,0.26448362720403024,0.15384615384615385,4.445665165638761,1,,
pen_5bp_drop_50,0,SOL/USDT:USDT,1h,is,lev_1,1.0,0.053767079507100246,0.4631578947368421,0.10713488870544699,95,0.26448362720403024,0.15789473684210525,4.972890958696213,2,0.020000000000000004,0.0
pen_5bp_drop_50,0,SOL/USDT:USDT,1h,is,lev_2,2.0,0.06774019147755625,0.4631578947368421,0.10746392734202087,95,0.26448362720403024,0.15789473684210525,5.80218607607423,2,0.02,0.0
pen_5bp_drop_50,0,SOL/USDT:USDT,1h,is,lev_3,3.0,0.06480871691226785,0.4631578947368421,0.10746392734202083,95,0.26448362720403024,0.15789473684210525,5.536132238244677,2,0.02,0.0
pen_5bp_drop_50,1,SOL/USDT:USDT,1h,is,single,1.0,0.2906563132231964,0.573170731707317,0.064196403056722,82,0.24685138539042822,0.4329268292682927,25.268769372067265,1,,
pen_5bp_drop_50,1,SOL/USDT:USDT,1h,is,lev_1,1.0,0.3144807652129695,0.5764705882352941,0.0641964030567219,85,0.24685138539042822,0.4411764705882353,26.091067773832986,2,0.02,0.0
pen_5bp_drop_50,1,SOL/USDT:USDT,1h,is,lev_2,2.0,0.3434749397159096,0.5764705882352941,0.06454126538334237,85,0.24685138539042822,0.4411764705882353,27.15589687583748,2,0.02,0.0
pen_5bp_drop_50,1,SOL/USDT:USDT,1h,is,lev_3,3.0,0.3499756857657887,0.5764705882352941,0.0645412653833424,85,0.24685138539042822,0.4411764705882353,27.32566765997601,2,0.02,0.0
pen_5bp_drop_50,2,SOL/USDT:USDT,1h,is,single,1.0,-0.014372219647681777,0.43209876543209874,0.07953932126991907,81,0.24937027707808565,0.08024691358024691,-0.8593852306998356,1,,
pen_5bp_drop_50,2,SOL/USDT:USDT,1h,is,lev_1,1.0,0.007704793275892189,0.4418604651162791,0.07953932126991875,86,0.24937027707808565,0.10465116279069768,1.250458596383494,2,0.02,0.0
pen_5bp_drop_50,2,SOL/USDT:USDT,1h,is,lev_2,2.0,0.013886340311731873,0.4418604651162791,0.08233278532714548,86,0.24937027707808565,0.10465116279069768,1.7832268963283449,2,0.02,0.0
pen_5bp_drop_50,2,SOL/USDT:USDT,1h,is,lev_3,3.0,0.0192898885402592,0.4418604651162791,0.08233278532714511,86,0.24937027707808565,0.10465116279069768,2.2448327267889807,2,0.02,0.0
pen_5bp_drop_50,3,SOL/USDT:USDT,1h,is,single,1.0,0.10330334292706393,0.49411764705882355,0.09301659420213484,85,0.25692695214105793,0.23529411764705882,9.689478568396796,1,,
pen_5bp_drop_50,3,SOL/USDT:USDT,1h,is,lev_1,1.0,0.1770494001881003,0.5161290322580645,0.09301659420213512,93,0.25692695214105793,0.2903225806451613,14.330951176185035,2,0.02,0.0
pen_5bp_drop_50,3,SOL/USDT:USDT,1h,is,lev_2,2.0,0.1989876574726366,0.5161290322580645,0.09762324453105842,93,0.25692695214105793,0.2903225806451613,15.316771232794936,2,0.020000000000000004,0.0
pen_5bp_drop_50,3,SOL/USDT:USDT,1h,is,lev_3,3.0,0.20827781627405947,0.5161290322580645,0.09762324453105854,93,0.25692695214105793,0.2903225806451613,15.87071188952249,2,0.020000000000000004,0.0
pen_5bp_drop_50,4,SOL/USDT:USDT,1h,is,single,1.0,0.15039344148943729,0.5060240963855421,0.1051281407611577,83,0.23929471032745592,0.26506024096385544,13.726642669513598,1,,
pen_5bp_drop_50,4,SOL/USDT:USDT,1h,is,lev_1,1.0,0.15967126617375998,0.5057471264367817,0.12332258605914735,87,0.23929471032745592,0.26436781609195403,13.826746429874923,3,0.03,0.0
pen_5bp_drop_50,4,SOL/USDT:USDT,1h,is,lev_2,2.0,0.17780424715792398,0.5057471264367817,0.12572798877248167,87,0.23929471032745592,0.26436781609195403,14.777076511788495,3,0.03,0.0
pen_5bp_drop_50,4,SOL/USDT:USDT,1h,is,lev_3,3.0,0.17766662094518507,0.5057471264367817,0.12572798877248229,87,0.23929471032745592,0.26436781609195403,14.667934358134218,3,0.030000000000000002,0.0
baseline,0,SOL/USDT:USDT,1h,oos,single,1.0,-0.0020949986310290114,0.4461538461538462,0.05408158780844708,65,0.47619047619047616,0.11538461538461539,0.25808976247893894,1,,
baseline,0,SOL/USDT:USDT,1h,oos,lev_1,1.0,-0.04603793952871128,0.4166666666666667,0.0812492743496617,72,0.47619047619047616,0.041666666666666664,-4.944417541676644,3,0.025478810684769683,0.0
baseline,0,SOL/USDT:USDT,1h,oos,lev_2,2.0,-0.041562461431095654,0.4166666666666667,0.08025873533248606,72,0.47619047619047616,0.041666666666666664,-3.983157322899439,3,0.030000000000000006,0.0
baseline,0,SOL/USDT:USDT,1h,oos,lev_3,3.0,-0.04008276360262371,0.4166666666666667,0.07883877931311244,72,0.47619047619047616,0.041666666666666664,-3.7560206253824746,3,0.030000000000000006,0.0
pen_5bp,0,SOL/USDT:USDT,1h,oos,single,1.0,-0.010913016032316227,0.4444444444444444,0.057723158135681935,63,0.4656084656084656,0.1111111111111111,-0.9071436083950558,1,,
pen_5bp,0,SOL/USDT:USDT,1h,oos,lev_1,1.0,-0.05446765381801088,0.4142857142857143,0.08936784262531496,70,0.4656084656084656,0.03571428571428571,-6.160334252186503,3,0.025478810684769683,0.0
pen_5bp,0,SOL/USDT:USDT,1h,oos,lev_2,2.0,-0.044647768565467594,0.4142857142857143,0.08321947525706379,70,0.4656084656084656,0.03571428571428571,-4.481129707617924,3,0.030000000000000006,0.0
pen_5bp,0,SOL/USDT:USDT,1h,oos,lev_3,3.0,-0.04198833683757566,0.4142857142857143,0.08066741630457276,70,0.4656084656084656,0.03571428571428571,-4.1127046134961125,3,0.030000000000000006,0.0
pen_5bp_drop_50,0,SOL/USDT:USDT,1h,oos,single,1.0,-0.01096800162679283,0.425,0.059650414416519755,40,0.2857142857142857,0.0625,-1.663546069900667,1,,
pen_5bp_drop_50,0,SOL/USDT:USDT,1h,oos,lev_1,1.0,-0.02789199171740147,0.4090909090909091,0.06939493449538701,44,0.2857142857142857,0.022727272727272728,-4.606283457789678,2,0.02,0.0
pen_5bp_drop_50,0,SOL/USDT:USDT,1h,oos,lev_2,2.0,-0.029436634270734795,0.4090909090909091,0.07384488664846954,44,0.2857142857142857,0.022727272727272728,-4.627412562969176,2,0.02,0.0
pen_5bp_drop_50,0,SOL/USDT:USDT,1h,oos,lev_3,3.0,-0.026046959118496308,0.4090909090909091,0.07384488664846954,44,0.2857142857142857,0.022727272727272728,-3.9927621584593425,2,0.02,0.0
pen_5bp_drop_50,1,SOL/USDT:USDT,1h,oos,single,1.0,-0.05375654188806821,0.3684210526315789,0.0915939661010834,38,0.2328042328042328,-0.07894736842105263,-11.30585857080496,1,,
pen_5bp_drop_50,1,SOL/USDT:USDT,1h,oos,lev_1,1.0,-0.0635858860831886,0.358974358974359,0.10103026444435864,39,0.2328042328042328,-0.10256410256410256,-13.254683246491119,2,0.020000000000000004,0.0
pen_5bp_drop_50,1,SOL/USDT:USDT,1h,oos,lev_2,2.0,-0.06825093562408402,0.358974358974359,0.10930941135090183,39,0.2328042328042328,-0.10256410256410256,-13.50465391507313,2,0.02,0.0
pen_5bp_drop_50,1,SOL/USDT:USDT,1h,oos,lev_3,3.0,-0.07213198111668825,0.358974358974359,0.11301943460345745,39,0.2328042328042328,-0.10256410256410256,-14.227108502617984,2,0.02,0.0
pen_5bp_drop_50,2,SOL/USDT:USDT,1h,oos,single,1.0,0.005033569123537745,0.46511627906976744,0.06924187730068443,43,0.2804232804232804,0.16279069767441862,1.4751379035223993,1,,
pen_5bp_drop_50,2,SOL/USDT:USDT,1h,oos,lev_1,1.0,-0.03668980358404242,0.425531914893617,0.07888700434094868,47,0.2804232804232804,0.06382978723404255,-6.0099550028288,2,0.02,0.0
pen_5bp_drop_50,2,SOL/USDT:USDT,1h,oos,lev_2,2.0,-0.01978637424161261,0.425531914893617,0.08356660466364063,47,0.2804232804232804,0.06382978723404255,-2.7364318962368586,2,0.020000000000000004,0.0
pen_5bp_drop_50,2,SOL/USDT:USDT,1h,oos,lev_3,3.0,-0.01705773538917747,0.425531914893617,0.08452473701786165,47,0.2804232804232804,0.06382978723404255,-2.2201636254702577,2,0.020000000000000004,0.0
pen_5bp_drop_50,3,SOL/USDT:USDT,1h,oos,single,1.0,-0.06086727735460863,0.38095238095238093,0.1056126486240528,42,0.2751322751322751,-0.047619047619047616,-11.779339012876397,1,,
pen_5bp_drop_50,3,SOL/USDT:USDT,1h,oos,lev_1,1.0,-0.0549848043352822,0.38636363636363635,0.10001044849149252,44,0.2751322751322751,-0.03409090909090909,-10.028872043217065,2,0.02,0.0
pen_5bp_drop_50,3,SOL/USDT:USDT,1h,oos,lev_2,2.0,-0.05532627439840908,0.38636363636363635,0.1020319316067696,44,0.2751322751322751,-0.03409090909090909,-9.447989311696293,2,0.02,0.0
pen_5bp_drop_50,3,SOL/USDT:USDT,1h,oos,lev_3,3.0,-0.05202701835010503,0.38636363636363635,0.09893758787087857,44,0.2751322751322751,-0.03409090909090909,-8.773669952642486,2,0.02,0.0
pen_5bp_drop_50,4,SOL/USDT:USDT,1h,oos,single,1.0,-0.01885015847147861,0.4117647058823529,0.05154031671992161,34,0.2328042328042328,0.029411764705882353,-3.937849344947107,1,,
pen_5bp_drop_50,4,SOL/USDT:USDT,1h,oos,lev_1,1.0,-0.02904210158790938,0.4,0.061392682516728914,35,0.2328042328042328,0.0,-6.22390893389296,2,0.02,0.0
pen_5bp_drop_50,4,SOL/USDT:USDT,1h,oos,lev_2,2.0,-0.028358562881409487,0.4,0.06570002093209361,35,0.2328042328042328,0.0,-5.710078811156631,2,0.02,0.0
pen_5bp_drop_50,4,SOL/USDT:USDT,1h,oos,lev_3,3.0,-0.032405773406362456,0.4,0.06959169183485014,35,0.2328042328042328,0.0,-6.55523058151532,2,0.02,0.0
