scope,arm,segment,exclude_symbol,num_cells,num_symbols,num_trades,win_rate,total_return,max_drawdown,return_over_mdd,peak_concurrency,max_concurrent_risk,liquidation_events
4h,long_only,full,,9,9,665,0.6,13.835232800097176,0.0850702085534301,162.63311252384744,7,0.07,0
4h,long_only,is,,9,9,407,0.6240786240786241,5.749320140272773,0.0850702085534301,67.58323786948036,7,0.07,0
4h,long_only,oos_warm,,9,9,258,0.562015503875969,1.1980336525417166,0.0727644192704554,16.46455320544494,5,0.0491678799626993,0
4h,long_only,oos,,9,9,236,0.538135593220339,0.8109315021038299,0.0746651953440786,10.860903776743964,5,0.0453537529472806,0
4h,long_only,full,ETH,8,8,584,0.6044520547945206,10.34908333427054,0.0844955533753025,122.4808042655592,6,0.06,0
4h,long_only,is,ETH,8,8,359,0.6295264623955432,4.673431339691516,0.0844955533753025,55.30979031445136,6,0.06,0
4h,long_only,oos_warm,ETH,8,8,225,0.5644444444444444,1.0003914130187768,0.0647293496407734,15.454989406978749,4,0.0401072341128049,0
4h,long_only,oos,ETH,8,8,208,0.5432692307692307,0.7249939545726222,0.064729349640774,11.200389909617405,4,0.0401072341128049,0
4h,long_only,full,SOL,8,8,578,0.6038062283737025,9.7781181827476,0.079002560980608,123.76963558368357,6,0.06,0
4h,long_only,is,SOL,8,8,362,0.6270718232044199,4.552670566241599,0.079002560980608,57.62687322704761,6,0.06,0
4h,long_only,oos_warm,SOL,8,8,216,0.5648148148148148,0.9410692664309994,0.0727644192704556,12.933096640724514,4,0.0401109562983323,0
4h,long_only,oos,SOL,8,8,202,0.5445544554455446,0.7056197312310811,0.0665703070173084,10.599616598547726,4,0.0401109562983323,0
4h,long_only,full,DOGE,8,8,591,0.5972927241962775,9.816222115634115,0.0844955533753028,116.17442248154198,6,0.06,0
4h,long_only,is,DOGE,8,8,361,0.6260387811634349,4.50638368978264,0.0844955533753028,53.33279101406309,6,0.06,0
4h,long_only,oos_warm,DOGE,8,8,230,0.5521739130434783,0.9643059265383432,0.0613512665153213,15.71778353259464,5,0.0453537529472806,0
4h,long_only,oos,DOGE,8,8,214,0.5327102803738317,0.6827101962482433,0.0687680813115205,9.927719128232692,5,0.0453537529472806,0
4h,N0,full,,9,9,817,0.4443084455324357,0.3542909864518839,0.2062708615181742,1.7176007500248305,7,0.07,0
4h,N0,is,,9,9,515,0.4466019417475728,0.2469072899823109,0.1562020763201299,1.5806914722201535,7,0.07,0
4h,N0,oos_warm,,9,9,302,0.4403973509933774,0.0861200326057081,0.2062708615181749,0.4175094435144926,5,0.0499053108243344,0
4h,N0,oos,,9,9,276,0.4456521739130434,0.1147013222686009,0.1517308960319459,0.7559523160296326,5,0.0481068347680535,0
4h,N0,full,ETH,8,8,716,0.4455307262569832,0.3271704734118683,0.2170367217944731,1.507442937337066,6,0.06,0
4h,N0,is,ETH,8,8,450,0.4533333333333333,0.3050342467956339,0.1314288829500099,2.320907246177054,6,0.06,0
4h,N0,oos_warm,ETH,8,8,266,0.4323308270676692,0.0169621806252127,0.2170367217944732,0.078153505475794,4,0.0401072341128049,0
4h,N0,oos,ETH,8,8,248,0.439516129032258,0.0593492547901643,0.1572199604025421,0.3774918568749668,4,0.0401072341128049,0
4h,N0,full,SOL,8,8,705,0.4468085106382978,0.3411058092215258,0.1989310952897209,1.714693264643938,6,0.06,0
4h,N0,is,SOL,8,8,456,0.4451754385964912,0.1847748326846469,0.1989310952897209,0.928838361923977,6,0.06,0
4h,N0,oos_warm,SOL,8,8,249,0.4497991967871486,0.131949947132688,0.1701607058625278,0.7754431110510902,4,0.0401109562983323,0
4h,N0,oos,SOL,8,8,233,0.4506437768240343,0.1271593810186825,0.1454217620301074,0.8744178260772006,4,0.0401109562983323,0
4h,N0,full,DOGE,8,8,722,0.4542936288088642,0.5745938930774832,0.1956711740703168,2.9365280594217515,6,0.06,0
4h,N0,is,DOGE,8,8,457,0.4638949671772429,0.4764285845071395,0.1145191574503419,4.1602522679555145,6,0.06,0
4h,N0,oos_warm,DOGE,8,8,265,0.4377358490566038,0.0664883554818956,0.1956711740703168,0.3397963741864309,5,0.0481068347680536,0
4h,N0,oos,DOGE,8,8,244,0.4385245901639344,0.0625185367367934,0.1592149952589137,0.3926673906256534,5,0.0481068347680536,0
4h,N1,full,,9,9,702,0.5598290598290598,7.908347974551933,0.1278814959534163,61.84122194998971,7,0.07,0
4h,N1,is,,9,9,433,0.5727482678983834,3.458322569050808,0.0850702085534298,40.652569540590086,7,0.07,0
4h,N1,oos_warm,,9,9,269,0.5390334572490706,0.9981389494768126,0.1278814959534166,7.805186685025992,5,0.0491678799626993,0
4h,N1,oos,,9,9,246,0.5284552845528455,0.7551918265699719,0.0994485158428635,7.593796852265087,5,0.0481068347680536,0
4h,N1,full,ETH,8,8,616,0.564935064935065,6.360000393587177,0.1214839148993222,52.352613091683146,6,0.06,0
4h,N1,is,ETH,8,8,380,0.5842105263157895,3.150875139730246,0.0844955533753028,37.29042551783812,6,0.06,0
4h,N1,oos_warm,ETH,8,8,236,0.5338983050847458,0.7731201604068221,0.1214839148993223,6.363971403518993,4,0.0401072341128049,0
4h,N1,oos,ETH,8,8,218,0.5321100917431193,0.6720232938394205,0.0928435220407198,7.238235679433627,4,0.0401072341128049,0
4h,N1,full,SOL,8,8,611,0.563011456628478,5.907678514356985,0.1187516591417403,49.74817663225791,6,0.06,0
4h,N1,is,SOL,8,8,387,0.5736434108527132,2.7978452622062453,0.0790025609806078,35.414614760311515,6,0.06,0
4h,N1,oos_warm,SOL,8,8,224,0.5446428571428571,0.818841484432721,0.1187516591417405,6.895410896578393,4,0.0401109562983323,0
4h,N1,oos,SOL,8,8,211,0.5308056872037915,0.628983316926276,0.0994485158428632,6.324712959217218,4,0.0401109562983323,0
4h,N1,full,DOGE,8,8,623,0.565008025682183,6.58634302376695,0.096087724850833,68.54510327923376,6,0.06,0
4h,N1,is,DOGE,8,8,383,0.5848563968668408,3.1821194405171496,0.0844955533753029,37.660200015297455,6,0.06,0
4h,N1,oos_warm,DOGE,8,8,240,0.5333333333333333,0.8139948252718568,0.0960877248508333,8.471371619377011,5,0.0481068347680535,0
4h,N1,oos,DOGE,8,8,222,0.5180180180180181,0.5849836746881749,0.0867258996109111,6.745201575453905,5,0.0481068347680536,0
4h,N2,full,,9,9,672,0.5863095238095238,11.45500302978276,0.0850702085534296,134.65352001092452,7,0.0699999999999999,0
4h,N2,is,,9,9,412,0.6043689320388349,4.66709208215989,0.0850702085534296,54.861650882501976,7,0.0699999999999999,0
4h,N2,oos_warm,,9,9,260,0.5576923076923077,1.1977767167382585,0.0710594953483581,16.855969928668127,5,0.0491678799626993,0
4h,N2,oos,,9,9,237,0.540084388185654,0.8405599034703916,0.0746651953440781,11.257720542976632,5,0.0453537529472806,0
4h,N2,full,ETH,8,8,591,0.5905245346869712,8.770501758704956,0.0844955533753027,103.7983823805394,6,0.06,0
4h,N2,is,ETH,8,8,364,0.6098901098901099,3.885036760154719,0.0844955533753027,45.97918594483431,6,0.06,0
4h,N2,oos_warm,ETH,8,8,227,0.5594713656387665,1.0000876632902778,0.071059495348358,14.073948293433622,4,0.0401072341128049,0
4h,N2,oos,ETH,8,8,209,0.5454545454545454,0.7531550591802272,0.0647293496407735,11.635449195148542,4,0.0401072341128049,0
4h,N2,full,SOL,8,8,584,0.5907534246575342,8.370803749650872,0.079002560980608,105.9561063052825,6,0.06,0
4h,N2,is,SOL,8,8,367,0.6076294277929155,3.7793396359663287,0.079002560980608,47.83819143399673,6,0.06,0
4h,N2,oos_warm,SOL,8,8,217,0.5622119815668203,0.9606900667054616,0.0760679193422886,12.62937221120208,4,0.0401109562983323,0
4h,N2,oos,SOL,8,8,203,0.5467980295566502,0.7335251411910562,0.0569498912280955,12.880185113139964,4,0.0401109562983323,0
4h,N2,full,DOGE,8,8,599,0.5859766277128547,8.502020177995812,0.0844955533753024,100.62091836043172,6,0.06,0
4h,N2,is,DOGE,8,8,366,0.6065573770491803,3.737808296604067,0.0844955533753024,44.23674557170963,6,0.06,0
4h,N2,oos_warm,DOGE,8,8,233,0.5536480686695279,1.005572953385767,0.0710594953483579,14.151141215626486,5,0.0453537529472806,0
4h,N2,oos,DOGE,8,8,215,0.5348837209302325,0.711058984103111,0.06876808131152,10.339956714540394,5,0.0453537529472806,0
4h,N3,full,,9,9,666,0.5990990990990991,13.693037187501917,0.0850702085534301,160.96160360182628,7,0.07,0
4h,N3,is,,9,9,408,0.6225490196078431,5.6842806243254325,0.0850702085534301,66.81869859006281,7,0.07,0
4h,N3,oos_warm,,9,9,258,0.562015503875969,1.1981478656104003,0.0727644192704555,16.466122833428336,5,0.0491678799626993,0
4h,N3,oos,,9,9,236,0.538135593220339,0.8110256007741511,0.0746651953440786,10.862164051626896,5,0.0453537529472806,0
4h,N3,full,ETH,8,8,585,0.6034188034188034,10.240302442264564,0.0844955533753025,121.19338868378526,6,0.06,0
4h,N3,is,ETH,8,8,360,0.6277777777777778,4.618759577139885,0.0844955533753025,54.66275315843919,6,0.06,0
4h,N3,oos_warm,ETH,8,8,225,0.5644444444444444,1.0004953563053514,0.0647293496407734,15.456595220835236,4,0.0401072341128049,0
4h,N3,oos,ETH,8,8,208,0.5432692307692307,0.7250835878012934,0.064729349640774,11.201774648212318,4,0.0401072341128049,0
4h,N3,full,SOL,8,8,579,0.6027633851468048,9.674809988109107,0.079002560980608,122.46197930828956,6,0.06,0
4h,N3,is,SOL,8,8,363,0.6253443526170799,4.499162509379924,0.079002560980608,56.94957800778492,6,0.06,0
4h,N3,oos_warm,SOL,8,8,216,0.5648148148148148,0.9411701272513892,0.0727644192704556,12.934482769019098,4,0.0401109562983323,0
4h,N3,oos,SOL,8,8,202,0.5445544554455446,0.7057083577465498,0.0665703070173084,10.6009479205656,4,0.0401109562983323,0
4h,N3,full,DOGE,8,8,592,0.5962837837837838,9.71254869503982,0.0844955533753028,114.94745352929652,6,0.06,0
4h,N3,is,DOGE,8,8,362,0.6243093922651933,4.453321674296541,0.0844955533753028,52.70480512171187,6,0.06,0
4h,N3,oos_warm,DOGE,8,8,230,0.5521739130434783,0.9644079947698484,0.0613512665153211,15.71944720210475,5,0.0453537529472806,0
4h,N3,oos,DOGE,8,8,214,0.5327102803738317,0.6827976323505045,0.0687680813115205,9.928990591687738,5,0.0453537529472806,0
all,long_only,full,,18,9,3906,0.5972862263184844,15294.152369303814,0.1334244538009216,114627.80572535627,10,0.08,0
all,long_only,is,,18,9,2555,0.6180039138943249,2978.029630225131,0.1334244538009216,22319.96868181716,8,0.08,0
all,long_only,oos_warm,,18,9,1350,0.5577777777777778,14.780497893613155,0.1496782731784896,98.74845279640273,9,0.07791837638252759,0
all,long_only,oos,,18,9,1298,0.5493066255778121,10.34776268781871,0.14967827317848956,69.13336497060683,7,0.060000000000000005,0
all,long_only,full,ETH,16,8,3454,0.594962362478286,6289.935092050993,0.12430306752926579,50601.60796570927,10,0.08000000000000002,0
all,long_only,is,ETH,16,8,2277,0.6231884057971014,2038.6101692568604,0.12430306752926579,16400.320682165726,8,0.08000000000000002,0
all,long_only,oos_warm,ETH,16,8,1176,0.5399659863945578,6.6400646089171405,0.17495697401789706,37.95255745700026,9,0.07791837638252758,0
all,long_only,oos,ETH,16,8,1134,0.5308641975308642,4.732900053431197,0.17495697401789645,27.051794191108186,6,0.05687666219149906,0
all,long_only,full,SOL,16,8,3394,0.5989982321744255,6486.034240844521,0.11213109560202032,57843.314613325325,9,0.07,0
all,long_only,is,SOL,16,8,2215,0.6234762979683973,1606.9766405411938,0.11213109560202032,14331.231064081747,7,0.07,0
all,long_only,oos_warm,SOL,16,8,1179,0.553011026293469,7.993116437868965,0.16144267647464206,49.51055453496802,9,0.07122017455259726,0
all,long_only,oos,SOL,16,8,1145,0.5441048034934498,6.060580241648736,0.16144267647464183,37.54013730440529,6,0.05404105391107435,0
all,long_only,full,DOGE,16,8,3495,0.5985693848354793,9567.629401033353,0.11354697233766084,84261.422423326,9,0.08000000000000002,0
all,long_only,is,DOGE,16,8,2299,0.6154849934754241,1617.1725739530266,0.11354697233766084,14242.322280015993,8,0.08000000000000002,0
all,long_only,oos_warm,DOGE,16,8,1196,0.5660535117056856,13.105132907115667,0.14818303610950884,88.43882033454109,9,0.07425024213408961,0
all,long_only,oos,DOGE,16,8,1150,0.5582608695652174,9.646665076081126,0.14818303610950886,65.09965870150033,7,0.060000000000000005,0
all,N0,full,,18,9,4581,0.4503383540711635,0.26476024541281,0.591121051652323,0.44789513869070063,9,0.08605225026702623,0
all,N0,is,,18,9,2999,0.4594864954984995,1.4646565611275815,0.45303081638236065,3.2330175082204624,9,0.08605225026702623,0
all,N0,oos_warm,,18,9,1582,0.4329962073324905,-0.486841182921572,0.5346872294185984,-0.9105158233364717,9,0.082100841477694,0
all,N0,oos,,18,9,1528,0.43586387434554974,-0.4193893426367736,0.47129831682526874,-0.8898596232251342,7,0.06404105391107436,0
all,N0,full,ETH,16,8,4054,0.44844597927972374,0.16670725665071076,0.6921973949326815,0.24083774060854937,9,0.082100841477694,0
all,N0,is,ETH,16,8,2671,0.46461999251216773,2.265998233519029,0.39642460562370274,5.71608876284026,8,0.08,0
all,N0,oos_warm,ETH,16,8,1383,0.41720896601590746,-0.642771620426259,0.6648835248975983,-0.9667431908848323,9,0.082100841477694,0
all,N0,oos,ETH,16,8,1340,0.4216417910447761,-0.5786065636652257,0.6030186488321312,-0.9595168653337928,7,0.06404105391107437,0
all,N0,full,SOL,16,8,3958,0.45426983324911574,0.4623104010725148,0.504334343074272,0.9166744391318034,9,0.08610657297841642,0
all,N0,is,SOL,16,8,2589,0.46349942062572425,1.4394086275632083,0.3070096693547646,4.688479781722776,9,0.08610657297841642,0
all,N0,oos_warm,SOL,16,8,1369,0.4368151935719503,-0.40054717174085946,0.40892520451157105,-0.9795120655849069,9,0.07309447868772272,0
all,N0,oos,SOL,16,8,1334,0.43853073463268366,-0.34863750715400765,0.3688448665441499,-0.9452144757239737,7,0.06404105391107434,0
all,N0,full,DOGE,16,8,4098,0.45119570522205954,0.171715208571557,0.5355964874994695,0.3206055539558165,9,0.08628823900553623,0
all,N0,is,DOGE,16,8,2696,0.45956973293768544,1.0024878645993383,0.448627405617505,2.234566707353694,9,0.08628823900553623,0
all,N0,oos_warm,DOGE,16,8,1402,0.43509272467902993,-0.41487025750041384,0.44924645231441757,-0.9234803199070238,9,0.08104273347273795,0
all,N0,oos,DOGE,16,8,1358,0.43593519882179677,-0.39060010917165927,0.4276097289836974,-0.9134500052185456,7,0.06022448907245165,0
all,N1,full,,18,9,4132,0.547676669893514,2191.341626831888,0.18958245820569455,11558.778420597913,10,0.07999999999999999,0
all,N1,is,,18,9,2700,0.567037037037037,706.9903276144967,0.1521915830175708,4645.39702916996,8,0.07999999999999999,0
all,N1,oos_warm,,18,9,1431,0.5108315863032844,4.1799343147579995,0.20004363388358126,20.8951128991717,9,0.08063006120020987,0
all,N1,oos,,18,9,1379,0.5119651921682379,4.0092363957204205,0.20004363388358126,20.041809468696528,7,0.06404105391107437,0
all,N1,full,ETH,16,8,3658,0.5420995079278295,789.9858679171342,0.18798093238174496,4202.478719026987,10,0.08,0
all,N1,is,ETH,16,8,2408,0.5693521594684385,488.6321325577141,0.1368565963960354,3570.3951831719623,8,0.08,0
all,N1,oos_warm,ETH,16,8,1249,0.489191353082466,1.494108962614445,0.21029829419679144,7.10471270497467,9,0.08063006120020988,0
all,N1,oos,ETH,16,8,1207,0.4904722452361226,1.4654965809657872,0.2102982941967923,6.968656529350682,7,0.06404105391107436,0
all,N1,full,SOL,16,8,3591,0.5522138680033417,1081.9210842475322,0.1499211036682473,7216.602985005098,9,0.07945371004020507,0
all,N1,is,SOL,16,8,2349,0.5742869306087697,440.338233786376,0.1499211036682473,2937.1330854179,8,0.07945371004020507,0
all,N1,oos_warm,SOL,16,8,1242,0.5104669887278583,2.777981769762771,0.2013640929594982,13.795814978400971,9,0.07073736573719738,0
all,N1,oos,SOL,16,8,1209,0.511166253101737,2.789292890458119,0.20136409295949886,13.851987459448097,7,0.06404105391107437,0
all,N1,full,DOGE,16,8,3692,0.5520043336944745,1592.7083137285717,0.17690345988885564,9003.262653705211,9,0.08,0
all,N1,is,DOGE,16,8,2427,0.5686032138442522,430.80466412683313,0.17690345988885564,2435.2529023315756,8,0.08,0
all,N1,oos_warm,DOGE,16,8,1265,0.5201581027667984,4.570876239840793,0.17413950157830885,26.248359495765033,9,0.07989679553812146,0
all,N1,oos,DOGE,16,8,1223,0.5192150449713818,4.070182397691844,0.1741395015783091,23.37311385872732,7,0.05999999999999999,0
all,N2,full,,18,9,3973,0.5816763151271079,9396.988458342701,0.1334244538009215,70429.28181938565,10,0.08,0
all,N2,is,,18,9,2594,0.60254433307633,2046.7530113611456,0.1334244538009215,15340.164063291146,8,0.08,0
all,N2,oos_warm,,18,9,1378,0.5420899854862119,10.180608129216953,0.16707458874561226,60.934509584326705,9,0.07779038748148363,0
all,N2,oos,,18,9,1326,0.5384615384615384,8.2536214469101,0.16707458874561262,49.400818573775126,7,0.06404105391107437,0
all,N2,full,ETH,16,8,3516,0.5787827076222981,3671.8589452235205,0.12892230610820932,28481.176423741537,10,0.08,0
all,N2,is,ETH,16,8,2314,0.6076058772687987,1440.4653391810375,0.12892230610820932,11173.127309497559,8,0.08,0
all,N2,oos_warm,ETH,16,8,1201,0.5228975853455454,4.440053615759481,0.19123848644698546,23.21736434046888,9,0.07779038748148365,0
all,N2,oos,ETH,16,8,1159,0.5194132873166523,3.701735015238711,0.1912384864469863,19.356642504409688,7,0.06404105391107437,0
all,N2,full,SOL,16,8,3449,0.5871267033922877,4620.374570364436,0.1289223061082092,35838.44184796374,9,0.07,0
all,N2,is,SOL,16,8,2251,0.6112838738338516,1279.15901987934,0.1289223061082092,9921.93716117438,7,0.07,0
all,N2,oos_warm,SOL,16,8,1198,0.5417362270450752,6.498619479706626,0.17859830987906844,36.38679158894022,9,0.07100994185684974,0
all,N2,oos,SOL,16,8,1164,0.5378006872852233,5.6210355575605995,0.17859830987906897,31.473061314895247,7,0.06404105391107434,0
all,N2,full,DOGE,16,8,3553,0.5840135097101041,6068.858407679107,0.1159329834017657,52347.987859912835,9,0.08000000000000002,0
all,N2,is,DOGE,16,8,2333,0.6018002571795971,1153.4058406642587,0.1159329834017657,9948.90157072152,8,0.08000000000000002,0
all,N2,oos_warm,DOGE,16,8,1220,0.55,9.488537476566506,0.1318582268676266,71.96014766748013,9,0.07404000943834209,0
all,N2,oos,DOGE,16,8,1176,0.5450680272108843,7.498920022380591,0.1318582268676266,56.87108192277459,7,0.060000000000000005,0
all,N3,full,,18,9,3927,0.5923096511331806,13463.559204031011,0.13342445380092113,100907.73333139972,10,0.08,0
all,N3,is,,18,9,2563,0.6137339055793991,2786.0295776558332,0.13342445380092113,20880.95171678791,8,0.08,0
all,N3,oos_warm,,18,9,1363,0.5517241379310345,13.078029843839238,0.1587686010839232,82.37163869023665,9,0.07791837638252759,0
all,N3,oos,,18,9,1311,0.5446224256292906,9.42219824911483,0.15876860108392268,59.34547627672551,7,0.060000000000000005,0
all,N3,full,ETH,16,8,3476,0.5900460299194477,5392.1328073187115,0.12590391984432267,42827.362436260606,10,0.07999999999999999,0
all,N3,is,ETH,16,8,2286,0.6198600174978127,1946.7939446022383,0.12590391984432267,15462.536408790169,8,0.07999999999999999,0
all,N3,oos_warm,ETH,16,8,1189,0.5323801513877208,5.641043275143057,0.1831734627821365,30.796181878443935,9,0.07791837638252758,0
all,N3,oos,ETH,16,8,1147,0.5248474280732345,4.130271547424687,0.18317346278213703,22.548416592075636,6,0.05687666219149907,0
all,N3,full,SOL,16,8,3408,0.5959507042253521,6224.17802320805,0.1126613624160741,55246.784609450166,9,0.06999999999999999,0
all,N3,is,SOL,16,8,2222,0.6206120612061206,1570.484320047464,0.1126613624160741,13939.866218264313,7,0.06999999999999999,0
all,N3,oos_warm,SOL,16,8,1186,0.5497470489038786,7.74796661412503,0.17040723753183404,45.467356471157046,9,0.07122017455259726,0
all,N3,oos,SOL,16,8,1152,0.5425347222222222,6.072183108772039,0.17040723753183296,35.633363915295696,6,0.05404105391107436,0
all,N3,full,DOGE,16,8,3513,0.5937944776544264,8412.820169909997,0.11354697233766105,74091.10077274732,9,0.08,0
all,N3,is,DOGE,16,8,2305,0.6117136659436009,1491.7879933763138,0.11354697233766105,13138.06931760452,8,0.08,0
all,N3,oos_warm,DOGE,16,8,1208,0.5596026490066225,11.722572552173958,0.13562012434769902,86.43682203180967,9,0.07425024213408962,0
all,N3,oos,DOGE,16,8,1163,0.5528804815133276,8.77963477707801,0.1356201243476986,64.73696156308675,7,0.060000000000000005,0
1h,long_only,full,,9,9,2588,0.5950540958268934,1366.2650905546514,0.11228275127520915,12168.076352225156,6,0.05915434518222158,0
1h,long_only,is,,9,9,1704,0.6179577464788732,339.26335554614013,0.11228275127520915,3021.5091070808658,6,0.05915434518222158,0
1h,long_only,oos_warm,,9,9,884,0.5509049773755657,4.382640312230025,0.10732853035201827,40.83387984402427,5,0.05,0
1h,long_only,oos,,9,9,857,0.5425904317386231,3.4704476065945156,0.10732853035201759,32.334809721255795,5,0.05,0
1h,long_only,full,ETH,8,8,2289,0.5915246832678025,618.0816208419131,0.13604771431286738,4543.123888289059,6,0.059154345182221575,0
1h,long_only,is,ETH,8,8,1516,0.6233509234828496,244.40057735305027,0.10753298667803954,2272.7963288586116,6,0.059154345182221575,0
1h,long_only,oos_warm,ETH,8,8,773,0.5291073738680466,2.1050886902749584,0.14362437882514212,14.656903706005465,4,0.04,0
1h,long_only,oos,ETH,8,8,750,0.52,1.6350302508775236,0.14362437882514167,11.384071870334237,4,0.04,0
1h,long_only,full,SOL,8,8,2251,0.5988449577965349,614.0540068078427,0.09886562395389456,6210.996120291553,6,0.04957470383641746,0
1h,long_only,is,SOL,8,8,1480,0.6263513513513513,198.52713764765613,0.08702823581146878,2281.180766179495,6,0.04957470383641746,0
1h,long_only,oos_warm,SOL,8,8,771,0.5460440985732814,2.7225042561974035,0.10015264462545745,27.183548336429848,4,0.04,0
1h,long_only,oos,SOL,8,8,754,0.5384615384615384,2.2986016332618964,0.10015264462545631,22.95098289074684,4,0.04,0
1h,long_only,full,DOGE,8,8,2320,0.5978448275862069,778.5679417678826,0.09735475157184041,7997.22591036924,6,0.05915434518222158,0
1h,long_only,is,DOGE,8,8,1535,0.6169381107491857,181.6585223394676,0.09735475157184041,1865.9440798368985,6,0.05915434518222158,0
1h,long_only,oos_warm,DOGE,8,8,785,0.5605095541401274,4.212169027134121,0.09184427852525802,45.86207322621339,5,0.05,0
1h,long_only,oos,DOGE,8,8,758,0.5514511873350924,3.328865984148282,0.09184427852525782,36.244674546959615,5,0.05,0
1h,N0,full,,9,9,3061,0.45050637046716757,-0.10876569130502539,0.5277155513865469,-0.20610666299154692,6,0.05915434518222158,0
1h,N0,is,,9,9,2018,0.4613478691774034,0.5918655956039929,0.3907198428692747,1.5148081327469634,6,0.05915434518222158,0
1h,N0,oos_warm,,9,9,1043,0.42953020134228187,-0.44013218756900113,0.523858794955661,-0.8401733287808093,5,0.050224489072451646,0
1h,N0,oos,,9,9,1018,0.4302554027504912,-0.4232316182161895,0.525394926351004,-0.8055494961773543,5,0.050224489072451646,0
1h,N0,full,ETH,8,8,2707,0.44883635020317697,-0.07323269907242229,0.6014285601775377,-0.12176458505862191,6,0.059154345182221575,0
1h,N0,is,ETH,8,8,1797,0.46633277685030605,0.9914253897516188,0.3292031202645287,3.0115917156403813,6,0.059154345182221575,0
1h,N0,oos_warm,ETH,8,8,910,0.4142857142857143,-0.5346211283149442,0.6014285601775368,-0.8889187572953444,5,0.04465855106724677,0
1h,N0,oos,ETH,8,8,891,0.4163860830527497,-0.5086042534733236,0.5874260463683006,-0.8658183555491207,4,0.040112244536225826,0
1h,N0,full,SOL,8,8,2650,0.45622641509433964,0.1552112181791217,0.45196628299631436,0.3434132677998624,6,0.05000000000000001,0
1h,N0,is,SOL,8,8,1751,0.4683038263849229,0.8454366703508392,0.2567815041648453,3.2924360074162378,6,0.05000000000000001,0
1h,N0,oos_warm,SOL,8,8,899,0.43270300333704115,-0.37401741455614257,0.42043862830351414,-0.8895886090802766,4,0.040112244536225826,0
1h,N0,oos,SOL,8,8,884,0.4332579185520362,-0.36131017684232736,0.43606908531998806,-0.828561778409945,4,0.040112244536225826,0
1h,N0,full,DOGE,8,8,2744,0.44825072886297374,-0.3087911088817661,0.526654578756469,-0.5863256892418561,6,0.059154345182221575,0
1h,N0,is,DOGE,8,8,1814,0.45810363836824697,0.19049966053334175,0.383147029213649,0.49719727939510144,6,0.059154345182221575,0
1h,N0,oos_warm,DOGE,8,8,930,0.4290322580645161,-0.4193959779807302,0.4879682238772498,-0.8594739523166796,5,0.050224489072451646,0
1h,N0,oos,DOGE,8,8,905,0.4298342541436464,-0.4019364990899142,0.4896773576996765,-0.8208190408845194,5,0.050224489072451646,0
1h,N1,full,,9,9,2735,0.5477148080438757,235.2634350441194,0.16672862355117346,1411.0560624397572,6,0.05915434518222158,0
1h,N1,is,,9,9,1810,0.567403314917127,81.84668273103235,0.16672862355117346,490.89760946722754,6,0.05915434518222158,0
1h,N1,oos_warm,,9,9,925,0.5091891891891892,1.8338530743791286,0.1564744555845154,11.719823964420973,5,0.04999999999999999,0
1h,N1,oos,,9,9,903,0.5071982281284607,1.622892555593938,0.1564744555845158,10.371613369936748,5,0.05000000000000001,0
1h,N1,full,ETH,8,8,2423,0.5402393726784978,93.62388267044038,0.191061538560194,490.01951609922867,6,0.05915434518222157,0
1h,N1,is,ETH,8,8,1614,0.5687732342007435,56.86252080607787,0.16227017364566934,350.4188078965269,6,0.05915434518222157,0
1h,N1,oos_warm,ETH,8,8,809,0.48331273176761436,0.6398590871655677,0.20066710930443152,3.1886595136766496,5,0.04465855106724677,0
1h,N1,oos,ETH,8,8,791,0.48166877370417194,0.5508351926619014,0.20193565934871707,2.727775740245458,4,0.04,0
1h,N1,full,SOL,8,8,2385,0.5522012578616352,124.35255371770945,0.14330236460064458,867.763445943516,6,0.04957470383641747,0
1h,N1,is,SOL,8,8,1580,0.5759493670886076,56.076238047081326,0.14330236460064458,391.3141154603746,6,0.04957470383641747,0
1h,N1,oos_warm,SOL,8,8,805,0.5055900621118012,1.1894217599216748,0.1367337259308092,8.698817733699094,4,0.039999999999999994,0
1h,N1,oos,SOL,8,8,793,0.5044136191677175,1.1095712208945705,0.1367337259308091,8.114832045577717,4,0.04,0
1h,N1,full,DOGE,8,8,2451,0.5503875968992248,139.25539513884078,0.13892243739460114,1002.3967168333932,6,0.05915434518222156,0
1h,N1,is,DOGE,8,8,1629,0.567219152854512,46.61267026384998,0.13892243739460114,335.5301788396455,6,0.05915434518222156,0
1h,N1,oos_warm,DOGE,8,8,822,0.5170316301703163,1.9079469325182188,0.13469757315214922,14.164671922953467,5,0.05,0
1h,N1,oos,DOGE,8,8,800,0.515,1.691470644798797,0.13469757315214934,12.557543578666968,5,0.05,0
1h,N2,full,,9,9,2628,0.5810502283105022,879.5626258950854,0.1302233859061962,6754.260149007803,6,0.059154345182221575,0
1h,N2,is,,9,9,1733,0.603000577034045,234.50516221083217,0.1302233859061962,1800.7914675153145,6,0.059154345182221575,0
1h,N2,oos_warm,,9,9,895,0.5385474860335195,3.5818748973104206,0.12559125855703662,28.520097166505664,5,0.05,0
1h,N2,oos,,9,9,870,0.5333333333333333,2.990997950527163,0.12559125855703665,23.815335437289338,5,0.05,0
1h,N2,full,ETH,8,8,2326,0.5773860705073087,403.5316971447703,0.1539652505368475,2620.9270971062115,6,0.059154345182221575,0
1h,N2,is,ETH,8,8,1544,0.6081606217616581,166.73405090591726,0.12556961335079792,1327.8216477430744,6,0.059154345182221575,0
1h,N2,oos_warm,ETH,8,8,782,0.5166240409207161,1.7019909165917544,0.1611445480505437,10.561889540674484,4,0.04,0
1h,N2,oos,ETH,8,8,761,0.5111695137976346,1.4047952679130464,0.16114454805054404,8.717609654857347,4,0.04,0
1h,N2,full,SOL,8,8,2286,0.5866141732283464,444.32934971780526,0.11080073537819704,4010.166071562362,6,0.04957470383641746,0
1h,N2,is,SOL,8,8,1508,0.613395225464191,149.89137113218956,0.10547926047415593,1421.0506450120145,6,0.04957470383641746,0
1h,N2,oos_warm,SOL,8,8,778,0.5347043701799485,2.3104756179080037,0.11856218076050412,19.487458843011414,4,0.04,0
1h,N2,oos,SOL,8,8,763,0.5307994757536042,2.0772130126088793,0.11856218076050394,17.520030411762225,4,0.04000000000000001,0
1h,N2,full,DOGE,8,8,2357,0.5833686890114552,477.31350027298697,0.10119902345995915,4716.582077117008,6,0.05915434518222159,0
1h,N2,is,DOGE,8,8,1562,0.6024327784891165,120.79061954291272,0.10119902345995915,1193.5947147820577,6,0.05915434518222159,0
1h,N2,oos_warm,DOGE,8,8,795,0.5459119496855346,3.408579364572631,0.10301707987767991,33.08751683332414,5,0.05,0
1h,N2,oos,DOGE,8,8,770,0.5402597402597402,2.840050547664199,0.10301707987768005,27.568734728613986,5,0.05,0
1h,N3,full,,9,9,2597,0.5910666153253754,1257.3961465425302,0.112282751275209,11198.480018187369,6,0.05915434518222157,0
1h,N3,is,,9,9,1708,0.6141686182669789,316.662312605387,0.112282751275209,2820.222242588592,6,0.05915434518222157,0
1h,N3,oos_warm,,9,9,889,0.5466816647919011,4.205388161085122,0.1168715963645236,35.98297868686997,5,0.049999999999999996,0
1h,N3,oos,,9,9,863,0.5399768250289687,3.403616656609111,0.11687159636452306,29.122701858141944,5,0.049999999999999996,0
1h,N3,full,ETH,8,8,2300,0.587391304347826,560.2689202074525,0.14690217062086713,3813.8913662033224,6,0.05915434518222158,0
1h,N3,is,ETH,8,8,1522,0.6202365308804205,231.02496962570567,0.10753298667803937,2148.4102391520955,6,0.05915434518222158,0
1h,N3,oos_warm,ETH,8,8,778,0.5231362467866324,1.928974090190512,0.15277942562818922,12.625876044886756,4,0.04,0
1h,N3,oos,ETH,8,8,756,0.5158730158730159,1.5317910599307816,0.15277942562818864,10.026160614444395,4,0.04,0
1h,N3,full,SOL,8,8,2259,0.5958388667552014,588.8202443047809,0.10844895373469804,5429.469109911652,6,0.04957470383641747,0
1h,N3,is,SOL,8,8,1484,0.623989218328841,193.05379613950632,0.0870282358114683,2218.2892062493847,6,0.04957470383641747,0
1h,N3,oos_warm,SOL,8,8,775,0.5419354838709678,2.6391798558071953,0.10977242413616935,24.042284540727398,4,0.039999999999999994,0
1h,N3,oos,SOL,8,8,759,0.5362318840579711,2.285399254492623,0.10977242413616926,20.819429583313717,4,0.04,0
1h,N3,full,DOGE,8,8,2328,0.5940721649484536,700.3233677446674,0.0973547515718406,7193.520156310815,6,0.059154345182221575,0
1h,N3,is,DOGE,8,8,1538,0.6137841352405722,166.42560379597765,0.0973547515718406,1709.4759229411404,6,0.059154345182221575,0
1h,N3,oos_warm,DOGE,8,8,790,0.5556962025316455,4.040530552593831,0.09407230647226558,42.95132865467757,5,0.049999999999999996,0
1h,N3,oos,DOGE,8,8,764,0.5484293193717278,3.264151608421481,0.09407230647226586,34.69832654080624,5,0.05,0
2h,long_only,full,,9,9,1318,0.6016691957511381,108.09351977433339,0.09830089072155358,1099.618924924275,6,0.05162343069007724,0
2h,long_only,is,,9,9,851,0.618096357226792,33.884370438856756,0.09830089072155358,344.70054330267857,5,0.05,0
2h,long_only,oos_warm,,9,9,467,0.5717344753747323,2.225571388224444,0.07736037610726153,28.768880145291046,6,0.05555727800593315,0
2h,long_only,oos,,9,9,441,0.562358276643991,1.7255641429519626,0.09154202663732143,18.849966581889667,5,0.04948415681179407,0
2h,long_only,full,ETH,8,8,1165,0.6017167381974249,66.23484096981493,0.11079090721758769,597.8364347151078,6,0.052689781456042646,0
2h,long_only,is,ETH,8,8,761,0.6228646517739816,25.572282254971505,0.11079090721758769,230.81571310494684,5,0.05,0
2h,long_only,oos_warm,ETH,8,8,404,0.5618811881188119,1.5910134984076962,0.0915420266373216,17.38014283549892,6,0.055557278005933165,0
2h,long_only,oos,ETH,8,8,384,0.5520833333333334,1.2386535682049824,0.0915420266373215,13.530982584779109,5,0.04948415681179407,0
2h,long_only,full,SOL,8,8,1143,0.5993000874890638,49.31187310037577,0.10082500499325263,489.083765517054,5,0.04948415681179407,0
2h,long_only,is,SOL,8,8,735,0.617687074829932,18.84641654189298,0.09510805693785275,198.15793896628497,4,0.04022202219199228,0
2h,long_only,oos_warm,SOL,8,8,408,0.5661764705882353,1.5783340534301329,0.10082500499325198,15.654192663176836,5,0.04948415681179407,0
2h,long_only,oos,SOL,8,8,391,0.5549872122762148,1.2431651250105835,0.10360577647670949,11.998994334935043,5,0.04948415681179408,0
2h,long_only,full,DOGE,8,8,1175,0.6,63.82735572012563,0.0882824528088025,722.9902850384047,5,0.049999999999999996,0
2h,long_only,is,DOGE,8,8,764,0.612565445026178,21.583544250764227,0.0882824528088025,244.48283395012524,5,0.049999999999999996,0
2h,long_only,oos_warm,DOGE,8,8,411,0.5766423357664233,1.9375771478159214,0.0809157000915542,23.945626690785577,5,0.04555727800593316,0
2h,long_only,oos,DOGE,8,8,392,0.5714285714285714,1.6313215285395748,0.09154202663732149,17.820465511460377,4,0.039484156811794076,0
2h,N0,full,,9,9,1526,0.45019659239842724,0.4862988510115789,0.3123521457377201,1.5568929416605342,6,0.055806551343764076,0
2h,N0,is,,9,9,984,0.45426829268292684,0.5506061277819699,0.21035043123141803,2.61756595676392,5,0.05,0
2h,N0,oos_warm,,9,9,542,0.44280442804428044,-0.04147234788913083,0.24287662956588899,-0.17075479004817123,6,0.05580655134376408,0
2h,N0,oos,,9,9,512,0.44921875,0.037468386398440634,0.25136192508381705,0.1490615031928433,4,0.04000000000000001,0
2h,N0,full,ETH,8,8,1349,0.4477390659747961,0.31352628443456576,0.2979125255613512,1.0524105485118285,6,0.055806551343764076,0
2h,N0,is,ETH,8,8,875,0.4605714285714286,0.6692724281558854,0.16978301532973944,3.941928035946801,5,0.05000000000000001,0
2h,N0,oos_warm,ETH,8,8,474,0.4240506329113924,-0.21311449091286178,0.2506006792675062,-0.8504146578364642,6,0.05580655134376408,0
2h,N0,oos,ETH,8,8,449,0.43207126948775054,-0.1330371315733979,0.26157195028542746,-0.5086062608327372,4,0.04000000000000001,0
2h,N0,full,SOL,8,8,1312,0.4504573170731707,0.3427953693340971,0.27975800710398274,1.2253281787451542,5,0.04995993057237853,0
2h,N0,is,SOL,8,8,840,0.4523809523809524,0.3393620417132739,0.18109024706966112,1.8739940289701487,5,0.04995993057237853,0
2h,N0,oos_warm,SOL,8,8,472,0.4470338983050847,0.0025634051988130523,0.19373804998382674,0.013231294518691839,5,0.045697163947881515,0
2h,N0,oos,SOL,8,8,452,0.45132743362831856,0.05434868279070269,0.20277405544595412,0.26802582150450893,4,0.04,0
2h,N0,full,DOGE,8,8,1358,0.4572901325478645,0.7703554816506472,0.30474811636475996,2.5278432918305267,5,0.05,0
2h,N0,is,DOGE,8,8,884,0.46153846153846156,0.6917018170505708,0.18003044605113866,3.842137995114943,5,0.05,0
2h,N0,oos_warm,DOGE,8,8,474,0.44936708860759494,0.046493811029421156,0.25314275217396004,0.18366637255120993,5,0.04580655134376408,0
2h,N0,oos,DOGE,8,8,455,0.45054945054945056,0.04942975129477163,0.25350628167846245,0.19498432530940757,4,0.04,0
2h,N1,full,,9,9,1397,0.5476020042949177,27.246530640778317,0.17301679691843655,157.47910680384896,6,0.05580655134376408,0
2h,N1,is,,9,9,890,0.5662921348314607,13.530432360144236,0.09235353839665841,146.50691890148306,5,0.049999999999999996,0
2h,N1,oos_warm,,9,9,507,0.514792899408284,0.9466248127179744,0.17301679691843744,5.471288508272562,6,0.055806551343764076,0
2h,N1,oos,,9,9,476,0.5210084033613446,1.0048556435312792,0.16213228875119917,6.197751547646903,4,0.04,0
2h,N1,full,ETH,8,8,1235,0.545748987854251,17.615664261602802,0.1709992179675057,103.01605159943034,6,0.055806551343764076,0
2h,N1,is,ETH,8,8,794,0.570528967254408,10.82544799961752,0.123996142698326,87.304715808419,5,0.05000000000000001,0
2h,N1,oos_warm,ETH,8,8,441,0.5011337868480725,0.5742037225316872,0.17099921796750575,3.357931862827587,6,0.05580655134376408,0
2h,N1,oos,ETH,8,8,416,0.5072115384615384,0.6228309586921228,0.16213228875119945,3.8414985903757257,4,0.04,0
2h,N1,full,SOL,8,8,1207,0.551781275890638,17.715721196562598,0.1380431259176351,128.33468583674983,5,0.04569716394788153,0
2h,N1,is,SOL,8,8,770,0.5701298701298702,9.249697558698726,0.09804022958626796,94.3459393937842,4,0.04022202219199227,0
2h,N1,oos_warm,SOL,8,8,437,0.5194508009153318,0.8259778973359971,0.13804312591763496,5.9834772057308125,5,0.04569716394788152,0
2h,N1,oos,SOL,8,8,416,0.5240384615384616,0.8709779976811864,0.13804312591763507,6.309463016658033,4,0.04,0
2h,N1,full,DOGE,8,8,1241,0.5551974214343272,23.548743268142406,0.16129874551017045,145.99458410950615,5,0.049999999999999996,0
2h,N1,is,DOGE,8,8,798,0.5714285714285714,11.095090188613908,0.0793838226570209,139.76512867804848,5,0.049999999999999996,0
2h,N1,oos_warm,DOGE,8,8,443,0.5259593679458239,1.0308279172783845,0.16129874551016943,6.390799345760527,5,0.04580655134376408,0
2h,N1,oos,DOGE,8,8,423,0.5271867612293144,0.9713142709047443,0.1563620899720291,6.211955027452615,4,0.04,0
2h,N2,full,,9,9,1345,0.5828996282527881,68.46775682485995,0.11906893338712499,575.0262043773663,6,0.05253498307813145,0
2h,N2,is,,9,9,861,0.6016260162601627,25.69243124772681,0.09830089072155354,261.3651927173582,5,0.05,0
2h,N2,oos_warm,,9,9,484,0.5495867768595041,1.6645846410642469,0.11906893338712533,13.980007997990807,6,0.055557278005933165,0
2h,N2,oos,,9,9,456,0.5482456140350878,1.4768627257874487,0.10969218238723889,13.463700818475651,4,0.04010619049702299,0
2h,N2,full,ETH,8,8,1190,0.5815126050420169,41.8149633747545,0.11911407118127065,351.04973711392574,6,0.05414816797139572,0
2h,N2,is,ETH,8,8,770,0.6064935064935065,19.658433807979936,0.11079090721758753,177.43724915413685,5,0.05,0
2h,N2,oos_warm,ETH,8,8,420,0.5357142857142857,1.1069009478818177,0.1191140711812704,9.292780751296055,6,0.05555727800593316,0
2h,N2,oos,ETH,8,8,398,0.535175879396985,1.0039119108621963,0.10969218238723862,9.152082573379355,4,0.040106190497022985,0
2h,N2,full,SOL,8,8,1163,0.588134135855546,40.797171919335916,0.11019935564436137,370.21243618699333,5,0.04457146708923203,0
2h,N2,is,SOL,8,8,743,0.6069986541049798,16.572431236764658,0.09510805693785257,174.24844719090152,4,0.04022202219199228,0
2h,N2,oos_warm,SOL,8,8,420,0.5547619047619048,1.407907003987414,0.110199355644362,12.776000329176563,5,0.04569716394788152,0
2h,N2,oos,SOL,8,8,401,0.5511221945137157,1.2496613068834892,0.11019935564436167,11.340005570599068,4,0.04,0
2h,N2,full,DOGE,8,8,1196,0.5852842809364549,46.55582227969776,0.09682988548754165,480.80013773937316,5,0.05,0
2h,N2,is,DOGE,8,8,771,0.6005188067444877,17.857549302446984,0.0882824528088027,202.2774485108823,5,0.05,0
2h,N2,oos_warm,DOGE,8,8,425,0.5576470588235294,1.5682092758674508,0.09682988548754143,16.195508937880792,5,0.045557278005933156,0
2h,N2,oos,DOGE,8,8,406,0.5541871921182266,1.3570787368749127,0.11127426002454886,12.195801046670807,4,0.036431582680572706,0
2h,N3,full,,9,9,1330,0.5947368421052631,92.26185481528734,0.11328643165332306,814.412224560354,6,0.051898821561520245,0
2h,N3,is,,9,9,855,0.6128654970760234,31.335985959109536,0.09830089072155364,318.7762158521189,5,0.05,0
2h,N3,oos_warm,,9,9,475,0.5621052631578948,1.9639000282424945,0.11328643165332279,17.335703840089057,6,0.05555727800593315,0
2h,N3,oos,,9,9,448,0.5535714285714286,1.5325669064138459,0.09398719361672864,16.306124775504166,5,0.04948415681179408,0
2h,N3,full,ETH,8,8,1176,0.5952380952380952,57.720568474605,0.11079090721758784,520.9865134621984,6,0.05306186615953359,0
2h,N3,is,ETH,8,8,764,0.6191099476439791,24.22836983082603,0.11079090721758784,218.68554414165698,5,0.05,0
2h,N3,oos_warm,ETH,8,8,412,0.5509708737864077,1.3804613006615778,0.1035752840937968,13.328095720321125,6,0.05555727800593316,0
2h,N3,oos,ETH,8,8,391,0.5421994884910486,1.0798210496979561,0.09398719361672848,11.48902321843305,5,0.04948415681179407,0
2h,N3,full,SOL,8,8,1149,0.5961705831157529,47.045059985430996,0.09510805693785268,494.648524006458,5,0.049484156811794064,0
2h,N3,is,SOL,8,8,738,0.6138211382113821,18.073279579024764,0.09510805693785268,190.02890145084712,4,0.04022202219199228,0
2h,N3,oos_warm,SOL,8,8,411,0.5644768856447688,1.5600202962707852,0.08771079365066208,17.785955768272878,5,0.04948415681179407,0
2h,N3,oos,SOL,8,8,393,0.55470737913486,1.2522318503877143,0.10360577647670949,12.086506109716916,5,0.04948415681179408,0
2h,N3,full,DOGE,8,8,1185,0.5932489451476793,55.231197232903774,0.08828245280880248,625.6191969713462,5,0.04999999999999999,0
2h,N3,is,DOGE,8,8,767,0.6075619295958279,20.050870443016198,0.08828245280880248,227.12180965838505,5,0.04999999999999999,0
2h,N3,oos_warm,DOGE,8,8,418,0.5669856459330144,1.7295735391836675,0.08519973958370529,20.30022095882619,5,0.04555727800593316,0
2h,N3,oos,DOGE,8,8,399,0.5614035087719298,1.4450032308857022,0.0915420266373215,15.785134806012447,4,0.039484156811794076,0
