symbol,timeframe,segment,window,entry_mode,take_profit_r,offset_bps,retap_mode,position_mode,portfolio_leverage,combine_obs,max_zone_width_atr,limit_valid_bars,fill,seed,start_time,end_time,num_bars,num_trades,win_rate,total_return,max_drawdown,sharpe,profit_factor,mean_r,fill_rate,eligible_setups,num_filled,funding_coverage
BTC/USDT:USDT,4h,full,0,zone_limit,1.5,2.0,every_tap,single,,False,1.28,24.0,baseline,0,1600128000000,1784664000000,12816,52,0.6346153846153846,0.2580248461440513,0.05256470016774714,17.960288868970725,2.120250439696164,0.5865384615384616,0.6976744186046512,86,60,0.8647003745318352
BTC/USDT:USDT,4h,full,0,zone_limit,1.5,2.0,every_tap,single,,False,1.28,,baseline,0,1600128000000,1784664000000,12816,56,0.6428571428571429,0.2991829009550593,0.04894964445674209,19.042431248564007,2.2167525233828074,0.6071428571428571,0.7906976744186046,86,68,0.8647003745318352
BTC/USDT:USDT,4h,is,0,zone_limit,1.5,2.0,every_tap,single,,False,1.28,24.0,baseline,0,1600128000000,1723147200000,8544,37,0.6756756756756757,0.22117994693551135,0.05256470016774714,22.27062267546892,2.5872358589403226,0.6891891891891891,0.6557377049180327,61,40,0.7970505617977528
BTC/USDT:USDT,4h,is,0,zone_limit,1.5,2.0,every_tap,single,,False,1.28,,baseline,0,1600128000000,1723147200000,8544,40,0.675,0.24329230039833527,0.04894964445674209,22.410394663348296,2.6013318459636787,0.6875,0.7704918032786885,61,47,0.7970505617977528
BTC/USDT:USDT,4h,oos_warm,0,zone_limit,1.5,2.0,every_tap,single,,False,1.28,24.0,baseline,0,1723161600000,1784664000000,4272,15,0.5333333333333333,0.030171556043808778,0.046766141931767945,7.871352314692047,1.4049838523098848,0.3333333333333333,0.8,25,20,1.0
BTC/USDT:USDT,4h,oos_warm,0,zone_limit,1.5,2.0,every_tap,single,,False,1.28,,baseline,0,1723161600000,1784664000000,4272,16,0.5625,0.04495370922736147,0.046766141931768,10.835324338538367,1.5948644740142979,0.40625,0.84,25,21,1.0
BTC/USDT:USDT,4h,oos,0,zone_limit,1.5,2.0,every_tap,single,,False,1.28,24.0,baseline,0,1723161600000,1784664000000,4272,15,0.5333333333333333,0.030171556043808778,0.046766141931767945,7.871352314692047,1.4049838523098848,0.3333333333333333,0.8,25,20,1.0
BTC/USDT:USDT,4h,oos,0,zone_limit,1.5,2.0,every_tap,single,,False,1.28,,baseline,0,1723161600000,1784664000000,4272,16,0.5625,0.04495370922736147,0.046766141931768,10.835324338538367,1.5948644740142979,0.40625,0.84,25,21,1.0
BTC/USDT:USDT,1h,full,0,zone_limit,1.5,2.0,every_tap,single,,False,1.28,24.0,baseline,0,1600128000000,1784674800000,51264,254,0.610236220472441,0.9893945855778715,0.050880373680385,27.19484204630147,1.7427683645198049,0.5255905511811023,0.709278350515464,485,344,0.8647003745318352
BTC/USDT:USDT,1h,full,0,zone_limit,1.5,2.0,every_tap,single,,False,1.28,,baseline,0,1600128000000,1784674800000,51264,268,0.6119402985074627,1.0853576849625104,0.05058930050822023,27.368870473863836,1.75238792416672,0.5298507462686567,0.7793814432989691,485,378,0.8647003745318352
BTC/USDT:USDT,1h,is,0,zone_limit,1.5,2.0,every_tap,single,,False,1.28,24.0,baseline,0,1600128000000,1723158000000,34176,169,0.6568047337278107,0.8817102472013572,0.04261686530739744,35.93680302703918,2.1680600423929235,0.6420118343195266,0.738255033557047,298,220,0.7970505617977528
BTC/USDT:USDT,1h,is,0,zone_limit,1.5,2.0,every_tap,single,,False,1.28,,baseline,0,1600128000000,1723158000000,34176,179,0.6536312849162011,0.9266996548844174,0.05058930050822023,35.09056566074832,2.123104503328382,0.6340782122905028,0.7986577181208053,298,238,0.7970505617977528
BTC/USDT:USDT,1h,oos_warm,0,zone_limit,1.5,2.0,every_tap,single,,False,1.28,24.0,baseline,0,1723161600000,1784674800000,17088,85,0.5176470588235295,0.0572268437909981,0.05088037368038528,7.760397282354685,1.186567695105639,0.29411764705882354,0.6666666666666666,186,124,1.0
BTC/USDT:USDT,1h,oos_warm,0,zone_limit,1.5,2.0,every_tap,single,,False,1.28,,baseline,0,1723161600000,1784674800000,17088,89,0.5280898876404494,0.08234704857909456,0.04449770562673107,10.194297623105543,1.2569663014123942,0.3202247191011236,0.7526881720430108,186,140,1.0
BTC/USDT:USDT,1h,oos,0,zone_limit,1.5,2.0,every_tap,single,,False,1.28,24.0,baseline,0,1723161600000,1784674800000,17088,85,0.5176470588235295,0.0572268437909981,0.05088037368038528,7.760397282354685,1.186567695105639,0.29411764705882354,0.6666666666666666,186,124,1.0
BTC/USDT:USDT,1h,oos,0,zone_limit,1.5,2.0,every_tap,single,,False,1.28,,baseline,0,1723161600000,1784674800000,17088,89,0.5280898876404494,0.08234704857909456,0.04449770562673107,10.194297623105543,1.2569663014123942,0.3202247191011236,0.7526881720430108,186,140,1.0
ETH/USDT:USDT,4h,full,0,zone_limit,1.5,2.0,every_tap,single,,False,1.28,24.0,baseline,0,1600128000000,1784664000000,12816,68,0.6176470588235294,0.36797233243013305,0.04711524117818985,18.144179414812896,2.1175042952561793,0.5441176470588235,0.7,120,84,0.8647003745318352
ETH/USDT:USDT,4h,full,0,zone_limit,1.5,2.0,every_tap,single,,False,1.28,,baseline,0,1600128000000,1784664000000,12816,72,0.6388888888888888,0.44946367162619827,0.04711524117818978,20.482172456434462,2.306527130062064,0.5972222222222222,0.7666666666666667,120,92,0.8647003745318352
ETH/USDT:USDT,4h,is,0,zone_limit,1.5,2.0,every_tap,single,,False,1.28,24.0,baseline,0,1600128000000,1723147200000,8544,43,0.6046511627906976,0.19818600958073077,0.04711524117818985,16.581818927915382,1.983735092469398,0.5116279069767442,0.7162162162162162,74,53,0.7970505617977528
ETH/USDT:USDT,4h,is,0,zone_limit,1.5,2.0,every_tap,single,,False,1.28,,baseline,0,1600128000000,1723147200000,8544,46,0.6304347826086957,0.25146762852023585,0.04711524117818978,19.394341995058408,2.205604785509315,0.5760869565217391,0.7972972972972973,74,59,0.7970505617977528
ETH/USDT:USDT,4h,oos_warm,0,zone_limit,1.5,2.0,every_tap,single,,False,1.28,24.0,baseline,0,1723161600000,1784664000000,4272,25,0.64,0.1417028086555727,0.021519118346970754,20.462079315620173,2.32834770741276,0.6,0.6739130434782609,46,31,1.0
ETH/USDT:USDT,4h,oos_warm,0,zone_limit,1.5,2.0,every_tap,single,,False,1.28,,baseline,0,1723161600000,1784664000000,4272,26,0.6538461538461539,0.1582110784120543,0.0215191183469708,21.998889739653208,2.4619602272069203,0.6346153846153846,0.717391304347826,46,33,1.0
ETH/USDT:USDT,4h,oos,0,zone_limit,1.5,2.0,every_tap,single,,False,1.28,24.0,baseline,0,1723161600000,1784664000000,4272,22,0.5909090909090909,0.09348490631605255,0.02151911834697082,15.338473444274525,1.9068270167466825,0.4772727272727273,0.7,40,28,1.0
ETH/USDT:USDT,4h,oos,0,zone_limit,1.5,2.0,every_tap,single,,False,1.28,,baseline,0,1723161600000,1784664000000,4272,22,0.5909090909090909,0.09348490631605255,0.02151911834697082,15.338473444274525,1.9068270167466825,0.4772727272727273,0.725,40,29,1.0
ETH/USDT:USDT,1h,full,0,zone_limit,1.5,2.0,every_tap,single,,False,1.28,24.0,baseline,0,1600128000000,1784674800000,51264,250,0.628,1.291865427922825,0.09923531382306282,30.471102140182655,2.1279876095366745,0.57,0.6825053995680346,463,316,0.8647003745318352
ETH/USDT:USDT,1h,full,0,zone_limit,1.5,2.0,every_tap,single,,False,1.28,,baseline,0,1600128000000,1784674800000,51264,262,0.6374045801526718,1.5469546921358681,0.09923531382306303,32.7274632671686,2.2830984949779007,0.5935114503816794,0.7516198704103672,463,348,0.8647003745318352
ETH/USDT:USDT,1h,is,0,zone_limit,1.5,2.0,every_tap,single,,False,1.28,24.0,baseline,0,1600128000000,1723158000000,34176,159,0.5723270440251572,0.4273802016549262,0.09923531382306282,19.94184776909066,1.5640933778810497,0.4308176100628931,0.6909722222222222,288,199,0.7970505617977528
ETH/USDT:USDT,1h,is,0,zone_limit,1.5,2.0,every_tap,single,,False,1.28,,baseline,0,1600128000000,1723158000000,34176,165,0.5757575757575758,0.4761280551830987,0.09923531382306303,20.92421261785718,1.6037926845191475,0.4393939393939394,0.7430555555555556,288,214,0.7970505617977528
ETH/USDT:USDT,1h,oos_warm,0,zone_limit,1.5,2.0,every_tap,single,,False,1.28,24.0,baseline,0,1723161600000,1784674800000,17088,91,0.7252747252747253,0.6056446805592521,0.02133027532346156,52.5781911751818,3.2301096694737645,0.8131868131868132,0.6685714285714286,175,117,1.0
ETH/USDT:USDT,1h,oos_warm,0,zone_limit,1.5,2.0,every_tap,single,,False,1.28,,baseline,0,1723161600000,1784674800000,17088,97,0.7422680412371134,0.7254293644733578,0.02133027532346155,57.479972484823115,3.5674510937188417,0.8556701030927835,0.7657142857142857,175,134,1.0
ETH/USDT:USDT,1h,oos,0,zone_limit,1.5,2.0,every_tap,single,,False,1.28,24.0,baseline,0,1723161600000,1784674800000,17088,88,0.7159090909090909,0.5541904731200539,0.021330275323461538,50.32659300954799,3.0789243683766045,0.7897727272727273,0.6666666666666666,171,114,1.0
ETH/USDT:USDT,1h,oos,0,zone_limit,1.5,2.0,every_tap,single,,False,1.28,,baseline,0,1723161600000,1784674800000,17088,94,0.7340425531914894,0.6701365580908306,0.021330275323461552,55.41958372381996,3.417037577007891,0.8351063829787234,0.7660818713450293,171,131,1.0
SOL/USDT:USDT,4h,full,0,zone_limit,1.5,2.0,every_tap,single,,False,1.28,24.0,baseline,0,1600128000000,1784664000000,12816,76,0.5789473684210527,0.33646072631085044,0.04127244900984847,14.83467162665423,1.8611040088547086,0.4473684210526316,0.6984126984126984,126,88,0.8764044943820225
SOL/USDT:USDT,4h,full,0,zone_limit,1.5,2.0,every_tap,single,,False,1.28,,baseline,0,1600128000000,1784664000000,12816,76,0.5789473684210527,0.33646072631085044,0.04127244900984847,14.83467162665423,1.8611040088547086,0.4473684210526316,0.7380952380952381,126,93,0.8764044943820225
SOL/USDT:USDT,4h,is,0,zone_limit,1.5,2.0,every_tap,single,,False,1.28,24.0,baseline,0,1600128000000,1723147200000,8544,38,0.6052631578947368,0.18396233963451014,0.021101881258520097,17.311087806082032,2.067427964437208,0.5131578947368421,0.6111111111111112,72,44,0.8146067415730337
SOL/USDT:USDT,4h,is,0,zone_limit,1.5,2.0,every_tap,single,,False,1.28,,baseline,0,1600128000000,1723147200000,8544,38,0.6052631578947368,0.18396233963451014,0.021101881258520097,17.311087806082032,2.067427964437208,0.5131578947368421,0.6527777777777778,72,47,0.8146067415730337
SOL/USDT:USDT,4h,oos_warm,0,zone_limit,1.5,2.0,every_tap,single,,False,1.28,24.0,baseline,0,1723161600000,1784664000000,4272,38,0.5526315789473685,0.1288034100167548,0.04127244900984839,12.251722167284656,1.6982842823572322,0.3815789473684211,0.8148148148148148,54,44,1.0
SOL/USDT:USDT,4h,oos_warm,0,zone_limit,1.5,2.0,every_tap,single,,False,1.28,,baseline,0,1723161600000,1784664000000,4272,38,0.5526315789473685,0.1288034100167548,0.04127244900984839,12.251722167284656,1.6982842823572322,0.3815789473684211,0.8333333333333334,54,45,1.0
SOL/USDT:USDT,4h,oos,0,zone_limit,1.5,2.0,every_tap,single,,False,1.28,24.0,baseline,0,1723161600000,1784664000000,4272,32,0.53125,0.08700831926875599,0.04127244900984824,10.02308711985432,1.5402378353965431,0.328125,0.7872340425531915,47,37,1.0
SOL/USDT:USDT,4h,oos,0,zone_limit,1.5,2.0,every_tap,single,,False,1.28,,baseline,0,1723161600000,1784664000000,4272,32,0.53125,0.08700831926875599,0.04127244900984824,10.02308711985432,1.5402378353965431,0.328125,0.8085106382978723,47,38,1.0
SOL/USDT:USDT,1h,full,0,zone_limit,1.5,2.0,every_tap,single,,False,1.28,24.0,baseline,0,1600128000000,1784674800000,51264,280,0.5464285714285714,0.9917816651373589,0.07808988476747407,20.42664578601776,1.541109787084852,0.36607142857142855,0.7168674698795181,498,357,0.8764044943820225
SOL/USDT:USDT,1h,full,0,zone_limit,1.5,2.0,every_tap,single,,False,1.28,,baseline,0,1600128000000,1784674800000,51264,296,0.5574324324324325,1.2566476528844164,0.08610641478988863,22.73574700199886,1.6200733060812949,0.3935810810810811,0.7895791583166333,499,394,0.8764044943820225
SOL/USDT:USDT,1h,is,0,zone_limit,1.5,2.0,every_tap,single,,False,1.28,24.0,baseline,0,1600128000000,1723158000000,34176,187,0.5294117647058824,0.4754535649909289,0.0742376085663804,16.964550412388643,1.4109666936119734,0.3235294117647059,0.7467948717948718,312,233,0.8146067415730337
SOL/USDT:USDT,1h,is,0,zone_limit,1.5,2.0,every_tap,single,,False,1.28,,baseline,0,1600128000000,1723158000000,34176,199,0.5376884422110553,0.583949676179897,0.08228763630978794,18.753836400606936,1.455460561029762,0.3442211055276382,0.8306709265175719,313,260,0.8146067415730337
SOL/USDT:USDT,1h,oos_warm,0,zone_limit,1.5,2.0,every_tap,single,,False,1.28,24.0,baseline,0,1723161600000,1784674800000,17088,93,0.5806451612903226,0.3499453404686463,0.04095675731964187,27.91081261971392,1.763854560211743,0.45161290322580644,0.6666666666666666,186,124,1.0
SOL/USDT:USDT,1h,oos_warm,0,zone_limit,1.5,2.0,every_tap,single,,False,1.28,,baseline,0,1723161600000,1784674800000,17088,97,0.5979381443298969,0.4246965587485731,0.04095675731964187,31.606967180276023,1.9035526746587499,0.4948453608247423,0.7204301075268817,186,134,1.0
SOL/USDT:USDT,1h,oos,0,zone_limit,1.5,2.0,every_tap,single,,False,1.28,24.0,baseline,0,1723161600000,1784674800000,17088,87,0.5747126436781609,0.3063432069392269,0.04405544250917245,26.691423643263697,1.7213686966853055,0.4367816091954023,0.6536312849162011,179,117,1.0
SOL/USDT:USDT,1h,oos,0,zone_limit,1.5,2.0,every_tap,single,,False,1.28,,baseline,0,1723161600000,1784674800000,17088,91,0.5934065934065934,0.37868002183316496,0.04095675731964187,30.680870303666428,1.870577653179851,0.4835164835164835,0.7094972067039106,179,127,1.0
BNB/USDT:USDT,4h,full,0,zone_limit,1.5,2.0,every_tap,single,,False,1.28,24.0,baseline,0,1600128000000,1784664000000,12816,61,0.6229508196721312,0.3620290124854666,0.03655780647703523,19.996060101150057,2.334977606839748,0.5573770491803278,0.6635514018691588,107,71,0.8647003745318352
BNB/USDT:USDT,4h,full,0,zone_limit,1.5,2.0,every_tap,single,,False,1.28,,baseline,0,1600128000000,1784664000000,12816,63,0.6031746031746031,0.334353797206295,0.03655780647703511,17.937300208583256,2.14263610057454,0.5079365079365079,0.7289719626168224,107,78,0.8647003745318352
BNB/USDT:USDT,4h,is,0,zone_limit,1.5,2.0,every_tap,single,,False,1.28,24.0,baseline,0,1600128000000,1723147200000,8544,40,0.625,0.2251429162465778,0.03637846249162794,19.90176723486443,2.3653520984854106,0.5625,0.647887323943662,71,46,0.7970505617977528
BNB/USDT:USDT,4h,is,0,zone_limit,1.5,2.0,every_tap,single,,False,1.28,,baseline,0,1600128000000,1723147200000,8544,41,0.6097560975609756,0.21243590407743668,0.03637846249162794,18.304490236355278,2.2099385295568847,0.524390243902439,0.7183098591549296,71,51,0.7970505617977528
BNB/USDT:USDT,4h,oos_warm,0,zone_limit,1.5,2.0,every_tap,single,,False,1.28,24.0,baseline,0,1723161600000,1784664000000,4272,21,0.6190476190476191,0.11173071681976599,0.036557806477035396,19.689081413787644,2.2878548989329377,0.5476190476190477,0.6944444444444444,36,25,1.0
BNB/USDT:USDT,4h,oos_warm,0,zone_limit,1.5,2.0,every_tap,single,,False,1.28,,baseline,0,1723161600000,1784664000000,4272,22,0.5909090909090909,0.10055615535538581,0.036557806477035326,16.847777458925002,2.041673714170567,0.4772727272727273,0.75,36,27,1.0
BNB/USDT:USDT,4h,oos,0,zone_limit,1.5,2.0,every_tap,single,,False,1.28,24.0,baseline,0,1723161600000,1784664000000,4272,20,0.6,0.09574202653707779,0.036557806477035264,17.70181623562617,2.1196653832046204,0.5,0.6857142857142857,35,24,1.0
BNB/USDT:USDT,4h,oos,0,zone_limit,1.5,2.0,every_tap,single,,False,1.28,,baseline,0,1723161600000,1784664000000,4272,21,0.5714285714285714,0.08472817539543666,0.03655780647703515,14.904513247618025,1.8905169397712627,0.42857142857142855,0.7428571428571429,35,26,1.0
BNB/USDT:USDT,1h,full,0,zone_limit,1.5,2.0,every_tap,single,,False,1.28,24.0,baseline,0,1600128000000,1784674800000,51264,220,0.6090909090909091,1.067979652057256,0.07825526785664368,30.46907029835178,1.8867665454576352,0.5227272727272727,0.7030878859857482,421,296,0.8647003745318352
BNB/USDT:USDT,1h,full,0,zone_limit,1.5,2.0,every_tap,single,,False,1.28,,baseline,0,1600128000000,1784674800000,51264,225,0.6177777777777778,1.2080467841538884,0.07825526785664356,32.46783163893897,1.9506201215942227,0.5444444444444444,0.7624703087885986,421,321,0.8647003745318352
BNB/USDT:USDT,1h,is,0,zone_limit,1.5,2.0,every_tap,single,,False,1.28,24.0,baseline,0,1600128000000,1723158000000,34176,142,0.6619718309859155,0.8529515079235287,0.046145444488873075,39.431083907585204,2.37438540927067,0.6549295774647887,0.6859205776173285,277,190,0.7970505617977528
BNB/USDT:USDT,1h,is,0,zone_limit,1.5,2.0,every_tap,single,,False,1.28,,baseline,0,1600128000000,1723158000000,34176,147,0.673469387755102,0.978454485368586,0.04614544448887288,42.290902795664095,2.5110944593813818,0.6836734693877551,0.7653429602888087,277,212,0.7970505617977528
BNB/USDT:USDT,1h,oos_warm,0,zone_limit,1.5,2.0,every_tap,single,,False,1.28,24.0,baseline,0,1723161600000,1784674800000,17088,78,0.5128205128205128,0.11604628788947358,0.0782552678566434,13.834738414793797,1.3683585199477586,0.28205128205128205,0.7361111111111112,144,106,1.0
BNB/USDT:USDT,1h,oos_warm,0,zone_limit,1.5,2.0,every_tap,single,,False,1.28,,baseline,0,1723161600000,1784674800000,17088,78,0.5128205128205128,0.11604628788947358,0.0782552678566434,13.834738414793797,1.3683585199477586,0.28205128205128205,0.7569444444444444,144,109,1.0
BNB/USDT:USDT,1h,oos,0,zone_limit,1.5,2.0,every_tap,single,,False,1.28,24.0,baseline,0,1723161600000,1784674800000,17088,78,0.5128205128205128,0.11604628788947358,0.0782552678566434,13.834738414793797,1.3683585199477586,0.28205128205128205,0.7361111111111112,144,106,1.0
BNB/USDT:USDT,1h,oos,0,zone_limit,1.5,2.0,every_tap,single,,False,1.28,,baseline,0,1723161600000,1784674800000,17088,78,0.5128205128205128,0.11604628788947358,0.0782552678566434,13.834738414793797,1.3683585199477586,0.28205128205128205,0.7569444444444444,144,109,1.0
XRP/USDT:USDT,4h,full,0,zone_limit,1.5,2.0,every_tap,single,,False,1.28,24.0,baseline,0,1600128000000,1784664000000,12816,58,0.5862068965517241,0.2354777687168118,0.04197993634679846,14.274840616961571,1.7740477224952078,0.46551724137931033,0.6764705882352942,102,69,0.8647003745318352
XRP/USDT:USDT,4h,full,0,zone_limit,1.5,2.0,every_tap,single,,False,1.28,,baseline,0,1600128000000,1784664000000,12816,60,0.5833333333333334,0.24021342373242732,0.04197993634679847,14.045713843355813,1.757588638276712,0.4583333333333333,0.7156862745098039,102,73,0.8647003745318352
XRP/USDT:USDT,4h,is,0,zone_limit,1.5,2.0,every_tap,single,,False,1.28,24.0,baseline,0,1600128000000,1723147200000,8544,33,0.696969696969697,0.2347375290027705,0.02063510019025182,26.377702733149118,3.034259603942116,0.7424242424242424,0.6785714285714286,56,38,0.7970505617977528
XRP/USDT:USDT,4h,is,0,zone_limit,1.5,2.0,every_tap,single,,False,1.28,,baseline,0,1600128000000,1723147200000,8544,35,0.6857142857142857,0.23947034663838349,0.0275278714953925,25.121916407340436,2.8777777399969464,0.7142857142857143,0.7142857142857143,56,40,0.7970505617977528
XRP/USDT:USDT,4h,oos_warm,0,zone_limit,1.5,2.0,every_tap,single,,False,1.28,24.0,baseline,0,1723161600000,1784664000000,4272,25,0.44,0.0005995117963564553,0.0419799363467986,0.3687227197542623,1.0039202635660964,0.1,0.6739130434782609,46,31,1.0
XRP/USDT:USDT,4h,oos_warm,0,zone_limit,1.5,2.0,every_tap,single,,False,1.28,,baseline,0,1723161600000,1784664000000,4272,25,0.44,0.0005995117963564553,0.0419799363467986,0.3687227197542623,1.0039202635660964,0.1,0.717391304347826,46,33,1.0
XRP/USDT:USDT,4h,oos,0,zone_limit,1.5,2.0,every_tap,single,,False,1.28,24.0,baseline,0,1723161600000,1784664000000,4272,25,0.44,0.0005995117963564553,0.0419799363467986,0.3687227197542623,1.0039202635660964,0.1,0.6739130434782609,46,31,1.0
XRP/USDT:USDT,4h,oos,0,zone_limit,1.5,2.0,every_tap,single,,False,1.28,,baseline,0,1723161600000,1784664000000,4272,25,0.44,0.0005995117963564553,0.0419799363467986,0.3687227197542623,1.0039202635660964,0.1,0.717391304347826,46,33,1.0
XRP/USDT:USDT,1h,full,0,zone_limit,1.5,2.0,every_tap,single,,False,1.28,24.0,baseline,0,1600128000000,1784674800000,51264,246,0.6219512195121951,1.510248694624167,0.09908367511846773,33.72585735963874,1.920429407385144,0.5548780487804879,0.6549586776859504,484,317,0.8647003745318352
XRP/USDT:USDT,1h,full,0,zone_limit,1.5,2.0,every_tap,single,,False,1.28,,baseline,0,1600128000000,1784674800000,51264,255,0.6235294117647059,1.6100032801062054,0.10895854258789793,33.93903505666661,1.9332260398966263,0.5588235294117647,0.7107438016528925,484,344,0.8647003745318352
XRP/USDT:USDT,1h,is,0,zone_limit,1.5,2.0,every_tap,single,,False,1.28,24.0,baseline,0,1600128000000,1723158000000,34176,153,0.673202614379085,1.1599659258078006,0.0346411745061265,45.36262283440268,2.58346607828367,0.6830065359477124,0.6847826086956522,276,189,0.7970505617977528
XRP/USDT:USDT,1h,is,0,zone_limit,1.5,2.0,every_tap,single,,False,1.28,,baseline,0,1600128000000,1723158000000,34176,157,0.6687898089171974,1.1799622376001269,0.034641174506126124,44.57827717438521,2.5544048023582033,0.6719745222929936,0.7246376811594203,276,200,0.7970505617977528
XRP/USDT:USDT,1h,oos_warm,0,zone_limit,1.5,2.0,every_tap,single,,False,1.28,24.0,baseline,0,1723161600000,1784674800000,17088,93,0.5376344086021505,0.1621705067802708,0.09908367511846748,15.15538702860125,1.385663464515779,0.34408602150537637,0.6105769230769231,208,127,1.0
XRP/USDT:USDT,1h,oos_warm,0,zone_limit,1.5,2.0,every_tap,single,,False,1.28,,baseline,0,1723161600000,1784674800000,17088,98,0.5510204081632653,0.1972699504095539,0.10895854258789832,17.21685212774554,1.4451341526565242,0.37755102040816324,0.6875,208,143,1.0
XRP/USDT:USDT,1h,oos,0,zone_limit,1.5,2.0,every_tap,single,,False,1.28,24.0,baseline,0,1723161600000,1784674800000,17088,92,0.5434782608695652,0.17480439699666167,0.09908367511846798,16.423222255133545,1.4220312881169193,0.358695652173913,0.6086956521739131,207,126,1.0
XRP/USDT:USDT,1h,oos,0,zone_limit,1.5,2.0,every_tap,single,,False,1.28,,baseline,0,1723161600000,1784674800000,17088,97,0.5567010309278351,0.2102854047035753,0.10895854258789854,18.45454783103564,1.4810741735708897,0.3917525773195876,0.6859903381642513,207,142,1.0
TRX/USDT:USDT,4h,full,0,zone_limit,1.5,2.0,every_tap,single,,False,1.28,24.0,baseline,0,1600128000000,1784664000000,12816,69,0.6666666666666666,0.44725889971466115,0.03174749222355513,23.54934196802594,2.638080232086774,0.6666666666666666,0.6564885496183206,131,86,0.8647003745318352
TRX/USDT:USDT,4h,full,0,zone_limit,1.5,2.0,every_tap,single,,False,1.28,,baseline,0,1600128000000,1784664000000,12816,71,0.6619718309859155,0.4525181021017046,0.03297723396432629,22.97352835237676,2.557656594806017,0.6549295774647887,0.7045454545454546,132,93,0.8647003745318352
TRX/USDT:USDT,4h,is,0,zone_limit,1.5,2.0,every_tap,single,,False,1.28,24.0,baseline,0,1600128000000,1723147200000,8544,44,0.75,0.38383514487184145,0.03174749222355513,32.52350230328996,3.7932412584470856,0.875,0.5952380952380952,84,50,0.7970505617977528
TRX/USDT:USDT,4h,is,0,zone_limit,1.5,2.0,every_tap,single,,False,1.28,,baseline,0,1600128000000,1723147200000,8544,45,0.7555555555555555,0.4037045454405712,0.031747492223555045,33.41830485772389,3.9058671624075276,0.8888888888888888,0.6547619047619048,84,55,0.7970505617977528
TRX/USDT:USDT,4h,oos_warm,0,zone_limit,1.5,2.0,every_tap,single,,False,1.28,24.0,baseline,0,1723161600000,1784664000000,4272,25,0.52,0.04583187172103026,0.022644133622070562,8.54044410810919,1.4676482497981032,0.3,0.7659574468085106,47,36,1.0
TRX/USDT:USDT,4h,oos_warm,0,zone_limit,1.5,2.0,every_tap,single,,False,1.28,,baseline,0,1723161600000,1784664000000,4272,26,0.5,0.03477480843079629,0.03297723396432618,6.2710057026859305,1.3220216232679596,0.25,0.7916666666666666,48,38,1.0
TRX/USDT:USDT,4h,oos,0,zone_limit,1.5,2.0,every_tap,single,,False,1.28,24.0,baseline,0,1723161600000,1784664000000,4272,25,0.52,0.04583187172103026,0.022644133622070562,8.54044410810919,1.4676482497981032,0.3,0.7659574468085106,47,36,1.0
TRX/USDT:USDT,4h,oos,0,zone_limit,1.5,2.0,every_tap,single,,False,1.28,,baseline,0,1723161600000,1784664000000,4272,26,0.5,0.03477480843079629,0.03297723396432618,6.2710057026859305,1.3220216232679596,0.25,0.7916666666666666,48,38,1.0
TRX/USDT:USDT,1h,full,0,zone_limit,1.5,2.0,every_tap,single,,False,1.28,24.0,baseline,0,1600128000000,1784674800000,51264,227,0.6299559471365639,1.0297312523163895,0.03997905408746935,32.10386326073274,1.9057023012183651,0.5748898678414097,0.712742980561555,463,330,0.8647003745318352
TRX/USDT:USDT,1h,full,0,zone_limit,1.5,2.0,every_tap,single,,False,1.28,,baseline,0,1600128000000,1784674800000,51264,234,0.6324786324786325,1.0863202794468383,0.03779635050000554,32.41555169396432,1.9280963752490183,0.5811965811965812,0.7667386609071274,463,355,0.8647003745318352
TRX/USDT:USDT,1h,is,0,zone_limit,1.5,2.0,every_tap,single,,False,1.28,24.0,baseline,0,1600128000000,1723158000000,34176,162,0.6666666666666666,0.9194723486066446,0.037796350500005495,39.719984914039486,2.2670152600519016,0.6666666666666666,0.707395498392283,311,220,0.7970505617977528
TRX/USDT:USDT,1h,is,0,zone_limit,1.5,2.0,every_tap,single,,False,1.28,,baseline,0,1600128000000,1723158000000,34176,165,0.6666666666666666,0.9394032456237579,0.03779635050000554,39.56359738898302,2.2714626839111083,0.6666666666666666,0.7459807073954984,311,232,0.7970505617977528
TRX/USDT:USDT,1h,oos_warm,0,zone_limit,1.5,2.0,every_tap,single,,False,1.28,24.0,baseline,0,1723161600000,1784674800000,17088,65,0.5384615384615384,0.05744229855136036,0.03997905408746925,10.659410504244425,1.2681114584953108,0.34615384615384615,0.7236842105263158,152,110,1.0
TRX/USDT:USDT,1h,oos_warm,0,zone_limit,1.5,2.0,every_tap,single,,False,1.28,,baseline,0,1723161600000,1784674800000,17088,69,0.5507246376811594,0.07575373205886754,0.03063612352840686,13.059177890093922,1.3403650074053486,0.37681159420289856,0.8092105263157895,152,123,1.0
TRX/USDT:USDT,1h,oos,0,zone_limit,1.5,2.0,every_tap,single,,False,1.28,24.0,baseline,0,1723161600000,1784674800000,17088,65,0.5384615384615384,0.05744229855136036,0.03997905408746925,10.659410504244425,1.2681114584953108,0.34615384615384615,0.7236842105263158,152,110,1.0
TRX/USDT:USDT,1h,oos,0,zone_limit,1.5,2.0,every_tap,single,,False,1.28,,baseline,0,1723161600000,1784674800000,17088,69,0.5507246376811594,0.07575373205886754,0.03063612352840686,13.059177890093922,1.3403650074053486,0.37681159420289856,0.8092105263157895,152,123,1.0
DOGE/USDT:USDT,4h,full,0,zone_limit,1.5,2.0,every_tap,single,,False,1.28,24.0,baseline,0,1600128000000,1784664000000,12816,63,0.5873015873015873,0.2564398219993025,0.04290245639092527,14.282078155939523,1.8085467817742646,0.46825396825396826,0.7522935779816514,109,82,0.0
DOGE/USDT:USDT,4h,full,0,zone_limit,1.5,2.0,every_tap,single,,False,1.28,,baseline,0,1600128000000,1784664000000,12816,64,0.578125,0.24352087219874483,0.05274351276595099,13.406441412014859,1.7463440069936518,0.4453125,0.7889908256880734,109,86,0.0
DOGE/USDT:USDT,4h,is,0,zone_limit,1.5,2.0,every_tap,single,,False,1.28,24.0,baseline,0,1600128000000,1723147200000,8544,41,0.5853658536585366,0.17326761372131877,0.04290245639092527,15.056423916829509,1.8665723336972095,0.4634146341463415,0.8064516129032258,62,50,0.0
DOGE/USDT:USDT,4h,is,0,zone_limit,1.5,2.0,every_tap,single,,False,1.28,,baseline,0,1600128000000,1723147200000,8544,42,0.5714285714285714,0.16120385615896557,0.05274351276595099,13.721942343106713,1.7666342248466902,0.42857142857142855,0.8548387096774194,62,53,0.0
DOGE/USDT:USDT,4h,oos_warm,0,zone_limit,1.5,2.0,every_tap,single,,False,1.28,24.0,baseline,0,1723161600000,1784664000000,4272,22,0.5909090909090909,0.07088937536951326,0.026485414613474735,12.482206265280457,1.7095668920458675,0.4772727272727273,0.6808510638297872,47,32,0.0
DOGE/USDT:USDT,4h,oos_warm,0,zone_limit,1.5,2.0,every_tap,single,,False,1.28,,baseline,0,1723161600000,1784664000000,4272,22,0.5909090909090909,0.07088937536951326,0.026485414613474735,12.482206265280457,1.7095668920458675,0.4772727272727273,0.7021276595744681,47,33,0.0
DOGE/USDT:USDT,4h,oos,0,zone_limit,1.5,2.0,every_tap,single,,False,1.28,24.0,baseline,0,1723161600000,1784664000000,4272,19,0.5789473684210527,0.06193212759434409,0.020954651887801667,12.416076027661601,1.7049595207120385,0.4473684210526316,0.6585365853658537,41,27,0.0
DOGE/USDT:USDT,4h,oos,0,zone_limit,1.5,2.0,every_tap,single,,False,1.28,,baseline,0,1723161600000,1784664000000,4272,19,0.5789473684210527,0.06193212759434409,0.020954651887801667,12.416076027661601,1.7049595207120385,0.4473684210526316,0.6829268292682927,41,28,0.0
DOGE/USDT:USDT,1h,full,0,zone_limit,1.5,2.0,every_tap,single,,False,1.28,24.0,baseline,0,1600128000000,1784674800000,51264,232,0.6077586206896551,1.3930115220710708,0.05865260036753162,31.657581589409496,1.7673190466757833,0.5193965517241379,0.6903073286052009,423,292,0.0
DOGE/USDT:USDT,1h,full,0,zone_limit,1.5,2.0,every_tap,single,,False,1.28,,baseline,0,1600128000000,1784674800000,51264,246,0.6097560975609756,1.5231352180815192,0.05001428612623558,31.69868531634379,1.7606827647891914,0.524390243902439,0.7730496453900709,423,327,0.0
DOGE/USDT:USDT,1h,is,0,zone_limit,1.5,2.0,every_tap,single,,False,1.28,24.0,baseline,0,1600128000000,1723158000000,34176,143,0.6713286713286714,1.1849491401941639,0.048670213778160124,47.26948032036181,2.5410718917601978,0.6783216783216783,0.6981132075471698,265,185,0.0
DOGE/USDT:USDT,1h,is,0,zone_limit,1.5,2.0,every_tap,single,,False,1.28,,baseline,0,1600128000000,1723158000000,34176,149,0.6711409395973155,1.2511588147972075,0.04867021377816,47.050060802689714,2.5170055375839784,0.6778523489932886,0.7584905660377359,265,201,0.0
DOGE/USDT:USDT,1h,oos_warm,0,zone_limit,1.5,2.0,every_tap,single,,False,1.28,24.0,baseline,0,1723161600000,1784674800000,17088,89,0.5056179775280899,0.0952252746068114,0.05865260036753191,8.909945656632004,1.1988146299440665,0.2640449438202247,0.6772151898734177,158,107,0.0
DOGE/USDT:USDT,1h,oos_warm,0,zone_limit,1.5,2.0,every_tap,single,,False,1.28,,baseline,0,1723161600000,1784674800000,17088,97,0.5154639175257731,0.12081617764884996,0.05001428612623583,10.194347535827754,1.2309639409279105,0.28865979381443296,0.7974683544303798,158,126,0.0
DOGE/USDT:USDT,1h,oos,0,zone_limit,1.5,2.0,every_tap,single,,False,1.28,24.0,baseline,0,1723161600000,1784674800000,17088,89,0.5056179775280899,0.0952252746068114,0.05865260036753191,8.909945656632004,1.1988146299440665,0.2640449438202247,0.6772151898734177,158,107,0.0
DOGE/USDT:USDT,1h,oos,0,zone_limit,1.5,2.0,every_tap,single,,False,1.28,,baseline,0,1723161600000,1784674800000,17088,97,0.5154639175257731,0.12081617764884996,0.05001428612623583,10.194347535827754,1.2309639409279105,0.28865979381443296,0.7974683544303798,158,126,0.0
LINK/USDT:USDT,4h,full,0,zone_limit,1.5,2.0,every_tap,single,,False,1.28,24.0,baseline,0,1600128000000,1784664000000,12816,59,0.6101694915254238,0.3163936946030717,0.040479949063800216,18.24428154908354,2.217961595663783,0.5254237288135594,0.5892857142857143,112,66,0.0
LINK/USDT:USDT,4h,full,0,zone_limit,1.5,2.0,every_tap,single,,False,1.28,,baseline,0,1600128000000,1784664000000,12816,61,0.6229508196721312,0.3529248645212914,0.03748083327504347,19.534227084623975,2.3431333695490313,0.5573770491803278,0.6964285714285714,112,78,0.0
LINK/USDT:USDT,4h,is,0,zone_limit,1.5,2.0,every_tap,single,,False,1.28,24.0,baseline,0,1600128000000,1723147200000,8544,40,0.55,0.13722923850265853,0.040479949063800216,12.380011036197752,1.7130231885879923,0.375,0.5897435897435898,78,46,0.0
LINK/USDT:USDT,4h,is,0,zone_limit,1.5,2.0,every_tap,single,,False,1.28,,baseline,0,1600128000000,1723147200000,8544,41,0.5609756097560976,0.15406884899696432,0.03748083327504347,13.4628897094954,1.7958827166843019,0.4024390243902439,0.7051282051282052,78,55,0.0
LINK/USDT:USDT,4h,oos_warm,0,zone_limit,1.5,2.0,every_tap,single,,False,1.28,24.0,baseline,0,1723161600000,1784664000000,4272,19,0.7368421052631579,0.15754471485125723,0.01054894940130785,32.450998583552135,3.661701053711107,0.8421052631578947,0.5882352941176471,34,20,0.0
LINK/USDT:USDT,4h,oos_warm,0,zone_limit,1.5,2.0,every_tap,single,,False,1.28,,baseline,0,1723161600000,1784664000000,4272,20,0.75,0.17230862413205122,0.010548949401307971,34.226770766064114,3.874473235094326,0.875,0.6764705882352942,34,23,0.0
LINK/USDT:USDT,4h,oos,0,zone_limit,1.5,2.0,every_tap,single,,False,1.28,24.0,baseline,0,1723161600000,1784664000000,4272,19,0.7368421052631579,0.15754471485125723,0.01054894940130785,32.450998583552135,3.661701053711107,0.8421052631578947,0.5882352941176471,34,20,0.0
LINK/USDT:USDT,4h,oos,0,zone_limit,1.5,2.0,every_tap,single,,False,1.28,,baseline,0,1723161600000,1784664000000,4272,20,0.75,0.17230862413205122,0.010548949401307971,34.226770766064114,3.874473235094326,0.875,0.6764705882352942,34,23,0.0
LINK/USDT:USDT,1h,full,0,zone_limit,1.5,2.0,every_tap,single,,False,1.28,24.0,baseline,0,1600128000000,1784674800000,51264,266,0.5488721804511278,0.8984227321323549,0.06055816693638752,20.34766825819008,1.5096395437470658,0.37218045112781956,0.6540755467196819,503,329,0.0
LINK/USDT:USDT,1h,full,0,zone_limit,1.5,2.0,every_tap,single,,False,1.28,,baseline,0,1600128000000,1784674800000,51264,273,0.5384615384615384,0.8071262889889785,0.07083997878468042,18.296258306433938,1.4590466654499286,0.34615384615384615,0.7037773359840954,503,354,0.0
LINK/USDT:USDT,1h,is,0,zone_limit,1.5,2.0,every_tap,single,,False,1.28,24.0,baseline,0,1600128000000,1723158000000,34176,174,0.5804597701149425,0.7244274842059378,0.06055816693638752,26.2988181144961,1.7886614844622022,0.4511494252873563,0.6567164179104478,335,220,0.0
LINK/USDT:USDT,1h,is,0,zone_limit,1.5,2.0,every_tap,single,,False,1.28,,baseline,0,1600128000000,1723158000000,34176,181,0.56353591160221,0.6414985911296047,0.07083997878468042,22.907943785921276,1.6720333964331078,0.4088397790055249,0.7134328358208956,335,239,0.0
LINK/USDT:USDT,1h,oos_warm,0,zone_limit,1.5,2.0,every_tap,single,,False,1.28,24.0,baseline,0,1723161600000,1784674800000,17088,92,0.4891304347826087,0.10090029851648924,0.05763220139510157,9.154108321409307,1.2060807888405027,0.22282608695652173,0.6488095238095238,168,109,0.0
LINK/USDT:USDT,1h,oos_warm,0,zone_limit,1.5,2.0,every_tap,single,,False,1.28,,baseline,0,1723161600000,1784674800000,17088,92,0.4891304347826087,0.10090029851648924,0.05763220139510157,9.154108321409307,1.2060807888405027,0.22282608695652173,0.6845238095238095,168,115,0.0
LINK/USDT:USDT,1h,oos,0,zone_limit,1.5,2.0,every_tap,single,,False,1.28,24.0,baseline,0,1723161600000,1784674800000,17088,88,0.4659090909090909,0.050070522650766905,0.06272142984020043,5.118237442860961,1.1028704820349204,0.16477272727272727,0.6481481481481481,162,105,0.0
LINK/USDT:USDT,1h,oos,0,zone_limit,1.5,2.0,every_tap,single,,False,1.28,,baseline,0,1723161600000,1784674800000,17088,88,0.4659090909090909,0.050070522650766905,0.06272142984020043,5.118237442860961,1.1028704820349204,0.16477272727272727,0.6851851851851852,162,111,0.0
LTC/USDT:USDT,4h,full,0,zone_limit,1.5,2.0,every_tap,single,,False,1.28,24.0,baseline,0,1600128000000,1784664000000,12816,53,0.5849056603773585,0.2349005568532921,0.04105744500519392,15.39538442380991,1.9067064185639038,0.46226415094339623,0.7052631578947368,95,67,0.0
LTC/USDT:USDT,4h,full,0,zone_limit,1.5,2.0,every_tap,single,,False,1.28,,baseline,0,1600128000000,1784664000000,12816,54,0.5925925925925926,0.2530240316289166,0.041057445005193795,16.18205535279823,1.9654343170404602,0.48148148148148145,0.7368421052631579,95,70,0.0
LTC/USDT:USDT,4h,is,0,zone_limit,1.5,2.0,every_tap,single,,False,1.28,24.0,baseline,0,1600128000000,1723147200000,8544,28,0.6071428571428571,0.13682214422522776,0.020858455133549055,17.638278984017884,2.1221757804028667,0.5178571428571429,0.6122448979591837,49,30,0.0
LTC/USDT:USDT,4h,is,0,zone_limit,1.5,2.0,every_tap,single,,False,1.28,,baseline,0,1600128000000,1723147200000,8544,29,0.6206896551724138,0.15350621432374428,0.020445630012546727,19.069587678039337,2.2487692449464833,0.5517241379310345,0.673469387755102,49,33,0.0
LTC/USDT:USDT,4h,oos_warm,0,zone_limit,1.5,2.0,every_tap,single,,False,1.28,24.0,baseline,0,1723161600000,1784664000000,4272,25,0.56,0.08627419260460174,0.041057445005193774,12.648328585319932,1.7151472055699346,0.4,0.8043478260869565,46,37,0.0
LTC/USDT:USDT,4h,oos_warm,0,zone_limit,1.5,2.0,every_tap,single,,False,1.28,,baseline,0,1723161600000,1784664000000,4272,25,0.56,0.08627419260460174,0.041057445005193774,12.648328585319932,1.7151472055699346,0.4,0.8043478260869565,46,37,0.0
LTC/USDT:USDT,4h,oos,0,zone_limit,1.5,2.0,every_tap,single,,False,1.28,24.0,baseline,0,1723161600000,1784664000000,4272,25,0.56,0.08627419260460174,0.041057445005193774,12.648328585319932,1.7151472055699346,0.4,0.8043478260869565,46,37,0.0
LTC/USDT:USDT,4h,oos,0,zone_limit,1.5,2.0,every_tap,single,,False,1.28,,baseline,0,1723161600000,1784664000000,4272,25,0.56,0.08627419260460174,0.041057445005193774,12.648328585319932,1.7151472055699346,0.4,0.8043478260869565,46,37,0.0
LTC/USDT:USDT,1h,full,0,zone_limit,1.5,2.0,every_tap,single,,False,1.28,24.0,baseline,0,1600128000000,1784674800000,51264,242,0.5454545454545454,0.5535891210943633,0.08556436412275763,16.0827786583522,1.4194342065475591,0.36363636363636365,0.6630196936542669,457,303,0.0
LTC/USDT:USDT,1h,full,0,zone_limit,1.5,2.0,every_tap,single,,False,1.28,,baseline,0,1600128000000,1784674800000,51264,249,0.5461847389558233,0.5682803625926904,0.08556436412275716,15.974938504211185,1.4200533816826686,0.3654618473895582,0.7221006564551422,457,330,0.0
LTC/USDT:USDT,1h,is,0,zone_limit,1.5,2.0,every_tap,single,,False,1.28,24.0,baseline,0,1600128000000,1723158000000,34176,158,0.5632911392405063,0.39937119943693833,0.08556436412275763,18.27877302851707,1.5297273639523528,0.40822784810126583,0.6542372881355932,295,193,0.0
LTC/USDT:USDT,1h,is,0,zone_limit,1.5,2.0,every_tap,single,,False,1.28,,baseline,0,1600128000000,1723158000000,34176,162,0.5617283950617284,0.39769648877590297,0.08556436412275716,17.788148854104822,1.5160220725121887,0.404320987654321,0.6915254237288135,295,204,0.0
LTC/USDT:USDT,1h,oos_warm,0,zone_limit,1.5,2.0,every_tap,single,,False,1.28,24.0,baseline,0,1723161600000,1784674800000,17088,84,0.5119047619047619,0.11020515622979565,0.07928409155164644,11.620209872495314,1.2725040327631782,0.27976190476190477,0.6790123456790124,162,110,0.0
LTC/USDT:USDT,1h,oos_warm,0,zone_limit,1.5,2.0,every_tap,single,,False,1.28,,baseline,0,1723161600000,1784674800000,17088,87,0.5172413793103449,0.12204643510708392,0.07580027280803908,12.31812944122422,1.293008883273581,0.29310344827586204,0.7777777777777778,162,126,0.0
LTC/USDT:USDT,1h,oos,0,zone_limit,1.5,2.0,every_tap,single,,False,1.28,24.0,baseline,0,1723161600000,1784674800000,17088,84,0.5119047619047619,0.11020515622979565,0.07928409155164644,11.620209872495314,1.2725040327631782,0.27976190476190477,0.6790123456790124,162,110,0.0
LTC/USDT:USDT,1h,oos,0,zone_limit,1.5,2.0,every_tap,single,,False,1.28,,baseline,0,1723161600000,1784674800000,17088,87,0.5172413793103449,0.12204643510708392,0.07580027280803908,12.31812944122422,1.293008883273581,0.29310344827586204,0.7777777777777778,162,126,0.0
