timeframe,segment,feature,remove_fraction,threshold,n_subset,n_removed,base_death_rate,gate_death_rate,matched_death_mean,p_death,winner_removed_rate,death_removed_rate
15m,is,band_lower_slope_3_atr,0.25,0.007530780391692996,3583,896,0.14205972648618476,0.13732787495347973,0.14209155191663564,0.14285714285714285,0.84375,0.15625
15m,oos,band_lower_slope_3_atr,0.25,0.007530780391692996,1779,400,0.2034851039910062,0.1899927483683829,0.2021392313270486,0.047619047619047616,0.75,0.25
15m,is,band_lower_slope_3_atr,0.3333333333333333,-0.031027519346469124,3583,1194,0.14205972648618476,0.13269150272080368,0.1428003348681457,0.047619047619047616,0.8391959798994975,0.16080402010050251
15m,oos,band_lower_slope_3_atr,0.3333333333333333,-0.031027519346469124,1779,551,0.2034851039910062,0.1767100977198697,0.20248371335504892,0.047619047619047616,0.7368421052631579,0.2631578947368421
15m,is,band_lower_slope_3_atr,0.5,-0.11012720078786066,3583,1792,0.14205972648618476,0.11892797319932999,0.141820212171971,0.047619047619047616,0.8348214285714286,0.16517857142857142
15m,oos,band_lower_slope_3_atr,0.5,-0.11012720078786066,1779,822,0.2034851039910062,0.15987460815047022,0.2043887147335423,0.047619047619047616,0.745742092457421,0.2542579075425791
15m,is,band_lower_slope_3_pct,0.25,4.1908234561604446e-05,3583,896,0.14205972648618476,0.13770003721622628,0.14209155191663564,0.23809523809523808,0.8448660714285714,0.15513392857142858
15m,oos,band_lower_slope_3_pct,0.25,4.1908234561604446e-05,1779,399,0.2034851039910062,0.1891304347826087,0.20221014492753625,0.047619047619047616,0.7468671679197995,0.2531328320802005
15m,is,band_lower_slope_3_pct,0.3333333333333333,-0.00017835830741290962,3583,1194,0.14205972648618476,0.13059857681038092,0.1428003348681457,0.047619047619047616,0.8350083752093802,0.16499162479061977
15m,oos,band_lower_slope_3_pct,0.3333333333333333,-0.00017835830741290962,1779,567,0.2034851039910062,0.16831683168316833,0.2022689768976898,0.047619047619047616,0.7213403880070547,0.2786596119929453
15m,is,band_lower_slope_3_pct,0.5,-0.0007302709142299854,3583,1792,0.14205972648618476,0.11892797319932999,0.141820212171971,0.047619047619047616,0.8348214285714286,0.16517857142857142
15m,oos,band_lower_slope_3_pct,0.5,-0.0007302709142299854,1779,901,0.2034851039910062,0.15261958997722094,0.2034738041002278,0.047619047619047616,0.7469478357380688,0.25305216426193117
15m,is,band_lower_slope_5_atr,0.25,0.02255479819951936,3583,896,0.14205972648618476,0.14067733531819873,0.14209155191663564,0.42857142857142855,0.8537946428571429,0.14620535714285715
15m,oos,band_lower_slope_5_atr,0.25,0.02255479819951936,1779,401,0.2034851039910062,0.19085631349782292,0.20206821480406387,0.047619047619047616,0.7531172069825436,0.24688279301745636
15m,is,band_lower_slope_5_atr,0.3333333333333333,-0.013413711561714862,3583,1194,0.14205972648618476,0.13143574717455003,0.1428003348681457,0.047619047619047616,0.8366834170854272,0.16331658291457288
15m,oos,band_lower_slope_5_atr,0.3333333333333333,-0.013413711561714862,1779,558,0.2034851039910062,0.1891891891891892,0.20253890253890253,0.047619047619047616,0.7652329749103942,0.23476702508960573
15m,is,band_lower_slope_5_atr,0.5,-0.08033211148656817,3583,1792,0.14205972648618476,0.12227805695142378,0.141820212171971,0.047619047619047616,0.8381696428571429,0.16183035714285715
15m,oos,band_lower_slope_5_atr,0.5,-0.08033211148656817,1779,850,0.2034851039910062,0.16576964477933262,0.20430570505920342,0.047619047619047616,0.7552941176470588,0.2447058823529412
15m,is,band_lower_slope_5_pct,0.25,0.0001432739585133368,3583,896,0.14205972648618476,0.1384443617417194,0.14209155191663564,0.2857142857142857,0.8470982142857143,0.15290178571428573
15m,oos,band_lower_slope_5_pct,0.25,0.0001432739585133368,1779,377,0.2034851039910062,0.19258202567760344,0.20189015691868759,0.047619047619047616,0.7559681697612732,0.2440318302387268
15m,is,band_lower_slope_5_pct,0.3333333333333333,-7.79166910653003e-05,3583,1194,0.14205972648618476,0.13185433235663457,0.1428003348681457,0.047619047619047616,0.8375209380234506,0.1624790619765494
15m,oos,band_lower_slope_5_pct,0.3333333333333333,-7.79166910653003e-05,1779,567,0.2034851039910062,0.1848184818481848,0.2022689768976898,0.047619047619047616,0.7566137566137566,0.24338624338624337
15m,is,band_lower_slope_5_pct,0.5,-0.0005197167924165813,3583,1792,0.14205972648618476,0.12060301507537688,0.141820212171971,0.047619047619047616,0.8364955357142857,0.16350446428571427
15m,oos,band_lower_slope_5_pct,0.5,-0.0005197167924165813,1779,905,0.2034851039910062,0.15102974828375287,0.20354691075514872,0.047619047619047616,0.7458563535911602,0.2541436464088398
1h,is,band_lower_slope_3_atr,0.25,0.03117158456132721,1044,261,0.14559386973180077,0.13409961685823754,0.14342273307790548,0.19047619047619047,0.8199233716475096,0.18007662835249041
1h,oos,band_lower_slope_3_atr,0.25,0.03117158456132721,530,102,0.2037735849056604,0.1939252336448598,0.20467289719626164,0.19047619047619047,0.7549019607843137,0.24509803921568626
1h,is,band_lower_slope_3_atr,0.3333333333333333,-0.00868119269975361,1044,348,0.14559386973180077,0.13505747126436782,0.14418103448275862,0.14285714285714285,0.8333333333333334,0.16666666666666666
1h,oos,band_lower_slope_3_atr,0.3333333333333333,-0.00868119269975361,530,145,0.2037735849056604,0.18181818181818182,0.20623376623376624,0.047619047619047616,0.7379310344827587,0.2620689655172414
1h,is,band_lower_slope_3_atr,0.5,-0.08585128020422299,1044,522,0.14559386973180077,0.12835249042145594,0.14492337164750954,0.14285714285714285,0.8371647509578544,0.16283524904214558
1h,oos,band_lower_slope_3_atr,0.5,-0.08585128020422299,530,236,0.2037735849056604,0.17687074829931973,0.20867346938775513,0.09523809523809523,0.7627118644067796,0.23728813559322035
1h,is,band_lower_slope_3_pct,0.25,0.00032940059217266646,1044,261,0.14559386973180077,0.13537675606641125,0.14342273307790548,0.23809523809523808,0.8237547892720306,0.17624521072796934
1h,oos,band_lower_slope_3_pct,0.25,0.00032940059217266646,530,97,0.2037735849056604,0.19168591224018475,0.20484988452655886,0.09523809523809523,0.7422680412371134,0.25773195876288657
1h,is,band_lower_slope_3_pct,0.3333333333333333,-7.515633870663191e-05,1044,348,0.14559386973180077,0.13649425287356323,0.14418103448275862,0.19047619047619047,0.8362068965517241,0.16379310344827586
1h,oos,band_lower_slope_3_pct,0.3333333333333333,-7.515633870663191e-05,530,146,0.2037735849056604,0.18489583333333334,0.20651041666666664,0.09523809523809523,0.7465753424657534,0.2534246575342466
1h,is,band_lower_slope_3_pct,0.5,-0.0010400621693588512,1044,522,0.14559386973180077,0.13026819923371646,0.14492337164750954,0.19047619047619047,0.8390804597701149,0.16091954022988506
1h,oos,band_lower_slope_3_pct,0.5,-0.0010400621693588512,530,258,0.2037735849056604,0.14705882352941177,0.2051470588235294,0.047619047619047616,0.7364341085271318,0.26356589147286824
1h,is,band_lower_slope_5_atr,0.25,0.04123994213503156,1044,261,0.14559386973180077,0.13537675606641125,0.14342273307790548,0.23809523809523808,0.8237547892720306,0.17624521072796934
1h,oos,band_lower_slope_5_atr,0.25,0.04123994213503156,530,121,0.2037735849056604,0.1882640586797066,0.20537897310513445,0.09523809523809523,0.743801652892562,0.256198347107438
1h,is,band_lower_slope_5_atr,0.3333333333333333,0.0038636984601993648,1044,348,0.14559386973180077,0.13649425287356323,0.14418103448275862,0.19047619047619047,0.8362068965517241,0.16379310344827586
1h,oos,band_lower_slope_5_atr,0.3333333333333333,0.0038636984601993648,530,157,0.2037735849056604,0.18498659517426275,0.20683646112600534,0.09523809523809523,0.7515923566878981,0.2484076433121019
1h,is,band_lower_slope_5_atr,0.5,-0.06174820256649617,1044,522,0.14559386973180077,0.13026819923371646,0.14492337164750954,0.19047619047619047,0.8390804597701149,0.16091954022988506
1h,oos,band_lower_slope_5_atr,0.5,-0.06174820256649617,530,239,0.2037735849056604,0.16494845360824742,0.20893470790378008,0.047619047619047616,0.7489539748953975,0.2510460251046025
1h,is,band_lower_slope_5_pct,0.25,0.00044714973668006025,1044,261,0.14559386973180077,0.13537675606641125,0.14342273307790548,0.23809523809523808,0.8237547892720306,0.17624521072796934
1h,oos,band_lower_slope_5_pct,0.25,0.00044714973668006025,530,110,0.2037735849056604,0.1976190476190476,0.20535714285714293,0.2857142857142857,0.7727272727272727,0.22727272727272727
1h,is,band_lower_slope_5_pct,0.3333333333333333,3.6417446691972616e-05,1044,348,0.14559386973180077,0.13793103448275862,0.14418103448275862,0.2857142857142857,0.8390804597701149,0.16091954022988506
1h,oos,band_lower_slope_5_pct,0.3333333333333333,3.6417446691972616e-05,530,157,0.2037735849056604,0.18230563002680966,0.20683646112600534,0.047619047619047616,0.7452229299363057,0.25477707006369427
1h,is,band_lower_slope_5_pct,0.5,-0.0007231785518705385,1044,522,0.14559386973180077,0.13409961685823754,0.14492337164750954,0.19047619047619047,0.842911877394636,0.15708812260536398
1h,oos,band_lower_slope_5_pct,0.5,-0.0007231785518705385,530,253,0.2037735849056604,0.1552346570397112,0.20649819494584837,0.047619047619047616,0.7430830039525692,0.25691699604743085
4h,is,band_lower_slope_3_atr,0.25,0.01880814239177326,256,64,0.1484375,0.14583333333333334,0.14713541666666666,0.47619047619047616,0.84375,0.15625
4h,oos,band_lower_slope_3_atr,0.25,0.01880814239177326,148,50,0.16891891891891891,0.17346938775510204,0.1719387755102041,0.7619047619047619,0.84,0.16
4h,is,band_lower_slope_3_atr,0.3333333333333333,-0.01366831265930914,256,85,0.1484375,0.13450292397660818,0.14590643274853798,0.3333333333333333,0.8235294117647058,0.17647058823529413
4h,oos,band_lower_slope_3_atr,0.3333333333333333,-0.01366831265930914,148,55,0.16891891891891891,0.1827956989247312,0.17526881720430104,0.8095238095238095,0.8545454545454545,0.14545454545454545
4h,is,band_lower_slope_3_atr,0.5,-0.09121841105866106,256,128,0.1484375,0.1171875,0.14375,0.19047619047619047,0.8203125,0.1796875
4h,oos,band_lower_slope_3_atr,0.5,-0.09121841105866106,148,76,0.16891891891891891,0.19444444444444445,0.1722222222222222,0.9047619047619048,0.8552631578947368,0.14473684210526316
4h,is,band_lower_slope_3_pct,0.25,0.00045511249385967,256,64,0.1484375,0.14583333333333334,0.14713541666666666,0.47619047619047616,0.84375,0.15625
4h,oos,band_lower_slope_3_pct,0.25,0.00045511249385967,148,46,0.16891891891891891,0.18627450980392157,0.17205882352941176,0.9047619047619048,0.8695652173913043,0.13043478260869565
4h,is,band_lower_slope_3_pct,0.3333333333333333,-0.00039985137104232886,256,85,0.1484375,0.13450292397660818,0.14590643274853798,0.3333333333333333,0.8235294117647058,0.17647058823529413
4h,oos,band_lower_slope_3_pct,0.3333333333333333,-0.00039985137104232886,148,56,0.16891891891891891,0.18478260869565216,0.1766304347826087,0.8095238095238095,0.8571428571428571,0.14285714285714285
4h,is,band_lower_slope_3_pct,0.5,-0.0025364757977120855,256,128,0.1484375,0.125,0.14375,0.2857142857142857,0.828125,0.171875
4h,oos,band_lower_slope_3_pct,0.5,-0.0025364757977120855,148,87,0.16891891891891891,0.19672131147540983,0.1680327868852459,0.9047619047619048,0.8505747126436781,0.14942528735632185
4h,is,band_lower_slope_5_atr,0.25,0.03387547897619381,256,64,0.1484375,0.13541666666666666,0.14713541666666666,0.2857142857142857,0.8125,0.1875
4h,oos,band_lower_slope_5_atr,0.25,0.03387547897619381,148,49,0.16891891891891891,0.20202020202020202,0.1712121212121212,1.0,0.8979591836734694,0.10204081632653061
4h,is,band_lower_slope_5_atr,0.3333333333333333,-0.009448258793820507,256,85,0.1484375,0.14035087719298245,0.14590643274853798,0.42857142857142855,0.8352941176470589,0.16470588235294117
4h,oos,band_lower_slope_5_atr,0.3333333333333333,-0.009448258793820507,148,61,0.16891891891891891,0.1724137931034483,0.17758620689655172,0.5714285714285714,0.8360655737704918,0.16393442622950818
4h,is,band_lower_slope_5_atr,0.5,-0.06533653562705591,256,128,0.1484375,0.109375,0.14375,0.09523809523809523,0.8125,0.1875
4h,oos,band_lower_slope_5_atr,0.5,-0.06533653562705591,148,81,0.16891891891891891,0.208955223880597,0.1716417910447761,0.9523809523809523,0.8641975308641975,0.13580246913580246
4h,is,band_lower_slope_5_pct,0.25,0.0007064187230334082,256,64,0.1484375,0.13541666666666666,0.14713541666666666,0.2857142857142857,0.8125,0.1875
4h,oos,band_lower_slope_5_pct,0.25,0.0007064187230334082,148,46,0.16891891891891891,0.19607843137254902,0.17205882352941176,1.0,0.8913043478260869,0.10869565217391304
4h,is,band_lower_slope_5_pct,0.3333333333333333,-0.00015328468274254257,256,85,0.1484375,0.14035087719298245,0.14590643274853798,0.42857142857142855,0.8352941176470589,0.16470588235294117
4h,oos,band_lower_slope_5_pct,0.3333333333333333,-0.00015328468274254257,148,61,0.16891891891891891,0.1724137931034483,0.17758620689655172,0.5714285714285714,0.8360655737704918,0.16393442622950818
4h,is,band_lower_slope_5_pct,0.5,-0.0019269760971610264,256,128,0.1484375,0.125,0.14375,0.2857142857142857,0.828125,0.171875
4h,oos,band_lower_slope_5_pct,0.5,-0.0019269760971610264,148,91,0.16891891891891891,0.15789473684210525,0.17368421052631577,0.42857142857142855,0.8241758241758241,0.17582417582417584
