symbol,timeframe,segment,arm,num_candidates,num_trades,win_rate,total_return,max_drawdown
BTC/USDT:USDT,1h,full,off,344,254,0.610236220472441,0.9893945855778715,0.050880373680385
BTC/USDT:USDT,1h,full,freeze,512,319,0.6081504702194357,1.4198497937280667,0.07168871505392178
BTC/USDT:USDT,1h,full,band,473,287,0.6167247386759582,1.2205426201066094,0.0613055355325676
BTC/USDT:USDT,1h,is,off,220,169,0.6568047337278107,0.8817102472013572,0.04261686530739744
BTC/USDT:USDT,1h,is,freeze,332,214,0.6401869158878505,1.154870040104259,0.04261686530739739
BTC/USDT:USDT,1h,is,band,303,192,0.6614583333333334,1.0586796523469897,0.042616865307397306
BTC/USDT:USDT,1h,oos_warm,off,124,85,0.5176470588235295,0.0572268437909981,0.05088037368038528
BTC/USDT:USDT,1h,oos_warm,freeze,180,105,0.5428571428571428,0.12296785824308444,0.07168871505392155
BTC/USDT:USDT,1h,oos_warm,band,170,95,0.5263157894736842,0.07862465030685671,0.06130553553256766
BTC/USDT:USDT,1h,oos,off,124,85,0.5176470588235295,0.0572268437909981,0.05088037368038528
BTC/USDT:USDT,1h,oos,freeze,180,105,0.5428571428571428,0.12296785824308444,0.07168871505392155
BTC/USDT:USDT,1h,oos,band,170,95,0.5263157894736842,0.07862465030685671,0.06130553553256766
BTC/USDT:USDT,2h,full,off,161,120,0.6083333333333333,0.48688265642973527,0.04580640454963048
BTC/USDT:USDT,2h,full,freeze,237,153,0.6143790849673203,0.7077744083294522,0.06221244741880167
BTC/USDT:USDT,2h,full,band,232,151,0.6225165562913907,0.7230094689469133,0.05257062624575937
BTC/USDT:USDT,2h,is,off,105,80,0.6125,0.3625890535014647,0.04580640454963048
BTC/USDT:USDT,2h,is,freeze,151,99,0.6161616161616161,0.4674246434520219,0.06221244741880167
BTC/USDT:USDT,2h,is,band,152,100,0.63,0.5166898453752307,0.05257062624575937
BTC/USDT:USDT,2h,oos_warm,off,56,40,0.6,0.09121870061180362,0.03408726764964041
BTC/USDT:USDT,2h,oos_warm,freeze,86,54,0.6111111111111112,0.16379019253215102,0.03408726764964031
BTC/USDT:USDT,2h,oos_warm,band,80,51,0.6078431372549019,0.13603283769638366,0.03731370145410069
BTC/USDT:USDT,2h,oos,off,56,40,0.6,0.09121870061180362,0.03408726764964041
BTC/USDT:USDT,2h,oos,freeze,86,54,0.6111111111111112,0.16379019253215102,0.03408726764964031
BTC/USDT:USDT,2h,oos,band,80,51,0.6078431372549019,0.13603283769638366,0.03731370145410069
BTC/USDT:USDT,4h,full,off,60,52,0.6346153846153846,0.2580248461440513,0.05256470016774714
BTC/USDT:USDT,4h,full,freeze,96,78,0.6410256410256411,0.4331336223615077,0.040978312387469976
BTC/USDT:USDT,4h,full,band,86,67,0.6417910447761194,0.3688912917018699,0.0447051989120062
BTC/USDT:USDT,4h,is,off,40,37,0.6756756756756757,0.22117994693551135,0.05256470016774714
BTC/USDT:USDT,4h,is,freeze,67,56,0.6428571428571429,0.2998826623191846,0.040978312387469976
BTC/USDT:USDT,4h,is,band,59,47,0.6808510638297872,0.3051659553592022,0.0447051989120062
BTC/USDT:USDT,4h,oos_warm,off,20,15,0.5333333333333333,0.030171556043808778,0.046766141931767945
BTC/USDT:USDT,4h,oos_warm,freeze,29,22,0.6363636363636364,0.10250999102071509,0.02920312180790341
BTC/USDT:USDT,4h,oos_warm,band,27,20,0.55,0.048825466279596365,0.039772542288860645
BTC/USDT:USDT,4h,oos,off,20,15,0.5333333333333333,0.030171556043808778,0.046766141931767945
BTC/USDT:USDT,4h,oos,freeze,29,22,0.6363636363636364,0.10250999102071509,0.02920312180790341
BTC/USDT:USDT,4h,oos,band,27,20,0.55,0.048825466279596365,0.039772542288860645
ETH/USDT:USDT,1h,full,off,316,250,0.628,1.291865427922825,0.09923531382306282
ETH/USDT:USDT,1h,full,freeze,454,321,0.6074766355140186,1.4973296166887766,0.12095107790714354
ETH/USDT:USDT,1h,full,band,442,299,0.6220735785953178,1.6310972799124963,0.09923531382306289
ETH/USDT:USDT,1h,is,off,199,159,0.5723270440251572,0.4273802016549262,0.09923531382306282
ETH/USDT:USDT,1h,is,freeze,279,198,0.5606060606060606,0.4619807461047161,0.12095107790714354
ETH/USDT:USDT,1h,is,band,276,188,0.574468085106383,0.5134351405538867,0.09923531382306289
ETH/USDT:USDT,1h,oos_warm,off,117,91,0.7252747252747253,0.6056446805592521,0.02133027532346156
ETH/USDT:USDT,1h,oos_warm,freeze,175,123,0.6829268292682927,0.7081822885442441,0.02173117007826029
ETH/USDT:USDT,1h,oos_warm,band,166,111,0.7027027027027027,0.7384935828499172,0.0213302753234616
ETH/USDT:USDT,1h,oos,off,114,88,0.7159090909090909,0.5541904731200539,0.021330275323461538
ETH/USDT:USDT,1h,oos,freeze,170,118,0.6864406779661016,0.6895312808734492,0.021731170078260333
ETH/USDT:USDT,1h,oos,band,162,107,0.7009345794392523,0.7012513730259671,0.021330275323461625
ETH/USDT:USDT,2h,full,off,158,130,0.5692307692307692,0.4633047185509753,0.04791979977714152
ETH/USDT:USDT,2h,full,freeze,230,160,0.55625,0.4922345009683395,0.03936128877938129
ETH/USDT:USDT,2h,full,band,220,153,0.6013071895424836,0.6505419231808406,0.04387692047929271
ETH/USDT:USDT,2h,is,off,92,78,0.5512820512820513,0.24196140970615743,0.04791979977714152
ETH/USDT:USDT,2h,is,freeze,134,96,0.5520833333333334,0.27384419839330365,0.03936128877938129
ETH/USDT:USDT,2h,is,band,125,90,0.5777777777777777,0.3204075815769424,0.04387692047929271
ETH/USDT:USDT,2h,oos_warm,off,66,52,0.5961538461538461,0.17822076202608095,0.025957895948020285
ETH/USDT:USDT,2h,oos_warm,freeze,96,64,0.5625,0.17144192582616397,0.03901280450489681
ETH/USDT:USDT,2h,oos_warm,band,95,63,0.6349206349206349,0.25002457287440266,0.02595789594802037
ETH/USDT:USDT,2h,oos,off,62,48,0.6041666666666666,0.17306339116005712,0.025450523260225743
ETH/USDT:USDT,2h,oos,freeze,90,59,0.559322033898305,0.1535914043569688,0.03901280450489681
ETH/USDT:USDT,2h,oos,band,88,57,0.631578947368421,0.2210102263716204,0.02412796378962807
ETH/USDT:USDT,4h,full,off,84,68,0.6176470588235294,0.36797233243013305,0.04711524117818985
ETH/USDT:USDT,4h,full,freeze,132,92,0.6086956521739131,0.4810415237930607,0.042791929161537394
ETH/USDT:USDT,4h,full,band,121,81,0.5679012345679012,0.3183332810871787,0.05678182414089719
ETH/USDT:USDT,4h,is,off,53,43,0.6046511627906976,0.19818600958073077,0.04711524117818985
ETH/USDT:USDT,4h,is,freeze,85,57,0.631578947368421,0.30391264557225584,0.042791929161537394
ETH/USDT:USDT,4h,is,band,76,48,0.5833333333333334,0.19517730993250407,0.05678182414089719
ETH/USDT:USDT,4h,oos_warm,off,31,25,0.64,0.1417028086555727,0.021519118346970754
ETH/USDT:USDT,4h,oos_warm,freeze,47,35,0.5714285714285714,0.1358441294532184,0.031608978720178725
ETH/USDT:USDT,4h,oos_warm,band,45,33,0.5454545454545454,0.10304410076328441,0.03810758898227841
ETH/USDT:USDT,4h,oos,off,28,22,0.5909090909090909,0.09348490631605255,0.02151911834697082
ETH/USDT:USDT,4h,oos,freeze,40,28,0.5,0.052576474770007736,0.03160897872017874
ETH/USDT:USDT,4h,oos,band,40,28,0.5,0.05235965278173553,0.038107588982278486
SOL/USDT:USDT,1h,full,off,357,280,0.5464285714285714,0.9917816651373589,0.07808988476747407
SOL/USDT:USDT,1h,full,freeze,534,375,0.5653333333333334,2.0986130388927586,0.09344511200762343
SOL/USDT:USDT,1h,full,band,492,337,0.56973293768546,1.778968057577225,0.07180045970476363
SOL/USDT:USDT,1h,is,off,233,187,0.5294117647058824,0.4754535649909289,0.0742376085663804
SOL/USDT:USDT,1h,is,freeze,342,247,0.5587044534412956,1.0674505520868487,0.09344511200762343
SOL/USDT:USDT,1h,is,band,316,224,0.5625,0.9152083554448763,0.07180045970476363
SOL/USDT:USDT,1h,oos_warm,off,124,93,0.5806451612903226,0.3499453404686463,0.04095675731964187
SOL/USDT:USDT,1h,oos_warm,freeze,192,128,0.578125,0.4987604108669355,0.04713203349390439
SOL/USDT:USDT,1h,oos_warm,band,176,113,0.584070796460177,0.4510003831576365,0.04713203349390442
SOL/USDT:USDT,1h,oos,off,117,87,0.5747126436781609,0.3063432069392269,0.04405544250917245
SOL/USDT:USDT,1h,oos,freeze,181,118,0.5677966101694916,0.4040913650618582,0.07048357187004196
SOL/USDT:USDT,1h,oos,band,165,103,0.5728155339805825,0.3593480945460911,0.05419970085578237
SOL/USDT:USDT,2h,full,off,163,136,0.6176470588235294,0.8527849438520574,0.04495639401679082
SOL/USDT:USDT,2h,full,freeze,260,188,0.5957446808510638,1.1642230907321103,0.05832819861965581
SOL/USDT:USDT,2h,full,band,248,175,0.6171428571428571,1.214497661809992,0.05467232918238197
SOL/USDT:USDT,2h,is,off,110,91,0.6153846153846154,0.5417351648459797,0.03174146590129161
SOL/USDT:USDT,2h,is,freeze,173,127,0.5984251968503937,0.7389165698775668,0.041774886692275325
SOL/USDT:USDT,2h,is,band,160,116,0.6206896551724138,0.7659077535734595,0.03456343399835116
SOL/USDT:USDT,2h,oos_warm,off,53,45,0.6222222222222222,0.20175305467405033,0.044956394016790975
SOL/USDT:USDT,2h,oos_warm,freeze,87,61,0.5901639344262295,0.24458132622457415,0.05832819861965564
SOL/USDT:USDT,2h,oos_warm,band,88,59,0.6101694915254238,0.2540279396411124,0.05467232918238214
SOL/USDT:USDT,2h,oos,off,47,39,0.6410256410256411,0.18758332941950703,0.03128353459582673
SOL/USDT:USDT,2h,oos,freeze,72,52,0.5961538461538461,0.20696313146529155,0.036553243652106014
SOL/USDT:USDT,2h,oos,band,73,50,0.62,0.2161242154946931,0.031283534595826785
SOL/USDT:USDT,4h,full,off,88,76,0.5789473684210527,0.33646072631085044,0.04127244900984847
SOL/USDT:USDT,4h,full,freeze,128,95,0.5684210526315789,0.4114802965350533,0.04127244900984851
SOL/USDT:USDT,4h,full,band,118,87,0.5747126436781609,0.39096817647170573,0.04127244900984853
SOL/USDT:USDT,4h,is,off,44,38,0.6052631578947368,0.18396233963451014,0.021101881258520097
SOL/USDT:USDT,4h,is,freeze,59,49,0.5714285714285714,0.19822444769540798,0.032291155676367575
SOL/USDT:USDT,4h,is,band,56,45,0.6,0.22059772254358304,0.0211018812585202
SOL/USDT:USDT,4h,oos_warm,off,44,38,0.5526315789473685,0.1288034100167548,0.04127244900984839
SOL/USDT:USDT,4h,oos_warm,freeze,69,46,0.5652173913043478,0.17797654625542672,0.041272449009848264
SOL/USDT:USDT,4h,oos_warm,band,62,42,0.5476190476190477,0.13957952794888862,0.04127244900984842
SOL/USDT:USDT,4h,oos,off,37,32,0.53125,0.08700831926875599,0.04127244900984824
SOL/USDT:USDT,4h,oos,freeze,55,37,0.5135135135135135,0.08591605616311045,0.0423970134248622
SOL/USDT:USDT,4h,oos,band,48,34,0.5,0.06591497689393072,0.04236766550043196
BNB/USDT:USDT,1h,full,off,296,220,0.6090909090909091,1.067979652057256,0.07825526785664368
BNB/USDT:USDT,1h,full,freeze,420,286,0.5979020979020979,1.336521808995186,0.11615499550852461
BNB/USDT:USDT,1h,full,band,395,257,0.6108949416342413,1.3670022926427854,0.08768640359599865
BNB/USDT:USDT,1h,is,off,190,142,0.6619718309859155,0.8529515079235287,0.046145444488873075
BNB/USDT:USDT,1h,is,freeze,267,191,0.6492146596858639,1.1963472444125942,0.04644506567678418
BNB/USDT:USDT,1h,is,band,248,170,0.6705882352941176,1.1749668158350848,0.046445065676784046
BNB/USDT:USDT,1h,oos_warm,off,106,78,0.5128205128205128,0.11604628788947358,0.0782552678566434
BNB/USDT:USDT,1h,oos_warm,freeze,153,95,0.49473684210526314,0.06382167707733352,0.10987697038943008
BNB/USDT:USDT,1h,oos_warm,band,147,87,0.4942528735632184,0.08829352034686981,0.08768640359599868
BNB/USDT:USDT,1h,oos,off,106,78,0.5128205128205128,0.11604628788947358,0.0782552678566434
BNB/USDT:USDT,1h,oos,freeze,153,95,0.49473684210526314,0.06382167707733352,0.10987697038943008
BNB/USDT:USDT,1h,oos,band,147,87,0.4942528735632184,0.08829352034686981,0.08768640359599868
BNB/USDT:USDT,2h,full,off,127,110,0.6,0.4372065549895562,0.050022862428574566
BNB/USDT:USDT,2h,full,freeze,199,149,0.6040268456375839,0.7404735163692975,0.0429108277885995
BNB/USDT:USDT,2h,full,band,184,135,0.5925925925925926,0.57439190461355,0.0599947686795943
BNB/USDT:USDT,2h,is,off,81,72,0.5972222222222222,0.26212835098232046,0.031835560192388465
BNB/USDT:USDT,2h,is,freeze,132,100,0.59,0.440506206253098,0.04099075000736874
BNB/USDT:USDT,2h,is,band,124,92,0.5978260869565217,0.3861712132964354,0.031835560192388465
BNB/USDT:USDT,2h,oos_warm,off,46,38,0.6052631578947368,0.1387166399288717,0.04291082778859928
BNB/USDT:USDT,2h,oos_warm,freeze,67,49,0.6326530612244898,0.20823742987990645,0.0429108277885995
BNB/USDT:USDT,2h,oos_warm,band,60,43,0.5813953488372093,0.13578459104594184,0.05295738903906982
BNB/USDT:USDT,2h,oos,off,46,38,0.6052631578947368,0.1387166399288717,0.04291082778859928
BNB/USDT:USDT,2h,oos,freeze,67,49,0.6326530612244898,0.20823742987990645,0.0429108277885995
BNB/USDT:USDT,2h,oos,band,60,43,0.5813953488372093,0.13578459104594184,0.05295738903906982
BNB/USDT:USDT,4h,full,off,71,61,0.6229508196721312,0.3620290124854666,0.03655780647703523
BNB/USDT:USDT,4h,full,freeze,121,87,0.5977011494252874,0.464456562574909,0.05080400713204791
BNB/USDT:USDT,4h,full,band,102,72,0.5833333333333334,0.3399844007474641,0.04288853896459074
BNB/USDT:USDT,4h,is,off,46,40,0.625,0.2251429162465778,0.03637846249162794
BNB/USDT:USDT,4h,is,freeze,81,57,0.5964912280701754,0.27833255064579554,0.05080400713204791
BNB/USDT:USDT,4h,is,band,68,46,0.5652173913043478,0.17896398713749295,0.0408117739320388
BNB/USDT:USDT,4h,oos_warm,off,25,21,0.6190476190476191,0.11173071681976599,0.036557806477035396
BNB/USDT:USDT,4h,oos_warm,freeze,40,30,0.6,0.14559905545320453,0.04288853896459064
BNB/USDT:USDT,4h,oos_warm,band,34,26,0.6153846153846154,0.13657788988188332,0.04288853896459084
BNB/USDT:USDT,4h,oos,off,24,20,0.6,0.09574202653707779,0.036557806477035264
BNB/USDT:USDT,4h,oos,freeze,37,27,0.5925925925925926,0.12460673928057021,0.042888538964590966
BNB/USDT:USDT,4h,oos,band,31,23,0.5652173913043478,0.08882516544519513,0.042888538964590966
XRP/USDT:USDT,1h,full,off,317,246,0.6219512195121951,1.510248694624167,0.09908367511846773
XRP/USDT:USDT,1h,full,freeze,466,311,0.617363344051447,2.22575120770464,0.10426307426575235
XRP/USDT:USDT,1h,full,band,444,285,0.6280701754385964,2.01509937450823,0.09908367511846784
XRP/USDT:USDT,1h,is,off,189,153,0.673202614379085,1.1599659258078006,0.0346411745061265
XRP/USDT:USDT,1h,is,freeze,297,203,0.6748768472906403,1.9006568398665609,0.03577439335874629
XRP/USDT:USDT,1h,is,band,282,187,0.6737967914438503,1.574500988321267,0.0357743933587466
XRP/USDT:USDT,1h,oos_warm,off,127,93,0.5376344086021505,0.1621705067802708,0.09908367511846748
XRP/USDT:USDT,1h,oos_warm,freeze,168,108,0.5092592592592593,0.11207612130121343,0.10426307426575258
XRP/USDT:USDT,1h,oos_warm,band,161,98,0.5408163265306123,0.17113933464607434,0.09908367511846815
XRP/USDT:USDT,1h,oos,off,126,92,0.5434782608695652,0.17480439699666167,0.09908367511846798
XRP/USDT:USDT,1h,oos,freeze,167,107,0.514018691588785,0.12416543827047154,0.1042630742657525
XRP/USDT:USDT,1h,oos,band,160,97,0.5463917525773195,0.18387072448576983,0.09908367511846808
XRP/USDT:USDT,2h,full,off,132,101,0.594059405940594,0.4491155349680197,0.05855866721603162
XRP/USDT:USDT,2h,full,freeze,184,135,0.6,0.6549245194699582,0.05301746572735802
XRP/USDT:USDT,2h,full,band,181,129,0.6201550387596899,0.7191474174870582,0.05239627381833591
XRP/USDT:USDT,2h,is,off,85,64,0.640625,0.36443960117079366,0.04179022096261457
XRP/USDT:USDT,2h,is,freeze,119,93,0.6451612903225806,0.5816651547175916,0.041790220962614484
XRP/USDT:USDT,2h,is,band,120,89,0.651685393258427,0.5700532715675668,0.04179022096261452
XRP/USDT:USDT,2h,oos_warm,off,47,37,0.5135135135135135,0.06205912942175564,0.052396273818335726
XRP/USDT:USDT,2h,oos_warm,freeze,65,42,0.5,0.046317872359935064,0.05239627381833578
XRP/USDT:USDT,2h,oos_warm,band,61,40,0.55,0.09496120203019236,0.0523962738183358
XRP/USDT:USDT,2h,oos,off,46,36,0.5,0.04679165950842817,0.062368388861728775
XRP/USDT:USDT,2h,oos,freeze,64,41,0.4878048780487805,0.031276688499738706,0.062368388861729
XRP/USDT:USDT,2h,oos,band,60,39,0.5384615384615384,0.07922075336293329,0.062368388861728984
XRP/USDT:USDT,4h,full,off,69,58,0.5862068965517241,0.2354777687168118,0.04197993634679846
XRP/USDT:USDT,4h,full,freeze,95,75,0.5866666666666667,0.31536233292717025,0.04197993634679838
XRP/USDT:USDT,4h,full,band,89,70,0.5857142857142857,0.2875981795608041,0.04197993634679854
XRP/USDT:USDT,4h,is,off,38,33,0.696969696969697,0.2347375290027705,0.02063510019025182
XRP/USDT:USDT,4h,is,freeze,53,44,0.6363636363636364,0.24725117490528173,0.03665643276135578
XRP/USDT:USDT,4h,is,band,51,43,0.6511627906976745,0.260028488057978,0.03671628753202168
XRP/USDT:USDT,4h,oos_warm,off,31,25,0.44,0.0005995117963564553,0.0419799363467986
XRP/USDT:USDT,4h,oos_warm,freeze,42,31,0.5161290322580645,0.054609014922002465,0.041979936346798474
XRP/USDT:USDT,4h,oos_warm,band,38,27,0.48148148148148145,0.02188021283972539,0.041979936346798426
XRP/USDT:USDT,4h,oos,off,31,25,0.44,0.0005995117963564553,0.0419799363467986
XRP/USDT:USDT,4h,oos,freeze,42,31,0.5161290322580645,0.054609014922002465,0.041979936346798474
XRP/USDT:USDT,4h,oos,band,38,27,0.48148148148148145,0.02188021283972539,0.041979936346798426
TRX/USDT:USDT,1h,full,off,330,227,0.6299559471365639,1.0297312523163895,0.03997905408746935
TRX/USDT:USDT,1h,full,freeze,468,299,0.6086956521739131,1.3006226190755563,0.053863969893829744
TRX/USDT:USDT,1h,full,band,435,265,0.6150943396226415,1.1719190643106994,0.04340544553746146
TRX/USDT:USDT,1h,is,off,220,162,0.6666666666666666,0.9194723486066446,0.037796350500005495
TRX/USDT:USDT,1h,is,freeze,325,215,0.6372093023255814,1.1103276287948771,0.053863969893829744
TRX/USDT:USDT,1h,is,band,301,191,0.6387434554973822,0.9769447077270371,0.04340544553746146
TRX/USDT:USDT,1h,oos_warm,off,110,65,0.5384615384615384,0.05744229855136036,0.03997905408746925
TRX/USDT:USDT,1h,oos_warm,freeze,143,84,0.5357142857142857,0.090173197604085,0.04054941318984743
TRX/USDT:USDT,1h,oos_warm,band,134,74,0.5540540540540541,0.09862408180744424,0.03997905408746908
TRX/USDT:USDT,1h,oos,off,110,65,0.5384615384615384,0.05744229855136036,0.03997905408746925
TRX/USDT:USDT,1h,oos,freeze,143,84,0.5357142857142857,0.090173197604085,0.04054941318984743
TRX/USDT:USDT,1h,oos,band,134,74,0.5540540540540541,0.09862408180744424,0.03997905408746908
TRX/USDT:USDT,2h,full,off,154,123,0.5772357723577236,0.4148815538542105,0.05259096915375213
TRX/USDT:USDT,2h,full,freeze,226,169,0.6094674556213018,0.8357383812207889,0.05259096915375212
TRX/USDT:USDT,2h,full,band,212,153,0.5947712418300654,0.6582749000634689,0.0525909691537522
TRX/USDT:USDT,2h,is,off,99,81,0.5802469135802469,0.29258248592237157,0.05259096915375213
TRX/USDT:USDT,2h,is,freeze,142,108,0.6018518518518519,0.5007062691326266,0.05259096915375212
TRX/USDT:USDT,2h,is,band,134,98,0.5918367346938775,0.40152698866842546,0.0525909691537522
TRX/USDT:USDT,2h,oos_warm,off,55,42,0.5714285714285714,0.09461606455588571,0.0216291330677984
TRX/USDT:USDT,2h,oos_warm,freeze,84,61,0.6229508196721312,0.22324962517935146,0.025870027730453115
TRX/USDT:USDT,2h,oos_warm,band,78,55,0.6,0.18319155711655385,0.04097267818866726
TRX/USDT:USDT,2h,oos,off,55,42,0.5714285714285714,0.09461606455588571,0.0216291330677984
TRX/USDT:USDT,2h,oos,freeze,84,61,0.6229508196721312,0.22324962517935146,0.025870027730453115
TRX/USDT:USDT,2h,oos,band,78,55,0.6,0.18319155711655385,0.04097267818866726
TRX/USDT:USDT,4h,full,off,86,69,0.6666666666666666,0.44725889971466115,0.03174749222355513
TRX/USDT:USDT,4h,full,freeze,132,96,0.6666666666666666,0.6384068763498635,0.04355268713506392
TRX/USDT:USDT,4h,full,band,121,85,0.6470588235294118,0.5206296454139483,0.04332446806778084
TRX/USDT:USDT,4h,is,off,50,44,0.75,0.38383514487184145,0.03174749222355513
TRX/USDT:USDT,4h,is,freeze,79,60,0.7333333333333333,0.5146095882636555,0.031747492223555114
TRX/USDT:USDT,4h,is,band,72,53,0.7547169811320755,0.4847450239032591,0.031747492223555045
TRX/USDT:USDT,4h,oos_warm,off,36,25,0.52,0.04583187172103026,0.022644133622070562
TRX/USDT:USDT,4h,oos_warm,freeze,53,36,0.5555555555555556,0.08173544459607511,0.04355268713506409
TRX/USDT:USDT,4h,oos_warm,band,49,32,0.46875,0.02416887811238612,0.04332446806778075
TRX/USDT:USDT,4h,oos,off,36,25,0.52,0.04583187172103026,0.022644133622070562
TRX/USDT:USDT,4h,oos,freeze,53,36,0.5555555555555556,0.08173544459607511,0.04355268713506409
TRX/USDT:USDT,4h,oos,band,49,32,0.46875,0.02416887811238612,0.04332446806778075
DOGE/USDT:USDT,1h,full,off,292,232,0.6077586206896551,1.385969872403974,0.058709688351933555
DOGE/USDT:USDT,1h,full,freeze,431,288,0.5763888888888888,1.3744854241259015,0.07756009381182909
DOGE/USDT:USDT,1h,full,band,413,268,0.5708955223880597,1.170829517978415,0.0708498827513385
DOGE/USDT:USDT,1h,is,off,185,143,0.6713286713286714,1.1806061751480854,0.048836547558539986
DOGE/USDT:USDT,1h,is,freeze,276,181,0.6243093922651933,1.192959931899475,0.049549102259239385
DOGE/USDT:USDT,1h,is,band,269,169,0.6272189349112426,1.0940846928118317,0.0495491022592393
DOGE/USDT:USDT,1h,oos_warm,off,107,89,0.5056179775280899,0.09417734371129281,0.058709688351933895
DOGE/USDT:USDT,1h,oos_warm,freeze,155,107,0.4953271028037383,0.08277647465687969,0.0775600938118288
DOGE/USDT:USDT,1h,oos_warm,band,144,99,0.47474747474747475,0.03664838649077355,0.07084988275133848
DOGE/USDT:USDT,1h,oos,off,107,89,0.5056179775280899,0.09417734371129281,0.058709688351933895
DOGE/USDT:USDT,1h,oos,freeze,155,107,0.4953271028037383,0.08277647465687969,0.0775600938118288
DOGE/USDT:USDT,1h,oos,band,144,99,0.47474747474747475,0.03664838649077355,0.07084988275133848
DOGE/USDT:USDT,2h,full,off,140,116,0.5948275862068966,0.48290232455052284,0.0708308549632522
DOGE/USDT:USDT,2h,full,freeze,221,155,0.6064516129032258,0.7405892060354788,0.05385237799386363
DOGE/USDT:USDT,2h,full,band,208,143,0.6153846153846154,0.7093419906175256,0.06710162777748668
DOGE/USDT:USDT,2h,is,off,78,66,0.6515151515151515,0.3776818127714689,0.031692113068049775
DOGE/USDT:USDT,2h,is,freeze,126,94,0.6595744680851063,0.5713136802297771,0.03777520333785411
DOGE/USDT:USDT,2h,is,band,120,87,0.6666666666666666,0.5533457032151651,0.03777520333785401
DOGE/USDT:USDT,2h,oos_warm,off,62,50,0.52,0.07637504596753224,0.07083085496325257
DOGE/USDT:USDT,2h,oos_warm,freeze,95,61,0.5245901639344263,0.10772866546986934,0.05385237799386289
DOGE/USDT:USDT,2h,oos_warm,band,88,56,0.5357142857142857,0.10042599472833026,0.06710162777748653
DOGE/USDT:USDT,2h,oos,off,56,45,0.4888888888888889,0.03622354040957853,0.07083085496325257
DOGE/USDT:USDT,2h,oos,freeze,76,53,0.4716981132075472,0.030061815320586903,0.06624688643293705
DOGE/USDT:USDT,2h,oos,band,70,49,0.4897959183673469,0.036825365584375686,0.06710162777748653
DOGE/USDT:USDT,4h,full,off,82,63,0.5873015873015873,0.25486366933716254,0.043010507965810615
DOGE/USDT:USDT,4h,full,freeze,134,86,0.627906976744186,0.4674852480785874,0.031019018951013274
DOGE/USDT:USDT,4h,full,band,126,74,0.6216216216216216,0.38127871240282546,0.04303535563754712
DOGE/USDT:USDT,4h,is,off,50,41,0.5853658536585366,0.17224664190285038,0.043010507965810615
DOGE/USDT:USDT,4h,is,freeze,80,52,0.6153846153846154,0.26076948840387687,0.031019018951013274
DOGE/USDT:USDT,4h,is,band,75,46,0.6086956521739131,0.22959019784518406,0.04303535563754712
DOGE/USDT:USDT,4h,oos_warm,off,32,22,0.5909090909090909,0.070477512565277,0.026872158241135955
DOGE/USDT:USDT,4h,oos_warm,freeze,54,34,0.6470588235294118,0.16395999552337798,0.0213986518624266
DOGE/USDT:USDT,4h,oos_warm,band,51,28,0.6428571428571429,0.12336509743121823,0.021828266228835515
DOGE/USDT:USDT,4h,oos,off,27,19,0.5789473684210527,0.061538799794255285,0.02132968063638109
DOGE/USDT:USDT,4h,oos,freeze,43,29,0.6206896551724138,0.11207663466498798,0.02132968063638089
DOGE/USDT:USDT,4h,oos,band,37,22,0.5909090909090909,0.07750091817697503,0.02132968063638099
LINK/USDT:USDT,1h,full,off,329,266,0.5488721804511278,0.891616080816185,0.06055816693638752
LINK/USDT:USDT,1h,full,freeze,490,335,0.5522388059701493,1.2929420227286261,0.08704229127003683
LINK/USDT:USDT,1h,full,band,465,312,0.5673076923076923,1.2846311193609137,0.06274227400483295
LINK/USDT:USDT,1h,is,off,220,174,0.5804597701149425,0.7202269154666399,0.06055816693638752
LINK/USDT:USDT,1h,is,freeze,321,223,0.5874439461883408,1.08727662364117,0.06727595177690326
LINK/USDT:USDT,1h,is,band,296,202,0.5891089108910891,0.91981133373802,0.06055816693638762
LINK/USDT:USDT,1h,oos_warm,off,109,92,0.4891304347826087,0.09963171940200173,0.05745764199138006
LINK/USDT:USDT,1h,oos_warm,freeze,169,112,0.48214285714285715,0.09853289054168708,0.08704229127003708
LINK/USDT:USDT,1h,oos_warm,band,169,110,0.5272727272727272,0.19002897795824464,0.06274227400483325
LINK/USDT:USDT,1h,oos,off,105,88,0.4659090909090909,0.0488561780015094,0.06266510990441726
LINK/USDT:USDT,1h,oos,freeze,157,106,0.46226415094339623,0.03275352293532742,0.08784116713813431
LINK/USDT:USDT,1h,oos,band,150,98,0.46938775510204084,0.0642194253152009,0.065749946551978
LINK/USDT:USDT,2h,full,off,145,119,0.5294117647058824,0.29414032748321844,0.07766892598601428
LINK/USDT:USDT,2h,full,freeze,208,153,0.5359477124183006,0.4337029904799678,0.10529352841526024
LINK/USDT:USDT,2h,full,band,195,140,0.55,0.4666771562396065,0.09599455265236002
LINK/USDT:USDT,2h,is,off,93,75,0.5733333333333334,0.2663370052892196,0.07766892598601428
LINK/USDT:USDT,2h,is,freeze,137,101,0.5841584158415841,0.4074493112340886,0.06176088310959909
LINK/USDT:USDT,2h,is,band,127,91,0.6043956043956044,0.4377192876624635,0.06300397009797465
LINK/USDT:USDT,2h,oos_warm,off,52,44,0.45454545454545453,0.021955705375322942,0.07132734686428918
LINK/USDT:USDT,2h,oos_warm,freeze,71,52,0.4423076923076923,0.018653374609178354,0.10529352841526013
LINK/USDT:USDT,2h,oos_warm,band,68,49,0.4489795918367347,0.020141531678429418,0.09599455265236048
LINK/USDT:USDT,2h,oos,off,51,43,0.4418604651162791,0.007082772373014996,0.0778529407927208
LINK/USDT:USDT,2h,oos,freeze,68,49,0.40816326530612246,-0.02498157533536869,0.10529352841526013
LINK/USDT:USDT,2h,oos,band,65,46,0.41304347826086957,-0.023557164836683298,0.09599455265236048
LINK/USDT:USDT,4h,full,off,66,59,0.6101694915254238,0.31414487056924334,0.04108371641767411
LINK/USDT:USDT,4h,full,freeze,103,75,0.5733333333333334,0.3262249230621148,0.04370735194864245
LINK/USDT:USDT,4h,full,band,89,66,0.6212121212121212,0.3788020792301015,0.04108371641767411
LINK/USDT:USDT,4h,is,off,46,40,0.55,0.13585981168488015,0.04108371641767411
LINK/USDT:USDT,4h,is,freeze,72,52,0.5384615384615384,0.1698046332570926,0.04370735194864245
LINK/USDT:USDT,4h,is,band,64,46,0.5652173913043478,0.1777808030974449,0.04108371641767411
LINK/USDT:USDT,4h,oos_warm,off,20,19,0.7368421052631579,0.15696044269750437,0.01057822855703581
LINK/USDT:USDT,4h,oos_warm,freeze,31,23,0.6521739130434783,0.1337148831164237,0.02093132348943575
LINK/USDT:USDT,4h,oos_warm,band,25,20,0.75,0.17067800358436053,0.01057822855703581
LINK/USDT:USDT,4h,oos,off,20,19,0.7368421052631579,0.15696044269750437,0.01057822855703581
LINK/USDT:USDT,4h,oos,freeze,31,23,0.6521739130434783,0.1337148831164237,0.02093132348943575
LINK/USDT:USDT,4h,oos,band,25,20,0.75,0.17067800358436053,0.01057822855703581
LTC/USDT:USDT,1h,full,off,303,242,0.5454545454545454,0.549485978278709,0.08580892212189543
LTC/USDT:USDT,1h,full,freeze,427,294,0.5510204081632653,0.8482196791439579,0.09592807787986032
LTC/USDT:USDT,1h,full,band,415,278,0.5611510791366906,0.8137537756607744,0.09592807787986037
LTC/USDT:USDT,1h,is,off,193,158,0.5632911392405063,0.3963446677840053,0.08580892212189543
LTC/USDT:USDT,1h,is,freeze,267,189,0.5608465608465608,0.5323042282636766,0.09592807787986032
LTC/USDT:USDT,1h,is,band,264,181,0.580110497237569,0.5634456339406255,0.09592807787986037
LTC/USDT:USDT,1h,oos_warm,off,110,84,0.5119047619047619,0.10967300124956873,0.07958650875956336
LTC/USDT:USDT,1h,oos_warm,freeze,160,105,0.5333333333333333,0.20617018804304807,0.0827348437293331
LTC/USDT:USDT,1h,oos_warm,band,151,97,0.5257731958762887,0.1601003170729071,0.08943615951007576
LTC/USDT:USDT,1h,oos,off,110,84,0.5119047619047619,0.10967300124956873,0.07958650875956336
LTC/USDT:USDT,1h,oos,freeze,160,105,0.5333333333333333,0.20617018804304807,0.0827348437293331
LTC/USDT:USDT,1h,oos,band,151,97,0.5257731958762887,0.1601003170729071,0.08943615951007576
LTC/USDT:USDT,2h,full,off,131,120,0.6,0.5179563438310377,0.032552225092782786
LTC/USDT:USDT,2h,full,freeze,203,150,0.5933333333333334,0.6900720956315461,0.04885612365707159
LTC/USDT:USDT,2h,full,band,197,139,0.5971223021582733,0.6390096831529296,0.03846444919207462
LTC/USDT:USDT,2h,is,off,79,73,0.6301369863013698,0.38025196138483713,0.03139056807109708
LTC/USDT:USDT,2h,is,freeze,118,92,0.6195652173913043,0.49147284169774286,0.03139056807109718
LTC/USDT:USDT,2h,is,band,117,88,0.625,0.4784213886523532,0.03139056807109708
LTC/USDT:USDT,2h,oos_warm,off,52,47,0.5531914893617021,0.09976756874740476,0.03255222509278269
LTC/USDT:USDT,2h,oos_warm,freeze,85,58,0.5517241379310345,0.13315646680347018,0.04885612365707203
LTC/USDT:USDT,2h,oos_warm,band,80,51,0.5490196078431373,0.10862146322636727,0.038464449192074666
LTC/USDT:USDT,2h,oos,off,52,47,0.5531914893617021,0.09976756874740476,0.03255222509278269
LTC/USDT:USDT,2h,oos,freeze,85,58,0.5517241379310345,0.13315646680347018,0.04885612365707203
LTC/USDT:USDT,2h,oos,band,80,51,0.5490196078431373,0.10862146322636727,0.038464449192074666
LTC/USDT:USDT,4h,full,off,67,53,0.5849056603773585,0.23283807980148685,0.041083316098326994
LTC/USDT:USDT,4h,full,freeze,100,66,0.5606060606060606,0.24641020391351012,0.04108331609832712
LTC/USDT:USDT,4h,full,band,99,63,0.5555555555555556,0.22572874444722948,0.040945136121007704
LTC/USDT:USDT,4h,is,off,30,28,0.6071428571428571,0.13606613648226612,0.02085845513354908
LTC/USDT:USDT,4h,is,freeze,45,34,0.5588235294117647,0.1222060329007587,0.027469452799500752
LTC/USDT:USDT,4h,is,band,44,33,0.5757575757575758,0.13402030023477818,0.02754871998101196
LTC/USDT:USDT,4h,oos_warm,off,37,25,0.56,0.08518161065769182,0.04108331609832715
LTC/USDT:USDT,4h,oos_warm,freeze,55,32,0.5625,0.11067858073414555,0.04108331609832699
LTC/USDT:USDT,4h,oos_warm,band,55,30,0.5333333333333333,0.0808701962332283,0.04094513612100771
LTC/USDT:USDT,4h,oos,off,37,25,0.56,0.08518161065769182,0.04108331609832715
LTC/USDT:USDT,4h,oos,freeze,55,32,0.5625,0.11067858073414555,0.04108331609832699
LTC/USDT:USDT,4h,oos,band,55,30,0.5333333333333333,0.0808701962332283,0.04094513612100771
BTC/USDT:USDT,15m,full,off,1445,658,0.574468085106383,1.4265348162462506,0.07786616736453142
BTC/USDT:USDT,15m,full,freeze,1886,879,0.5813424345847554,2.2898590260595797,0.0939906252333531
BTC/USDT:USDT,15m,full,band,1836,807,0.5898389095415117,2.3064729228802956,0.08440324599659252
BTC/USDT:USDT,15m,is,off,937,484,0.5991735537190083,1.3068510163713027,0.07038482531685077
BTC/USDT:USDT,15m,is,freeze,1259,628,0.6019108280254777,1.9133578109001326,0.06869586092016419
BTC/USDT:USDT,15m,is,band,1228,584,0.6078767123287672,1.8809748449777803,0.07293215571671827
BTC/USDT:USDT,15m,oos_warm,off,508,174,0.5057471264367817,0.05188189398689956,0.07786616736453107
BTC/USDT:USDT,15m,oos_warm,freeze,627,251,0.5298804780876494,0.129232740911807,0.0939906252333532
BTC/USDT:USDT,15m,oos_warm,band,608,223,0.5426008968609866,0.14769239608053414,0.08440324599659227
BTC/USDT:USDT,15m,oos,off,506,172,0.5058139534883721,0.046079794584702904,0.07786616736453124
BTC/USDT:USDT,15m,oos,freeze,623,248,0.532258064516129,0.13404407281172026,0.09399062523335283
BTC/USDT:USDT,15m,oos,band,604,220,0.5454545454545454,0.15293353859419895,0.08440324599659263
ETH/USDT:USDT,15m,full,off,1373,806,0.5744416873449132,2.4319116459826806,0.06716887238616706
ETH/USDT:USDT,15m,full,freeze,1819,1056,0.5710227272727273,3.886859881353011,0.10035627204732903
ETH/USDT:USDT,15m,full,band,1740,951,0.5846477392218717,4.078804902315749,0.08651892601905196
ETH/USDT:USDT,15m,is,off,848,503,0.5785288270377733,1.5239265888594997,0.06716887238616706
ETH/USDT:USDT,15m,is,freeze,1107,640,0.56875,1.8769185269678117,0.10035627204732903
ETH/USDT:USDT,15m,is,band,1064,585,0.5863247863247864,2.1165340126669556,0.08651892601905196
ETH/USDT:USDT,15m,oos_warm,off,525,303,0.5676567656765676,0.359750977358449,0.06320855804134504
ETH/USDT:USDT,15m,oos_warm,freeze,712,416,0.5745192307692307,0.6986438216947434,0.06907776673754962
ETH/USDT:USDT,15m,oos_warm,band,676,366,0.5819672131147541,0.6296324319494856,0.06477119043249466
ETH/USDT:USDT,15m,oos,off,520,298,0.5604026845637584,0.3100011324632842,0.06320855804134477
ETH/USDT:USDT,15m,oos,freeze,703,407,0.5651105651105651,0.5884552253539752,0.06907776673754998
ETH/USDT:USDT,15m,oos,band,667,357,0.5714285714285714,0.5239205058031652,0.06477119043249446
SOL/USDT:USDT,15m,full,off,1624,1172,0.5708191126279863,6.03449705418954,0.14523062600629208
SOL/USDT:USDT,15m,full,freeze,2381,1526,0.5563564875491481,8.990583532728746,0.1702922497553432
SOL/USDT:USDT,15m,full,band,2266,1379,0.5670775924583031,8.422567316308829,0.1679746067575545
SOL/USDT:USDT,15m,is,off,1045,768,0.5651041666666666,2.8142495543180885,0.14523062600629208
SOL/USDT:USDT,15m,is,freeze,1534,991,0.5590312815338042,4.678709334567439,0.1702922497553432
SOL/USDT:USDT,15m,is,band,1465,906,0.5684326710816777,4.194162705481412,0.1679746067575545
SOL/USDT:USDT,15m,oos_warm,off,579,404,0.5816831683168316,0.8442676479376718,0.04623006200663437
SOL/USDT:USDT,15m,oos_warm,freeze,847,535,0.5514018691588785,0.7593053181845513,0.06259432532850823
SOL/USDT:USDT,15m,oos_warm,band,801,473,0.5644820295983086,0.8140685709296649,0.05478521568529823
SOL/USDT:USDT,15m,oos,off,567,392,0.576530612244898,0.7283227093936563,0.04623006200663411
SOL/USDT:USDT,15m,oos,freeze,822,513,0.543859649122807,0.5409520243251889,0.06600649823379806
SOL/USDT:USDT,15m,oos,band,779,453,0.5540838852097131,0.5607167689268521,0.0547852156852987
BNB/USDT:USDT,15m,full,off,1420,769,0.5591677503250976,1.7640360332813234,0.059936589297976885
BNB/USDT:USDT,15m,full,freeze,1904,1008,0.5744047619047619,3.8731904513779765,0.06149581394195388
BNB/USDT:USDT,15m,full,band,1845,931,0.5789473684210527,3.490141527396865,0.059478646258787765
BNB/USDT:USDT,15m,is,off,976,582,0.570446735395189,1.6053250542107627,0.0594786462587877
BNB/USDT:USDT,15m,is,freeze,1330,752,0.586436170212766,3.3367724442349624,0.054130934449481624
BNB/USDT:USDT,15m,is,band,1280,692,0.5852601156069365,2.757232667252174,0.059478646258787765
BNB/USDT:USDT,15m,oos_warm,off,444,187,0.5240641711229946,0.06091791840486439,0.050827067418110085
BNB/USDT:USDT,15m,oos_warm,freeze,574,256,0.5390625,0.12369060494656368,0.06149581394195407
BNB/USDT:USDT,15m,oos_warm,band,565,239,0.5606694560669456,0.19506613645002072,0.05726826077905146
BNB/USDT:USDT,15m,oos,off,441,184,0.5217391304347826,0.04618993476823907,0.05082706741810966
BNB/USDT:USDT,15m,oos,freeze,570,253,0.5375494071146245,0.1080911918768279,0.06149581394195379
BNB/USDT:USDT,15m,oos,band,561,236,0.559322033898305,0.17847586664971113,0.05726826077905203
XRP/USDT:USDT,15m,full,off,1422,933,0.602357984994641,6.269027813732596,0.08125888886558749
XRP/USDT:USDT,15m,full,freeze,2031,1210,0.5933884297520661,9.751697498911895,0.07948839648146361
XRP/USDT:USDT,15m,full,band,1978,1122,0.6016042780748663,9.46883124533708,0.0734438788308043
XRP/USDT:USDT,15m,is,off,887,613,0.6231647634584013,3.7808507153430093,0.08125888886558749
XRP/USDT:USDT,15m,is,freeze,1262,788,0.616751269035533,5.564837763487578,0.07948839648146361
XRP/USDT:USDT,15m,is,band,1242,741,0.6261808367071525,5.464695108360847,0.0734438788308043
XRP/USDT:USDT,15m,oos_warm,off,535,320,0.5625,0.5204465160153122,0.06062616203143356
XRP/USDT:USDT,15m,oos_warm,freeze,769,422,0.5497630331753555,0.6377704805914444,0.06807426843985936
XRP/USDT:USDT,15m,oos_warm,band,736,381,0.5538057742782152,0.6193851480787776,0.06675061152013949
XRP/USDT:USDT,15m,oos,off,535,320,0.5625,0.5204465160153122,0.06062616203143356
XRP/USDT:USDT,15m,oos,freeze,769,422,0.5497630331753555,0.6377704805914444,0.06807426843985936
XRP/USDT:USDT,15m,oos,band,736,381,0.5538057742782152,0.6193851480787776,0.06675061152013949
TRX/USDT:USDT,15m,full,off,1349,529,0.5255198487712666,0.509344540454654,0.12357959260501504
TRX/USDT:USDT,15m,full,freeze,1654,687,0.5342066957787481,0.6939206494427548,0.12440911587403639
TRX/USDT:USDT,15m,full,band,1606,628,0.5334394904458599,0.7126495737170713,0.10307223480354757
TRX/USDT:USDT,15m,is,off,906,450,0.5355555555555556,0.5135176448144882,0.12357959260501504
TRX/USDT:USDT,15m,is,freeze,1173,587,0.5383304940374787,0.6373724238855195,0.12440911587403639
TRX/USDT:USDT,15m,is,band,1136,539,0.5398886827458256,0.6828543898947006,0.10307223480354757
TRX/USDT:USDT,15m,oos_warm,off,443,79,0.46835443037974683,-0.0027572221401802382,0.05652769259396417
TRX/USDT:USDT,15m,oos_warm,freeze,481,100,0.51,0.034535958180512714,0.050025474661139026
TRX/USDT:USDT,15m,oos_warm,band,470,89,0.4943820224719101,0.01770514668487358,0.05599851460632667
TRX/USDT:USDT,15m,oos,off,440,79,0.46835443037974683,-0.0027572221401802382,0.05652769259396417
TRX/USDT:USDT,15m,oos,freeze,478,100,0.51,0.034535958180512714,0.050025474661139026
TRX/USDT:USDT,15m,oos,band,467,89,0.4943820224719101,0.01770514668487358,0.05599851460632667
DOGE/USDT:USDT,15m,full,off,1398,983,0.595116988809766,6.704046603707319,0.06389071968792986
DOGE/USDT:USDT,15m,full,freeze,2060,1313,0.5948210205635949,14.03077645743812,0.08568865098401954
DOGE/USDT:USDT,15m,full,band,1974,1207,0.6072908036454018,14.126213678857525,0.08552652982739016
DOGE/USDT:USDT,15m,is,off,851,597,0.6180904522613065,3.6621468611046324,0.061737924425504014
DOGE/USDT:USDT,15m,is,freeze,1255,800,0.61375,6.366240882499795,0.06731677159070927
DOGE/USDT:USDT,15m,is,band,1210,740,0.6256756756756757,6.280267549590398,0.06963212672773274
DOGE/USDT:USDT,15m,oos_warm,off,547,386,0.5595854922279793,0.6524675934129526,0.06389071968792982
DOGE/USDT:USDT,15m,oos_warm,freeze,805,513,0.5653021442495126,1.0404948327371677,0.08122492141034789
DOGE/USDT:USDT,15m,oos_warm,band,764,467,0.5781584582441114,1.0777002460175518,0.08552652982739015
DOGE/USDT:USDT,15m,oos,off,541,381,0.5590551181102362,0.6463777866094722,0.0638907196879302
DOGE/USDT:USDT,15m,oos,freeze,794,504,0.5634920634920635,1.0142487316070492,0.08122492141034796
DOGE/USDT:USDT,15m,oos,band,753,458,0.5764192139737991,1.050975585949732,0.08552652982739024
LINK/USDT:USDT,15m,full,off,1481,1037,0.5689488910318226,4.452182049768578,0.08025072246757524
LINK/USDT:USDT,15m,full,freeze,2158,1352,0.5488165680473372,4.795776923447497,0.09617573603912359
LINK/USDT:USDT,15m,full,band,2040,1195,0.5715481171548117,6.223804425333211,0.0855413845039422
LINK/USDT:USDT,15m,is,off,914,665,0.5699248120300752,2.357900397197208,0.08025072246757524
LINK/USDT:USDT,15m,is,freeze,1334,860,0.5558139534883721,2.9645868546322847,0.08870042507905494
LINK/USDT:USDT,15m,is,band,1265,769,0.576072821846554,3.2869884313418845,0.0855413845039422
LINK/USDT:USDT,15m,oos_warm,off,567,372,0.5672043010752689,0.6236878420573286,0.05526190008979297
LINK/USDT:USDT,15m,oos_warm,freeze,824,492,0.5365853658536586,0.46188673270598557,0.09617573603912359
LINK/USDT:USDT,15m,oos_warm,band,775,426,0.5633802816901409,0.6850533984464393,0.06542156309091034
LINK/USDT:USDT,15m,oos,off,564,369,0.5636856368563685,0.578394287572953,0.05526190008979297
LINK/USDT:USDT,15m,oos,freeze,815,486,0.5349794238683128,0.4354893932479492,0.09617573603912359
LINK/USDT:USDT,15m,oos,band,767,421,0.5605700712589073,0.6373232194139937,0.06542156309091034
LTC/USDT:USDT,15m,full,off,1528,960,0.5583333333333333,2.404413390134322,0.06599030567211586
LTC/USDT:USDT,15m,full,freeze,2108,1222,0.5572831423895254,3.5346581416893934,0.13021127837155394
LTC/USDT:USDT,15m,full,band,2014,1118,0.5644007155635062,3.4483703431621646,0.1079301208323974
LTC/USDT:USDT,15m,is,off,944,618,0.5760517799352751,1.7920604969670675,0.051972657980648256
LTC/USDT:USDT,15m,is,freeze,1315,789,0.5766793409378961,2.6622441694565526,0.06507236710467826
LTC/USDT:USDT,15m,is,band,1255,722,0.5844875346260388,2.455832065938602,0.06799507059213383
LTC/USDT:USDT,15m,oos_warm,off,584,342,0.5263157894736842,0.21931934993257837,0.06599030567211675
LTC/USDT:USDT,15m,oos_warm,freeze,793,433,0.5219399538106235,0.23821840703819053,0.13021127837155363
LTC/USDT:USDT,15m,oos_warm,band,759,396,0.5277777777777778,0.28720674450770695,0.10793012083239731
LTC/USDT:USDT,15m,oos,off,581,339,0.5250737463126843,0.2202932984176703,0.06599030567211671
LTC/USDT:USDT,15m,oos,freeze,787,429,0.5198135198135199,0.23309620295765746,0.12086687581713502
LTC/USDT:USDT,15m,oos,band,753,392,0.5255102040816326,0.2818818877605216,0.09834634508280249
