symbol,timeframe,segment,arm,fill,eligible,filled,num_trades,fill_rate,total_return,max_drawdown,win_rate,sharpe,mean_gross_r,mean_net_r,net_r_win,net_r_loss,hold_bars_median,n_take_profit,n_stop_loss,n_end_of_data
BTC/USDT:USDT,4h,full,fixed_1.5r,baseline,86,60,52,0.6976744186046512,0.2580248461440513,0.0525647001677471,0.6346153846153846,17.960288868970725,0.5865384615384616,0.5012970453029781,1.4064771632500153,-1.0708578963945077,2.0125,33,19,0
BTC/USDT:USDT,4h,full,ob_extend,baseline,86,60,52,0.6976744186046512,0.2683831753508357,0.0525647001677472,0.6346153846153846,18.50586617640147,0.6163812905422651,0.5311130217292441,1.4534599139823132,-1.0708578963945077,1.8979166666666667,33,19,0
BTC/USDT:USDT,4h,full,fixed_1.5r,pen_5bp,86,54,46,0.627906976744186,0.2119673542969745,0.0525647001677471,0.6086956521739131,16.429821684221135,0.5217391304347823,0.4502150506360498,1.4239029924985065,-1.064410636705549,2.1625,28,18,0
BTC/USDT:USDT,4h,full,ob_extend,pen_5bp,86,54,46,0.627906976744186,0.2169359660890433,0.0525647001677473,0.6086956521739131,16.71214142847286,0.5359063904135103,0.4643695629142491,1.447156834098405,-1.064410636705549,2.0125,28,18,0
BTC/USDT:USDT,4h,is,fixed_1.5r,baseline,61,40,37,0.6557377049180327,0.2211799469355113,0.0525647001677471,0.6756756756756757,22.27062267546892,0.6891891891891893,0.6082216614877713,1.4066828502868405,-1.0552391485102892,1.8979166666666667,25,12,0
BTC/USDT:USDT,4h,is,ob_extend,baseline,61,40,37,0.6557377049180327,0.2290934381432492,0.0525647001677472,0.6756756756756757,22.880000587007547,0.7221496661740692,0.6411524806354605,1.4554204626254204,-1.0552391485102892,1.7833333333333334,25,12,0
BTC/USDT:USDT,4h,is,fixed_1.5r,pen_5bp,61,38,33,0.6229508196721312,0.1755827587547537,0.0525647001677471,0.6363636363636364,19.46382956930017,0.5909090909090902,0.5227347293927057,1.424434088194417,-1.0552391485102892,2.0125,21,12,0
BTC/USDT:USDT,4h,is,ob_extend,pen_5bp,61,38,33,0.6229508196721312,0.1804022073455036,0.0525647001677473,0.6363636363636364,19.856210514068497,0.6106573926976201,0.5424652616592863,1.4554392103276157,-1.0552391485102892,1.8979166666666667,21,12,0
BTC/USDT:USDT,4h,oos_warm,fixed_1.5r,baseline,25,20,15,0.8,0.0301715560438087,0.0467661419317679,0.5333333333333333,7.871352314692047,0.3333333333333331,0.2375496587138213,1.4058343912599365,-1.097632892767453,2.966666666666667,8,7,0
BTC/USDT:USDT,4h,oos_warm,ob_extend,baseline,25,20,15,0.8,0.0319664363898487,0.046766141931768,0.5333333333333333,8.280914061698736,0.3554859639838146,0.2596823564272438,1.4473331994726035,-1.097632892767453,2.966666666666667,8,7,0
BTC/USDT:USDT,4h,oos_warm,fixed_1.5r,pen_5bp,25,16,13,0.64,0.0309502629834083,0.0395407056323266,0.5384615384615384,8.850623684797526,0.3461538461538467,0.2661266353306926,1.4223097054107738,-1.0827536130960689,2.966666666666667,7,6,0
BTC/USDT:USDT,4h,oos_warm,ob_extend,pen_5bp,25,16,13,0.64,0.0309502629834083,0.0395407056323266,0.5384615384615384,8.850623684797526,0.3461538461538467,0.2661266353306926,1.4223097054107738,-1.0827536130960689,2.966666666666667,7,6,0
BTC/USDT:USDT,4h,oos,fixed_1.5r,baseline,25,20,15,0.8,0.0301715560438087,0.0467661419317679,0.5333333333333333,7.871352314692047,0.3333333333333331,0.2375496587138213,1.4058343912599365,-1.097632892767453,2.966666666666667,8,7,0
BTC/USDT:USDT,4h,oos,ob_extend,baseline,25,20,15,0.8,0.0319664363898487,0.046766141931768,0.5333333333333333,8.280914061698736,0.3554859639838146,0.2596823564272438,1.4473331994726035,-1.097632892767453,2.966666666666667,8,7,0
BTC/USDT:USDT,4h,oos,fixed_1.5r,pen_5bp,25,16,13,0.64,0.0309502629834083,0.0395407056323266,0.5384615384615384,8.850623684797526,0.3461538461538467,0.2661266353306926,1.4223097054107738,-1.0827536130960689,2.966666666666667,7,6,0
BTC/USDT:USDT,4h,oos,ob_extend,pen_5bp,25,16,13,0.64,0.0309502629834083,0.0395407056323266,0.5384615384615384,8.850623684797526,0.3461538461538467,0.2661266353306926,1.4223097054107738,-1.0827536130960689,2.966666666666667,7,6,0
ETH/USDT:USDT,4h,full,fixed_1.5r,baseline,120,84,68,0.7,0.367972332430133,0.0471152411781898,0.6176470588235294,18.144179414812896,0.544117647058823,0.4828228858723105,1.4377720514020662,-1.0597873045988335,1.7229166666666669,42,26,0
ETH/USDT:USDT,4h,full,ob_extend,baseline,120,84,68,0.7,0.3805094040931561,0.0471152411781898,0.6176470588235294,18.59614373606682,0.5710042393601062,0.5096852856178409,1.4812635557519729,-1.0597873045988335,1.7229166666666669,42,26,0
ETH/USDT:USDT,4h,full,fixed_1.5r,pen_5bp,120,79,66,0.6583333333333333,0.3169563302385257,0.0471152411781897,0.6060606060606061,16.45889091823175,0.5151515151515151,0.4499268157673504,1.4314923766304444,-1.060174047098948,2.0833333333333335,40,26,0
ETH/USDT:USDT,4h,full,ob_extend,pen_5bp,120,79,66,0.6583333333333333,0.3897706565575996,0.0471152411781899,0.6060606060606061,17.825270084497287,0.6911189847091577,0.6257359497958842,1.7215774477775252,-1.060174047098948,1.8604166666666664,40,26,0
ETH/USDT:USDT,4h,is,fixed_1.5r,baseline,74,53,43,0.7162162162162162,0.1981860095807307,0.0471152411781898,0.6046511627906976,16.581818927915382,0.5116279069767437,0.4506160606140574,1.4338766716146123,-1.0531942856220855,1.4354166666666668,26,17,0
ETH/USDT:USDT,4h,is,ob_extend,baseline,74,53,43,0.7162162162162162,0.2091670385910614,0.0471152411781898,0.6046511627906976,17.29447227965268,0.5541462389880754,0.493096134630245,1.5041321786413842,-1.0531942856220855,1.4354166666666668,26,17,0
ETH/USDT:USDT,4h,is,fixed_1.5r,pen_5bp,74,49,41,0.6621621621621622,0.1535027840719363,0.0471152411781897,0.5853658536585366,13.828268813069078,0.4634146341463418,0.3960919843719065,1.4230677272763892,-1.053756123257951,1.6375,24,17,0
ETH/USDT:USDT,4h,is,ob_extend,pen_5bp,74,49,41,0.6621621621621622,0.217279787303442,0.0471152411781899,0.5853658536585366,16.281839919134246,0.7466793412391319,0.6791018098812538,1.9065428458548572,-1.053756123257951,1.4354166666666668,24,17,0
ETH/USDT:USDT,4h,oos_warm,fixed_1.5r,baseline,46,31,25,0.6739130434782609,0.1417028086555727,0.0215191183469707,0.64,20.462079315620173,0.5999999999999995,0.538218625316506,1.444102043556679,-1.072240784888246,3.0395833333333333,16,9,0
ETH/USDT:USDT,4h,oos_warm,ob_extend,baseline,46,31,25,0.6739130434782609,0.1417028086555727,0.0215191183469707,0.64,20.462079315620173,0.5999999999999995,0.538218625316506,1.444102043556679,-1.072240784888246,3.0395833333333333,16,9,0
ETH/USDT:USDT,4h,oos_warm,fixed_1.5r,pen_5bp,46,30,25,0.6521739130434783,0.1417019086764476,0.0215241034881543,0.64,20.461299467211095,0.5999999999999996,0.5382159392558783,1.4441293506615271,-1.0722967921319415,3.0395833333333333,16,9,0
ETH/USDT:USDT,4h,oos_warm,ob_extend,pen_5bp,46,30,25,0.6521739130434783,0.1417019086764476,0.0215241034881543,0.64,20.461299467211095,0.5999999999999996,0.5382159392558783,1.4441293506615271,-1.0722967921319415,3.0395833333333333,16,9,0
ETH/USDT:USDT,4h,oos,fixed_1.5r,baseline,40,28,22,0.7,0.0934849063160525,0.0215191183469708,0.5909090909090909,15.338473444274523,0.4772727272727269,0.4140531345509824,1.44302584800891,-1.0722407848882465,3.154166666666667,13,9,0
ETH/USDT:USDT,4h,oos,ob_extend,baseline,40,28,22,0.7,0.0934849063160525,0.0215191183469708,0.5909090909090909,15.338473444274523,0.4772727272727269,0.4140531345509824,1.44302584800891,-1.0722407848882465,3.154166666666667,13,9,0
ETH/USDT:USDT,4h,oos,fixed_1.5r,pen_5bp,40,27,22,0.675,0.0934840443460354,0.0215241034881544,0.5909090909090909,15.337813552237206,0.477272727272727,0.4140500822093601,1.443059456753338,-1.0722967921319415,3.154166666666667,13,9,0
ETH/USDT:USDT,4h,oos,ob_extend,pen_5bp,40,27,22,0.675,0.0934840443460354,0.0215241034881544,0.5909090909090909,15.337813552237206,0.477272727272727,0.4140500822093601,1.443059456753338,-1.0722967921319415,3.154166666666667,13,9,0
SOL/USDT:USDT,4h,full,fixed_1.5r,baseline,126,88,76,0.6984126984126984,0.3364607263108504,0.0412724490098484,0.5789473684210527,14.83467162665423,0.4473684210526316,0.3991395061308771,1.4455665437830334,-1.0396976706408376,1.7791666666666666,44,32,0
SOL/USDT:USDT,4h,full,ob_extend,baseline,126,88,76,0.6984126984126984,0.3401477479473484,0.0412724490098484,0.5789473684210527,14.945474274503066,0.4518532741742529,0.4037219070458067,1.4534815999088209,-1.0396976706408376,1.7791666666666666,44,32,0
SOL/USDT:USDT,4h,full,fixed_1.5r,pen_5bp,126,87,75,0.6904761904761905,0.2853413138516916,0.0509585827243625,0.56,12.974747507436584,0.3999999999999999,0.3522626426091305,1.4461247404861313,-1.0399254819615975,1.9125,42,33,0
SOL/USDT:USDT,4h,full,ob_extend,pen_5bp,126,87,75,0.6904761904761905,0.2882226225227923,0.0509585827243625,0.56,13.06886923987488,0.4038463413019102,0.3562084606808064,1.4531708441855526,-1.039925481961598,1.9125,42,33,0
SOL/USDT:USDT,4h,is,fixed_1.5r,baseline,72,44,38,0.6111111111111112,0.1839623396345101,0.02110188125852,0.6052631578947368,17.311087806082032,0.5131578947368423,0.4642962999286322,1.4441864796772304,-1.0382019756858851,1.5979166666666669,23,15,0
SOL/USDT:USDT,4h,is,ob_extend,baseline,72,44,38,0.6111111111111112,0.1852289816811589,0.0211018812585202,0.6052631578947368,17.39562490365289,0.5167368476759128,0.4678720325258481,1.4500942117943698,-1.0382019756858851,1.5979166666666669,23,15,0
SOL/USDT:USDT,4h,is,fixed_1.5r,pen_5bp,72,43,37,0.5972222222222222,0.1674289009064736,0.0211501361560286,0.5945945945945946,16.22995252107246,0.4864864864864865,0.4385717514977123,1.445684585277415,-1.0385270713791848,1.6083333333333334,22,15,0
SOL/USDT:USDT,4h,is,ob_extend,pen_5bp,72,43,37,0.5972222222222222,0.1680751625199178,0.0211501361560286,0.5945945945945946,16.279162876702987,0.4887466749212089,0.4408299062148814,1.4494823909381085,-1.0385270713791848,1.6083333333333334,22,15,0
SOL/USDT:USDT,4h,oos_warm,fixed_1.5r,baseline,54,44,38,0.8148148148148148,0.1288034100167548,0.0412724490098483,0.5526315789473685,12.251722167284656,0.3815789473684208,0.3339827123331221,1.4470780425655794,-1.0410174014834428,2.05,21,17,0
SOL/USDT:USDT,4h,oos_warm,ob_extend,baseline,54,44,38,0.8148148148148148,0.1307078789504859,0.0412724490098483,0.5526315789473685,12.388850326588411,0.386969700672593,0.3395717815657653,1.4571915964151243,-1.0410174014834428,2.05,21,17,0
SOL/USDT:USDT,4h,oos_warm,fixed_1.5r,pen_5bp,54,44,38,0.8148148148148148,0.1010017936455593,0.0509585827243625,0.5263157894736842,9.750746261706096,0.3157894736842103,0.2682248260597218,1.4466089112157192,-1.0410908241136088,2.05,20,18,0
SOL/USDT:USDT,4h,oos_warm,ob_extend,pen_5bp,54,44,38,0.8148148148148148,0.1028593568787793,0.0509585827243625,0.5263157894736842,9.891790138422682,0.3211802269883825,0.273813895292365,1.4572281427577414,-1.0410908241136088,2.05,20,18,0
SOL/USDT:USDT,4h,oos,fixed_1.5r,baseline,47,37,32,0.7872340425531915,0.0870083192687559,0.0412724490098482,0.53125,10.02308711985432,0.3281249999999998,0.2770452877385556,1.4426690172860637,-1.0439949390819536,2.1645833333333333,17,15,0
SOL/USDT:USDT,4h,oos,ob_extend,baseline,47,37,32,0.7872340425531915,0.0888422733092778,0.0412724490098482,0.53125,10.189651232894064,0.3345265195487044,0.2836823074523195,1.4551622308649137,-1.0439949390819536,2.1645833333333333,17,15,0
SOL/USDT:USDT,4h,oos,fixed_1.5r,pen_5bp,47,37,32,0.7872340425531915,0.0602360859317223,0.0509585827243625,0.5,7.101678889349299,0.2499999999999998,0.1989577977888927,1.4418070390187687,-1.0438914434409834,2.0541666666666667,16,16,0
SOL/USDT:USDT,4h,oos,ob_extend,pen_5bp,47,37,32,0.7872340425531915,0.0620248710028516,0.0509585827243625,0.5,7.275324390110148,0.2564015195487044,0.2055948175026565,1.4550810784462964,-1.0438914434409834,2.0541666666666667,16,16,0
BNB/USDT:USDT,4h,full,fixed_1.5r,baseline,107,71,61,0.6635514018691588,0.3620290124854666,0.0365578064770352,0.6229508196721312,19.996060101150057,0.5573770491803276,0.5069544284327343,1.4487394497818973,-1.049038215535448,1.7833333333333334,38,23,0
BNB/USDT:USDT,4h,full,ob_extend,baseline,107,71,61,0.6635514018691588,0.3620290124854666,0.0365578064770352,0.6229508196721312,19.996060101150057,0.5573770491803276,0.5069544284327343,1.4487394497818973,-1.049038215535448,1.7833333333333334,38,23,0
BNB/USDT:USDT,4h,full,fixed_1.5r,pen_5bp,107,70,60,0.6542056074766355,0.3431631558483088,0.0363784624916279,0.6166666666666667,19.38631292932222,0.5416666666666664,0.4919641169830607,1.4479691255077634,-1.045956983687113,1.7833333333333334,37,23,0
BNB/USDT:USDT,4h,full,ob_extend,pen_5bp,107,70,60,0.6542056074766355,0.3431631558483088,0.0363784624916279,0.6166666666666667,19.38631292932222,0.5416666666666664,0.4919641169830607,1.4479691255077634,-1.045956983687113,1.7833333333333334,37,23,0
BNB/USDT:USDT,4h,is,fixed_1.5r,baseline,71,46,40,0.647887323943662,0.2251429162465778,0.0363784624916279,0.625,19.90176723486443,0.5625,0.521751908031739,1.452669924982669,-1.0297781202198106,1.6541666666666668,25,15,0
BNB/USDT:USDT,4h,is,ob_extend,baseline,71,46,40,0.647887323943662,0.2251429162465778,0.0363784624916279,0.625,19.90176723486443,0.5625,0.521751908031739,1.452669924982669,-1.0297781202198106,1.6541666666666668,25,15,0
BNB/USDT:USDT,4h,is,fixed_1.5r,pen_5bp,71,46,40,0.647887323943662,0.1949773102857316,0.0363784624916279,0.6,17.30076052566296,0.5,0.4592873081898346,1.4516461115267445,-1.0292508968155296,1.4958333333333331,24,16,0
BNB/USDT:USDT,4h,is,ob_extend,pen_5bp,71,46,40,0.647887323943662,0.1949773102857316,0.0363784624916279,0.6,17.30076052566296,0.5,0.4592873081898346,1.4516461115267445,-1.0292508968155296,1.4958333333333331,24,16,0
BNB/USDT:USDT,4h,oos_warm,fixed_1.5r,baseline,36,25,21,0.6944444444444444,0.1117307168197659,0.0365578064770353,0.6190476190476191,19.689081413787644,0.547619047619047,0.4787687530060588,1.4411808436265676,-1.085150894252268,2.3083333333333336,13,8,0
BNB/USDT:USDT,4h,oos_warm,ob_extend,baseline,36,25,21,0.6944444444444444,0.1117307168197659,0.0365578064770353,0.6190476190476191,19.689081413787644,0.547619047619047,0.4787687530060588,1.4411808436265676,-1.085150894252268,2.3083333333333336,13,8,0
BNB/USDT:USDT,4h,oos_warm,fixed_1.5r,pen_5bp,36,24,20,0.6666666666666666,0.1240072462356158,0.0259187854890299,0.65,23.27932892309182,0.6249999999999993,0.5573177345695128,1.4411808436265676,-1.0841423251078748,2.4375,13,7,0
BNB/USDT:USDT,4h,oos_warm,ob_extend,pen_5bp,36,24,20,0.6666666666666666,0.1240072462356158,0.0259187854890299,0.65,23.27932892309182,0.6249999999999993,0.5573177345695128,1.4411808436265676,-1.0841423251078748,2.4375,13,7,0
BNB/USDT:USDT,4h,oos,fixed_1.5r,baseline,35,24,20,0.6857142857142857,0.0957420265370777,0.0365578064770352,0.6,17.70181623562617,0.4999999999999994,0.4297489126334868,1.43968211722399,-1.085150894252268,2.175,12,8,0
BNB/USDT:USDT,4h,oos,ob_extend,baseline,35,24,20,0.6857142857142857,0.0957420265370777,0.0365578064770352,0.6,17.70181623562617,0.4999999999999994,0.4297489126334868,1.43968211722399,-1.085150894252268,2.175,12,8,0
BNB/USDT:USDT,4h,oos,fixed_1.5r,pen_5bp,35,23,19,0.6571428571428571,0.1078419973460579,0.0259187854890298,0.631578947368421,21.22916991150124,0.578947368421052,0.5098520595227768,1.43968211722399,-1.0841423251078748,2.30625,12,7,0
BNB/USDT:USDT,4h,oos,ob_extend,pen_5bp,35,23,19,0.6571428571428571,0.1078419973460579,0.0259187854890298,0.631578947368421,21.22916991150124,0.578947368421052,0.5098520595227768,1.43968211722399,-1.0841423251078748,2.30625,12,7,0
XRP/USDT:USDT,4h,full,fixed_1.5r,baseline,102,69,58,0.6764705882352942,0.2354777687168118,0.0419799363467984,0.5862068965517241,14.274840616961573,0.4655172413793097,0.4038972209219196,1.4340214718454665,-1.0554454678864384,1.6916666666666669,34,24,0
XRP/USDT:USDT,4h,full,ob_extend,baseline,102,69,58,0.6764705882352942,0.2374543901988485,0.0419799363467984,0.5689655172413793,14.107215634347488,0.4723974954351353,0.4105944391075974,1.5257106562357212,-1.061358967501526,1.6916666666666669,33,25,0
XRP/USDT:USDT,4h,full,fixed_1.5r,pen_5bp,102,69,58,0.6764705882352942,0.2355874884623424,0.0419799363467985,0.5862068965517241,14.28276181914121,0.4655172413793097,0.4038534961096641,1.4340214718454665,-1.0555511361827223,1.6875,34,24,0
XRP/USDT:USDT,4h,full,ob_extend,pen_5bp,102,69,58,0.6764705882352942,0.2375642854832776,0.0419799363467984,0.5689655172413793,14.1149192725774,0.4723974954351353,0.4105507142953421,1.5257106562357212,-1.0614604090659585,1.6875,33,25,0
XRP/USDT:USDT,4h,is,fixed_1.5r,baseline,56,38,33,0.6785714285714286,0.2347375290027705,0.0206351001902518,0.696969696969697,26.37770273314912,0.7424242424242414,0.6868315971635633,1.4378614426636798,-1.0405370474867044,0.9708333333333332,23,10,0
XRP/USDT:USDT,4h,is,ob_extend,baseline,56,38,33,0.6785714285714286,0.2544242409451277,0.0206351001902518,0.696969696969697,27.85108883120771,0.8302743859162984,0.7746026930965045,1.5637938846544217,-1.0405370474867044,0.9708333333333332,23,10,0
XRP/USDT:USDT,4h,is,fixed_1.5r,pen_5bp,56,38,33,0.6785714285714286,0.2347234564779059,0.0206351001902518,0.696969696969697,26.375123262787785,0.7424242424242414,0.6867974181830542,1.4378614426636798,-1.0406498381223843,0.9708333333333332,23,10,0
XRP/USDT:USDT,4h,is,ob_extend,pen_5bp,56,38,33,0.6785714285714286,0.2544099440472795,0.0206351001902518,0.696969696969697,27.84847690303136,0.8302743859162984,0.7745685141159954,1.5637938846544217,-1.0406498381223843,0.9708333333333332,23,10,0
XRP/USDT:USDT,4h,oos_warm,fixed_1.5r,baseline,46,31,25,0.6739130434782609,0.0005995117963564,0.0419799363467986,0.44,0.3687227197542623,0.0999999999999999,0.0304238442829497,1.4259924419528385,-1.0660943396005342,2.0791666666666666,11,14,0
XRP/USDT:USDT,4h,oos_warm,ob_extend,baseline,46,31,25,0.6739130434782609,-0.0135279996929057,0.0419799363467985,0.4,-1.777838074176588,-1.1546319456101628e-16,-0.0698964561577597,1.438119230872711,-1.075240247511407,2.0791666666666666,10,15,0
XRP/USDT:USDT,4h,oos_warm,fixed_1.5r,pen_5bp,46,31,25,0.6739130434782609,0.0006997777355762,0.0419799363467983,0.44,0.3837717609730402,0.0999999999999999,0.0303675189727893,1.4259924419528385,-1.0661949205115349,2.0791666666666666,11,14,0
XRP/USDT:USDT,4h,oos_warm,ob_extend,pen_5bp,46,31,25,0.6739130434782609,-0.0134291494131897,0.0419799363467984,0.4,-1.7633511510410491,-1.1546319456101628e-16,-0.0699527814679201,1.438119230872711,-1.075334123028341,2.0791666666666666,10,15,0
XRP/USDT:USDT,4h,oos,fixed_1.5r,baseline,46,31,25,0.6739130434782609,0.0005995117963564,0.0419799363467986,0.44,0.3687227197542623,0.0999999999999999,0.0304238442829497,1.4259924419528385,-1.0660943396005342,2.0791666666666666,11,14,0
XRP/USDT:USDT,4h,oos,ob_extend,baseline,46,31,25,0.6739130434782609,-0.0135279996929057,0.0419799363467985,0.4,-1.777838074176588,-1.1546319456101628e-16,-0.0698964561577597,1.438119230872711,-1.075240247511407,2.0791666666666666,10,15,0
XRP/USDT:USDT,4h,oos,fixed_1.5r,pen_5bp,46,31,25,0.6739130434782609,0.0006997777355762,0.0419799363467983,0.44,0.3837717609730402,0.0999999999999999,0.0303675189727893,1.4259924419528385,-1.0661949205115349,2.0791666666666666,11,14,0
XRP/USDT:USDT,4h,oos,ob_extend,pen_5bp,46,31,25,0.6739130434782609,-0.0134291494131897,0.0419799363467984,0.4,-1.7633511510410491,-1.1546319456101628e-16,-0.0699527814679201,1.438119230872711,-1.075334123028341,2.0791666666666666,10,15,0
TRX/USDT:USDT,4h,full,fixed_1.5r,baseline,131,86,69,0.6564885496183206,0.4472588997146611,0.0317474922235551,0.6666666666666666,23.54934196802594,0.6666666666666669,0.575895897529685,1.4100115648001914,-1.0923354370113278,1.5791666666666666,46,23,0
TRX/USDT:USDT,4h,full,ob_extend,baseline,131,86,68,0.6564885496183206,0.4394542540534383,0.0317474922235551,0.6617647058823529,23.393275969332453,0.6883086409934609,0.5969943555325508,1.4604295828327554,-1.0923354370113278,1.375,45,23,0
TRX/USDT:USDT,4h,full,fixed_1.5r,pen_5bp,131,84,69,0.6412213740458015,0.4300277813750861,0.0317474922235551,0.6521739130434783,22.610211783593595,0.6304347826086957,0.5404939961600355,1.4139439364579125,-1.097224641898484,1.46875,45,24,0
TRX/USDT:USDT,4h,full,ob_extend,pen_5bp,131,84,69,0.6412213740458015,0.4300277813750861,0.0317474922235551,0.6521739130434783,22.610211783593595,0.6304347826086957,0.5404939961600355,1.4139439364579125,-1.097224641898484,1.46875,45,24,0
TRX/USDT:USDT,4h,is,fixed_1.5r,baseline,84,50,44,0.5952380952380952,0.3838351448718414,0.0317474922235551,0.75,32.52350230328996,0.8749999999999999,0.8046589829718748,1.426105414392428,-1.0596803112897848,1.5625,33,11,0
TRX/USDT:USDT,4h,is,ob_extend,baseline,84,50,43,0.5952380952380952,0.3763725250452158,0.0317474922235551,0.7441860465116279,32.400110123784614,0.9140694787803562,0.8433440580797136,1.4975086850504786,-1.059680311289785,1.375,32,11,0
TRX/USDT:USDT,4h,is,fixed_1.5r,pen_5bp,84,49,43,0.5833333333333334,0.3767845453149029,0.0317474922235551,0.7441860465116279,32.41165471286108,0.8604651162790693,0.7947244673532844,1.4321964241424776,-1.05973940694255,1.55625,32,11,0
TRX/USDT:USDT,4h,is,ob_extend,pen_5bp,84,49,43,0.5833333333333334,0.3767845453149029,0.0317474922235551,0.7441860465116279,32.41165471286108,0.8604651162790693,0.7947244673532844,1.4321964241424776,-1.05973940694255,1.55625,32,11,0
TRX/USDT:USDT,4h,oos_warm,fixed_1.5r,baseline,47,36,25,0.7659574468085106,0.0458318717210302,0.0226441336220705,0.52,8.54044410810919,0.300000000000001,0.173272867151431,1.3691579466045136,-1.1222693022560752,1.5791666666666666,13,12,0
TRX/USDT:USDT,4h,oos_warm,ob_extend,baseline,47,36,25,0.7659574468085106,0.0458318717210302,0.0226441336220705,0.52,8.54044410810919,0.300000000000001,0.173272867151431,1.3691579466045136,-1.1222693022560752,1.5791666666666666,13,12,0
TRX/USDT:USDT,4h,oos_warm,fixed_1.5r,pen_5bp,47,35,26,0.7446808510638298,0.0386721627878278,0.0226441336220704,0.5,7.049235341178339,0.2500000000000008,0.1200359091865849,1.3690147360035985,-1.1289429176304284,1.46875,13,13,0
TRX/USDT:USDT,4h,oos_warm,ob_extend,pen_5bp,47,35,26,0.7446808510638298,0.0386721627878278,0.0226441336220704,0.5,7.049235341178339,0.2500000000000008,0.1200359091865849,1.3690147360035985,-1.1289429176304284,1.46875,13,13,0
TRX/USDT:USDT,4h,oos,fixed_1.5r,baseline,47,36,25,0.7659574468085106,0.0458318717210302,0.0226441336220705,0.52,8.54044410810919,0.300000000000001,0.173272867151431,1.3691579466045136,-1.1222693022560752,1.5791666666666666,13,12,0
TRX/USDT:USDT,4h,oos,ob_extend,baseline,47,36,25,0.7659574468085106,0.0458318717210302,0.0226441336220705,0.52,8.54044410810919,0.300000000000001,0.173272867151431,1.3691579466045136,-1.1222693022560752,1.5791666666666666,13,12,0
TRX/USDT:USDT,4h,oos,fixed_1.5r,pen_5bp,47,35,26,0.7446808510638298,0.0386721627878278,0.0226441336220704,0.5,7.049235341178339,0.2500000000000008,0.1200359091865849,1.3690147360035985,-1.1289429176304284,1.46875,13,13,0
TRX/USDT:USDT,4h,oos,ob_extend,pen_5bp,47,35,26,0.7446808510638298,0.0386721627878278,0.0226441336220704,0.5,7.049235341178339,0.2500000000000008,0.1200359091865849,1.3690147360035985,-1.1289429176304284,1.46875,13,13,0
DOGE/USDT:USDT,4h,full,fixed_1.5r,baseline,109,82,63,0.7522935779816514,0.2564398219993025,0.0429024563909252,0.5873015873015873,14.282078155939525,0.4682539682539676,0.4072570680468504,1.4294868922339488,-1.0474546048347897,1.3604166666666666,37,26,0
DOGE/USDT:USDT,4h,full,ob_extend,baseline,109,82,63,0.7522935779816514,0.2916910742633887,0.0429024563909252,0.5873015873015873,15.610849550453842,0.5786319461672732,0.5175357278556288,1.6172586643407876,-1.0474546048347897,1.4875,37,26,0
DOGE/USDT:USDT,4h,full,fixed_1.5r,pen_5bp,109,82,62,0.7522935779816514,0.2507302166415093,0.0429024563909252,0.5806451612903226,14.113281096425432,0.4516129032258063,0.3943300054727259,1.4356796107731715,-1.0475386787894296,1.3604166666666666,36,26,0
DOGE/USDT:USDT,4h,full,ob_extend,pen_5bp,109,82,62,0.7522935779816514,0.26275383831285,0.0429024563909252,0.5806451612903226,14.628810864801578,0.4850904840527401,0.4277774631724311,1.4932835657004415,-1.0475386787894296,1.3604166666666666,36,26,0
DOGE/USDT:USDT,4h,is,fixed_1.5r,baseline,62,50,41,0.8064516129032258,0.1732676137213187,0.0429024563909252,0.5853658536585366,15.056423916829509,0.4634146341463415,0.4106234226579038,1.444188419826417,-1.0485271615799971,0.98125,24,17,0
DOGE/USDT:USDT,4h,is,ob_extend,baseline,62,50,41,0.8064516129032258,0.174407622822457,0.0429024563909252,0.5853658536585366,15.13597064687896,0.4673630891512945,0.4145683248430432,1.45092762772603,-1.0485271615799971,0.98125,24,17,0
DOGE/USDT:USDT,4h,is,fixed_1.5r,pen_5bp,62,50,41,0.8064516129032258,0.1732416848455524,0.0429024563909252,0.5853658536585366,15.053607083923463,0.4634146341463415,0.4105701074671565,1.444188419826417,-1.048655745275329,0.98125,24,17,0
DOGE/USDT:USDT,4h,is,ob_extend,pen_5bp,62,50,41,0.8064516129032258,0.1743816687528187,0.0429024563909252,0.5853658536585366,15.133150891122137,0.4673630891512945,0.4145150096522958,1.45092762772603,-1.048655745275329,0.98125,24,17,0
DOGE/USDT:USDT,4h,oos_warm,fixed_1.5r,baseline,47,32,22,0.6808510638297872,0.0708893753695132,0.0264854146134747,0.5909090909090909,12.482206265280457,0.4772727272727252,0.4009834071807962,1.4023456105247765,-1.045428664316064,2.2458333333333336,13,9,0
DOGE/USDT:USDT,4h,oos_warm,ob_extend,baseline,47,32,22,0.6808510638297872,0.0998660509023804,0.0211180258629979,0.5909090909090909,16.115515024585083,0.7859966342425063,0.7094295243790838,1.9243313473218784,-1.045428664316064,2.2666666666666666,13,9,0
DOGE/USDT:USDT,4h,oos_warm,fixed_1.5r,pen_5bp,47,32,21,0.6808510638297872,0.0660465211872848,0.0264854146134746,0.5714285714285714,11.938201232648767,0.4285714285714278,0.3626231396740758,1.4186619926666806,-1.045428664316064,2.2458333333333336,12,9,0
DOGE/USDT:USDT,4h,oos_warm,ob_extend,pen_5bp,47,32,21,0.6808510638297872,0.0752499565612955,0.0211180258629979,0.5714285714285714,13.30040124238366,0.5197011121936574,0.453670824806981,1.577995441649265,-1.045428664316064,2.2458333333333336,12,9,0
DOGE/USDT:USDT,4h,oos,fixed_1.5r,baseline,41,27,19,0.6585365853658537,0.061932127594344,0.0209546518878016,0.5789473684210527,12.4160760276616,0.4473684210526304,0.3809787939719328,1.4167163062547092,-1.0431602854168849,2.2458333333333336,11,8,0
DOGE/USDT:USDT,4h,oos,ob_extend,baseline,41,27,19,0.6585365853658537,0.0833032658309959,0.0209546518878015,0.5789473684210527,15.403161576672805,0.717003617463275,0.6503713726328461,1.8820307603053776,-1.0431602854168849,2.2666666666666666,11,8,0
DOGE/USDT:USDT,4h,oos,fixed_1.5r,pen_5bp,41,27,18,0.6585365853658537,0.0571297805325024,0.0209546518878015,0.5555555555555556,11.800110580680744,0.3888888888888892,0.3351137811469332,1.4377330343979875,-1.0431602854168849,2.2458333333333336,10,8,0
DOGE/USDT:USDT,4h,oos,ob_extend,pen_5bp,41,27,18,0.6585365853658537,0.0590578630659751,0.0209546518878016,0.5555555555555556,12.116094930103277,0.4024925630296607,0.3487052147017129,1.4621976147965912,-1.0431602854168849,2.2458333333333336,10,8,0
LINK/USDT:USDT,4h,full,fixed_1.5r,baseline,112,66,59,0.5892857142857143,0.3163936946030717,0.0404799490638002,0.6101694915254238,18.24428154908354,0.5254237288135598,0.4760280993512173,1.4508922843337395,-1.0498462771431654,1.36875,36,23,0
LINK/USDT:USDT,4h,full,ob_extend,baseline,112,66,59,0.5892857142857143,0.3571088400585093,0.0404799490638002,0.6101694915254238,18.777492289616923,0.5794190544008821,0.5299748399445758,1.539304998083966,-1.0498462771431654,1.375,36,23,0
LINK/USDT:USDT,4h,full,fixed_1.5r,pen_5bp,112,62,55,0.5535714285714286,0.2790331924926986,0.0403663759806682,0.6,17.3987208694096,0.5000000000000006,0.452272759578757,1.453253423461092,-1.0491982362447454,1.3666666666666667,33,22,0
LINK/USDT:USDT,4h,full,ob_extend,pen_5bp,112,62,55,0.5535714285714286,0.3163902948842276,0.0403663759806682,0.6,17.94460114341006,0.5539754520090279,0.5061996444760666,1.5431315649566075,-1.0491982362447454,1.375,33,22,0
LINK/USDT:USDT,4h,is,fixed_1.5r,baseline,78,46,40,0.5897435897435898,0.1372292385026585,0.0404799490638002,0.55,12.380011036197752,0.3750000000000003,0.3266814209253367,1.4535597268015978,-1.0506142862567605,1.375,22,18,0
LINK/USDT:USDT,4h,is,ob_extend,baseline,78,46,40,0.5897435897435898,0.1721446553779145,0.0404799490638002,0.55,13.683787682761446,0.4539794753149264,0.4055898305083742,1.597029562407121,-1.0506142862567605,1.4583333333333337,22,18,0
LINK/USDT:USDT,4h,is,fixed_1.5r,pen_5bp,78,43,37,0.5512820512820513,0.093349588586044,0.0403663759806682,0.5135135135135135,9.253905951915677,0.2837837837837844,0.238012875585007,1.4582013401824778,-1.0499638370456563,1.3666666666666667,19,18,0
LINK/USDT:USDT,4h,is,ob_extend,pen_5bp,78,43,37,0.5512820512820513,0.1250354598591917,0.0403663759806682,0.5135135135135135,10.836506469987324,0.3633001260389609,0.3174576690354224,1.6129096221648656,-1.0499638370456563,1.375,19,18,0
LINK/USDT:USDT,4h,oos_warm,fixed_1.5r,baseline,34,20,19,0.5882352941176471,0.1575447148512572,0.0105489494013078,0.7368421052631579,32.450998583552135,0.8421052631578955,0.7904421591951764,1.446700589027105,-1.0470814443342236,1.2875,14,5,0
LINK/USDT:USDT,4h,oos_warm,ob_extend,baseline,34,20,19,0.5882352941176471,0.1577997935937015,0.0105489494013078,0.7368421052631579,32.48772176876525,0.8435023787923676,0.7918380177050004,1.4485949684332946,-1.0470814443342236,1.2875,14,5,0
LINK/USDT:USDT,4h,oos_warm,fixed_1.5r,pen_5bp,34,19,18,0.5588235294117647,0.1698300395821132,0.0105489494013079,0.7777777777777778,38.80523713278824,0.9444444444444448,0.8926958544547988,1.4465383936249256,-1.0457530326406457,1.50625,14,4,0
LINK/USDT:USDT,4h,oos_warm,ob_extend,pen_5bp,34,19,18,0.5588235294117647,0.1700878255419486,0.0105489494013079,0.7777777777777778,38.84718522415056,0.9459191776141652,0.894169260659613,1.4484327730311153,-1.045753032640646,1.50625,14,4,0
LINK/USDT:USDT,4h,oos,fixed_1.5r,baseline,34,20,19,0.5882352941176471,0.1575447148512572,0.0105489494013078,0.7368421052631579,32.450998583552135,0.8421052631578955,0.7904421591951764,1.446700589027105,-1.0470814443342236,1.2875,14,5,0
LINK/USDT:USDT,4h,oos,ob_extend,baseline,34,20,19,0.5882352941176471,0.1577997935937015,0.0105489494013078,0.7368421052631579,32.48772176876525,0.8435023787923676,0.7918380177050004,1.4485949684332946,-1.0470814443342236,1.2875,14,5,0
LINK/USDT:USDT,4h,oos,fixed_1.5r,pen_5bp,34,19,18,0.5588235294117647,0.1698300395821132,0.0105489494013079,0.7777777777777778,38.80523713278824,0.9444444444444448,0.8926958544547988,1.4465383936249256,-1.0457530326406457,1.50625,14,4,0
LINK/USDT:USDT,4h,oos,ob_extend,pen_5bp,34,19,18,0.5588235294117647,0.1700878255419486,0.0105489494013079,0.7777777777777778,38.84718522415056,0.9459191776141652,0.894169260659613,1.4484327730311153,-1.045753032640646,1.50625,14,4,0
LTC/USDT:USDT,4h,full,fixed_1.5r,baseline,95,67,53,0.7052631578947368,0.2349005568532921,0.0410574450051939,0.5849056603773585,15.39538442380991,0.4622641509433962,0.4045822966826255,1.4400983253095745,-1.0545539254735297,1.6083333333333334,31,22,0
LTC/USDT:USDT,4h,full,ob_extend,baseline,95,67,53,0.7052631578947368,0.2470248686923083,0.0410574450051938,0.5849056603773585,15.816417293128676,0.4810642298735712,0.4233654593017792,1.4722114743036114,-1.0545539254735297,1.6083333333333334,31,22,0
LTC/USDT:USDT,4h,full,fixed_1.5r,pen_5bp,95,63,51,0.6631578947368421,0.2295364952273656,0.0410574450051938,0.5882352941176471,15.704874632673626,0.4705882352941177,0.4128113404481882,1.4391200588282596,-1.0533439715233424,1.5666666666666669,30,21,0
LTC/USDT:USDT,4h,full,ob_extend,pen_5bp,95,63,51,0.6631578947368421,0.245943033732042,0.0410574450051939,0.5882352941176471,16.263307678237435,0.4983925199599126,0.4405906068186408,1.4863448116580291,-1.0533439715233424,1.5666666666666669,30,21,0
LTC/USDT:USDT,4h,is,fixed_1.5r,baseline,49,30,28,0.6122448979591837,0.1368221442252277,0.020858455133549,0.6071428571428571,17.638278984017884,0.5178571428571427,0.4701930555606385,1.4496910962209573,-1.043576643641672,1.5333333333333332,17,11,0
LTC/USDT:USDT,4h,is,ob_extend,baseline,49,30,28,0.6122448979591837,0.1368221442252277,0.020858455133549,0.6071428571428571,17.638278984017884,0.5178571428571427,0.4701930555606385,1.4496910962209573,-1.043576643641672,1.5333333333333332,17,11,0
LTC/USDT:USDT,4h,is,fixed_1.5r,pen_5bp,49,30,28,0.6122448979591837,0.1368173636799063,0.020858455133549,0.6071428571428571,17.637882022596926,0.5178571428571429,0.4701778190612668,1.4496660008102271,-1.043576643641672,1.5333333333333332,17,11,0
LTC/USDT:USDT,4h,is,ob_extend,pen_5bp,49,30,28,0.6122448979591837,0.1368173636799063,0.020858455133549,0.6071428571428571,17.637882022596926,0.5178571428571429,0.4701778190612668,1.4496660008102271,-1.043576643641672,1.5333333333333332,17,11,0
LTC/USDT:USDT,4h,oos_warm,fixed_1.5r,baseline,46,37,25,0.8043478260869565,0.0862741926046017,0.0410574450051937,0.56,12.648328585319932,0.4000000000000002,0.331098246739251,1.428449960631467,-1.0655312073053873,1.6333333333333333,14,11,0
LTC/USDT:USDT,4h,oos_warm,ob_extend,baseline,46,37,25,0.8043478260869565,0.0969392837981587,0.0410574450051937,0.56,13.594606487976156,0.4398561673319712,0.3709185514918569,1.4995576476896917,-1.0655312073053873,1.6333333333333333,14,11,0
LTC/USDT:USDT,4h,oos_warm,fixed_1.5r,pen_5bp,46,33,23,0.717391304347826,0.0815602703738837,0.0410574450051939,0.5652173913043478,13.065851023252623,0.4130434782608698,0.3429738882235708,1.4253292116210714,-1.06408803219318,1.5708333333333333,13,10,0
LTC/USDT:USDT,4h,oos_warm,ob_extend,pen_5bp,46,33,23,0.717391304347826,0.0959922618518887,0.0410574450051938,0.5652173913043478,14.379067240251567,0.4746964573024151,0.4045713919145746,1.5343094104590012,-1.06408803219318,1.5708333333333333,13,10,0
LTC/USDT:USDT,4h,oos,fixed_1.5r,baseline,46,37,25,0.8043478260869565,0.0862741926046017,0.0410574450051937,0.56,12.648328585319932,0.4000000000000002,0.331098246739251,1.428449960631467,-1.0655312073053873,1.6333333333333333,14,11,0
LTC/USDT:USDT,4h,oos,ob_extend,baseline,46,37,25,0.8043478260869565,0.0969392837981587,0.0410574450051937,0.56,13.594606487976156,0.4398561673319712,0.3709185514918569,1.4995576476896917,-1.0655312073053873,1.6333333333333333,14,11,0
LTC/USDT:USDT,4h,oos,fixed_1.5r,pen_5bp,46,33,23,0.717391304347826,0.0815602703738837,0.0410574450051939,0.5652173913043478,13.065851023252623,0.4130434782608698,0.3429738882235708,1.4253292116210714,-1.06408803219318,1.5708333333333333,13,10,0
LTC/USDT:USDT,4h,oos,ob_extend,pen_5bp,46,33,23,0.717391304347826,0.0959922618518887,0.0410574450051938,0.5652173913043478,14.379067240251567,0.4746964573024151,0.4045713919145746,1.5343094104590012,-1.06408803219318,1.5708333333333333,13,10,0
BTC/USDT:USDT,1h,full,fixed_1.5r,baseline,485,344,254,0.709278350515464,0.9893945855778716,0.050880373680385,0.610236220472441,27.19484204630147,0.5255905511811032,0.3588062267843181,1.3351474950938371,-1.1698088902659387,1.3333333333333333,155,99,0
BTC/USDT:USDT,1h,full,ob_extend,baseline,485,344,252,0.709278350515464,0.9860759823521734,0.0508803736803854,0.6071428571428571,27.114055112043168,0.525162916203591,0.358800943353186,1.347901423930267,-1.1698088902659387,1.3333333333333333,153,99,0
BTC/USDT:USDT,1h,full,fixed_1.5r,pen_5bp,485,303,236,0.6247422680412371,0.7073802400398821,0.0575582566273038,0.5847457627118644,22.55798301039608,0.4618644067796618,0.2963983533266514,1.3370159693737476,-1.1689611468213004,1.4166666666666667,138,98,0
BTC/USDT:USDT,1h,full,ob_extend,pen_5bp,485,303,234,0.6247422680412371,0.7045320782859701,0.0575582566273028,0.5811965811965812,22.476744546593473,0.4608592089030123,0.2958592628498966,1.351391616877671,-1.1689611468213004,1.375,136,98,0
BTC/USDT:USDT,1h,is,fixed_1.5r,baseline,298,220,169,0.738255033557047,0.8817102472013572,0.0426168653073974,0.6568047337278107,35.93680302703918,0.642011834319528,0.4949527168980145,1.3507022934722108,-1.1427749210284646,1.4166666666666667,111,58,0
BTC/USDT:USDT,1h,is,ob_extend,baseline,298,220,167,0.738255033557047,0.8785712773150113,0.0426168653073974,0.6526946107784432,35.8406518537333,0.6427608076844606,0.4965752411829373,1.3688900063963438,-1.1427749210284646,1.4166666666666667,109,58,0
BTC/USDT:USDT,1h,is,fixed_1.5r,pen_5bp,298,202,158,0.6778523489932886,0.6766466342993513,0.0522456032351637,0.6329113924050633,31.06546722849403,0.5822784810126593,0.4354421119591229,1.3508647803985698,-1.1428728336261305,1.6416666666666666,100,58,0
BTC/USDT:USDT,1h,is,ob_extend,pen_5bp,298,202,156,0.6778523489932886,0.6738497407271686,0.0521463915592855,0.6282051282051282,30.965392242977977,0.5823144543801594,0.4364160885341506,1.3710972873637046,-1.1428728336261305,1.5583333333333331,98,58,0
BTC/USDT:USDT,1h,oos_warm,fixed_1.5r,baseline,186,124,85,0.6666666666666666,0.0572268437909981,0.0508803736803852,0.5176470588235295,7.760397282354685,0.2941176470588236,0.0881149699700277,1.2959069810029396,-1.2080520662604142,1.25,44,41,0
BTC/USDT:USDT,1h,oos_warm,ob_extend,baseline,186,124,85,0.6666666666666666,0.0572268437909981,0.0508803736803852,0.5176470588235295,7.760397282354685,0.2941176470588236,0.0881149699700277,1.2959069810029396,-1.2080520662604142,1.25,44,41,0
BTC/USDT:USDT,1h,oos_warm,fixed_1.5r,pen_5bp,186,101,78,0.543010752688172,0.0183304013569766,0.0575582566273035,0.4871794871794871,2.9830710257983815,0.2179487179487183,0.0147456114813887,1.3005717298347417,-1.2067892009542964,1.2583333333333333,38,40,0
BTC/USDT:USDT,1h,oos_warm,ob_extend,pen_5bp,186,101,78,0.543010752688172,0.0183304013569766,0.0575582566273035,0.4871794871794871,2.9830710257983815,0.2179487179487183,0.0147456114813887,1.3005717298347417,-1.2067892009542964,1.2583333333333333,38,40,0
BTC/USDT:USDT,1h,oos,fixed_1.5r,baseline,186,124,85,0.6666666666666666,0.0572268437909981,0.0508803736803852,0.5176470588235295,7.760397282354685,0.2941176470588236,0.0881149699700277,1.2959069810029396,-1.2080520662604142,1.25,44,41,0
BTC/USDT:USDT,1h,oos,ob_extend,baseline,186,124,85,0.6666666666666666,0.0572268437909981,0.0508803736803852,0.5176470588235295,7.760397282354685,0.2941176470588236,0.0881149699700277,1.2959069810029396,-1.2080520662604142,1.25,44,41,0
BTC/USDT:USDT,1h,oos,fixed_1.5r,pen_5bp,186,101,78,0.543010752688172,0.0183304013569766,0.0575582566273035,0.4871794871794871,2.9830710257983815,0.2179487179487183,0.0147456114813887,1.3005717298347417,-1.2067892009542964,1.2583333333333333,38,40,0
BTC/USDT:USDT,1h,oos,ob_extend,pen_5bp,186,101,78,0.543010752688172,0.0183304013569766,0.0575582566273035,0.4871794871794871,2.9830710257983815,0.2179487179487183,0.0147456114813887,1.3005717298347417,-1.2067892009542964,1.2583333333333333,38,40,0
ETH/USDT:USDT,1h,full,fixed_1.5r,baseline,463,316,250,0.6825053995680346,1.291865427922825,0.0992353138230628,0.628,30.471102140182655,0.5699999999999996,0.4320803655869137,1.3562265749850375,-1.1280374287733603,1.7666666666666666,157,93,0
ETH/USDT:USDT,1h,full,ob_extend,baseline,463,316,250,0.6825053995680346,1.2651451590471043,0.0992353138230627,0.62,29.87745567791754,0.5730070917405772,0.4350847515463434,1.394310236173266,-1.1299673549502145,1.7666666666666666,155,95,0
ETH/USDT:USDT,1h,full,fixed_1.5r,pen_5bp,463,292,236,0.6306695464362851,0.9700533839832326,0.0982009043876852,0.6016949152542372,26.04458881254285,0.5042372881355931,0.368607201661923,1.359754974213052,-1.1286585824046762,1.7,142,94,0
ETH/USDT:USDT,1h,full,ob_extend,pen_5bp,463,292,236,0.6306695464362851,0.9371682620640136,0.0982009043876852,0.5932203389830508,25.28532551039283,0.5016934713103322,0.3660656737630418,1.3923201685604665,-1.1305554644832023,1.7,140,96,0
ETH/USDT:USDT,1h,is,fixed_1.5r,baseline,288,199,159,0.6909722222222222,0.4273802016549262,0.0992353138230628,0.5723270440251572,19.94184776909066,0.4308176100628929,0.299808903448472,1.3607025809288762,-1.119916459062069,1.4833333333333334,91,68,0
ETH/USDT:USDT,1h,is,ob_extend,baseline,288,199,159,0.6909722222222222,0.4171165272966438,0.0992353138230627,0.5660377358490566,19.43827631456302,0.4452947688368505,0.3142730356749652,1.4136853633730309,-1.1197430439312073,1.4833333333333334,90,69,0
ETH/USDT:USDT,1h,is,fixed_1.5r,pen_5bp,288,188,151,0.6527777777777778,0.309739565600159,0.0982009043876852,0.5496688741721855,15.910884345626508,0.3741721854304632,0.2442791746672207,1.361834478742035,-1.1197956817770374,1.4833333333333334,83,68,0
ETH/USDT:USDT,1h,is,ob_extend,pen_5bp,288,188,151,0.6527777777777778,0.2935907508784439,0.0982009043876852,0.543046357615894,15.13809455072121,0.3798847763768883,0.2499866254243126,1.4024638733529555,-1.1196240170416107,1.4833333333333334,82,69,0
ETH/USDT:USDT,1h,oos_warm,fixed_1.5r,baseline,175,117,91,0.6685714285714286,0.6056446805592521,0.0213302753234615,0.7252747252747253,52.5781911751818,0.8131868131868127,0.6631920411914438,1.3500551122442908,-1.150126466388072,1.975,66,25,0
ETH/USDT:USDT,1h,oos_warm,ob_extend,baseline,175,117,91,0.6685714285714286,0.5984184189624824,0.0213302753234615,0.7142857142857143,51.76630110725181,0.7961527987921437,0.6461733540029273,1.3674831369735918,-1.1571011034237335,1.975,65,26,0
ETH/USDT:USDT,1h,oos_warm,fixed_1.5r,pen_5bp,175,104,85,0.5942857142857143,0.5041565787015837,0.0213302753234615,0.6941176470588235,46.92362690339519,0.7352941176470591,0.5894722849113353,1.3568295695366868,-1.1518384763538856,1.9666666666666668,59,26,0
ETH/USDT:USDT,1h,oos_warm,ob_extend,pen_5bp,175,104,85,0.5942857142857143,0.4975124557349629,0.0213302753234615,0.6823529411764706,46.14217250061962,0.7180830352509207,0.5722766890471371,1.3779790686814304,-1.1584913857228256,1.9666666666666668,58,27,0
ETH/USDT:USDT,1h,oos,fixed_1.5r,baseline,171,114,88,0.6666666666666666,0.5541904731200539,0.0213302753234615,0.7159090909090909,50.32659300954799,0.7897727272727267,0.6398756423753951,1.350193939503755,-1.1501264663880724,1.9833333333333336,63,25,0
ETH/USDT:USDT,1h,oos,ob_extend,baseline,171,114,88,0.6666666666666666,0.5458504822852492,0.0213302753234615,0.7045454545454546,49.41450607541336,0.7693997195866658,0.6195209663216502,1.364556027827779,-1.1571011034237335,1.9833333333333336,62,26,0
ETH/USDT:USDT,1h,oos,fixed_1.5r,pen_5bp,171,102,83,0.5964912280701754,0.4622171869320527,0.0213302753234615,0.6867469879518072,44.71928843747802,0.7168674698795183,0.569364026695562,1.35447394036724,-1.1518384763538856,1.9833333333333336,57,26,0
ETH/USDT:USDT,1h,oos,ob_extend,pen_5bp,171,102,83,0.5964912280701754,0.4557583176019274,0.0213302753234615,0.6746987951807228,43.93890147076825,0.6992416626063644,0.5517540791237928,1.3763367139605551,-1.1584913857228256,1.9833333333333336,56,27,0
SOL/USDT:USDT,1h,full,fixed_1.5r,baseline,498,357,280,0.7168674698795181,0.9917816651373588,0.078089884767474,0.5464285714285714,20.42664578601776,0.3660714285714281,0.2660696182048744,1.4010823426640695,-1.1013079159861243,1.5666666666666669,153,127,0
SOL/USDT:USDT,1h,full,ob_extend,baseline,498,357,279,0.7168674698795181,1.003992271471913,0.0755714837695098,0.5412186379928315,20.555696292881624,0.3689274538162478,0.269545709239445,1.432889789395094,-1.1028367603191722,1.5666666666666669,151,128,0
SOL/USDT:USDT,1h,full,fixed_1.5r,pen_5bp,498,333,265,0.6686746987951807,1.0042346977009613,0.0765260539285544,0.5509433962264151,21.589755567433254,0.3773584905660375,0.2803227672928512,1.4050760940229663,-1.0996266923928366,1.5833333333333333,146,119,0
SOL/USDT:USDT,1h,full,ob_extend,pen_5bp,498,333,265,0.6686746987951807,1.0232199553224386,0.0765260539285542,0.5509433962264151,21.85026846026569,0.385220110805323,0.2881773136462453,1.4193326336370038,-1.0996266923928366,1.5833333333333333,146,119,0
SOL/USDT:USDT,1h,is,fixed_1.5r,baseline,312,233,187,0.7467948717948718,0.4754535649909289,0.0742376085663804,0.5294117647058824,16.964550412388643,0.3235294117647058,0.2354307699947839,1.411258060646859,-1.0873749319888006,1.45,99,88,0
SOL/USDT:USDT,1h,is,ob_extend,baseline,312,233,186,0.7467948717948718,0.4810322165617048,0.0717086842255556,0.521505376344086,17.078362071954718,0.3254802038620011,0.2383775499586145,1.4569507041024017,-1.0897302697261873,1.45,97,89,0
SOL/USDT:USDT,1h,is,fixed_1.5r,pen_5bp,312,217,177,0.6955128205128205,0.4905611352084033,0.0765260539285544,0.5310734463276836,18.199643218409427,0.327683615819209,0.2426480984925335,1.417696699559175,-1.0881298352455908,1.45,94,83,0
SOL/USDT:USDT,1h,is,ob_extend,pen_5bp,312,217,177,0.6955128205128205,0.499148276273211,0.0765260539285542,0.5310734463276836,18.43698812539009,0.3355376566079448,0.2504950722153674,1.432472384122384,-1.0881298352455908,1.45,94,83,0
SOL/USDT:USDT,1h,oos_warm,fixed_1.5r,baseline,186,124,93,0.6666666666666666,0.3499453404686463,0.0409567573196418,0.5806451612903226,27.91081261971392,0.4516129032258051,0.327676764605809,1.3824268596956226,-1.1327464439800867,1.8333333333333333,54,39,0
SOL/USDT:USDT,1h,oos_warm,ob_extend,baseline,186,124,93,0.6666666666666666,0.3531051175404452,0.0409567573196419,0.5806451612903226,28.093165531800217,0.4558219537247414,0.3318820278011061,1.3896692574208562,-1.1327464439800865,1.8333333333333333,54,39,0
SOL/USDT:USDT,1h,oos_warm,fixed_1.5r,pen_5bp,186,116,88,0.6236559139784946,0.3446175741196554,0.0409567573196418,0.5909090909090909,28.93446766260822,0.4772727272727264,0.3561002261298538,1.3822619224767434,-1.1261333352600973,1.6916666666666669,52,36,0
SOL/USDT:USDT,1h,oos_warm,ob_extend,pen_5bp,186,116,88,0.6236559139784946,0.349579616201833,0.0409567573196417,0.5909090909090909,29.23956620010346,0.4851495925432315,0.3639700037969884,1.3955800077595863,-1.1261333352600973,1.6916666666666669,52,36,0
SOL/USDT:USDT,1h,oos,fixed_1.5r,baseline,179,117,87,0.6536312849162011,0.3063432069392269,0.0440554425091724,0.5747126436781609,26.691423643263697,0.4367816091954011,0.3097139085941341,1.3804121920963677,-1.1371756637061812,1.95,50,37,0
SOL/USDT:USDT,1h,oos,ob_extend,baseline,179,117,87,0.6536312849162011,0.3094009257886102,0.0424156940090119,0.5747126436781609,26.887509421826405,0.4412809390390915,0.3142091899408311,1.38823398163962,-1.1371756637061812,1.95,50,37,0
SOL/USDT:USDT,1h,oos,fixed_1.5r,pen_5bp,179,109,82,0.6089385474860335,0.3011875230981708,0.0409567573196418,0.5853658536585366,27.720951014952472,0.4634146341463407,0.3391218394972753,1.3801495656259462,-1.130564362096142,1.8333333333333333,48,34,0
SOL/USDT:USDT,1h,oos,ob_extend,pen_5bp,179,109,82,0.6089385474860335,0.3059892952679611,0.0409567573196417,0.5853658536585366,28.04989303703637,0.4718678554122486,0.347567454554688,1.394577491349026,-1.130564362096142,1.8333333333333333,48,34,0
BNB/USDT:USDT,1h,full,fixed_1.5r,baseline,421,296,220,0.7030878859857482,1.067979652057256,0.0782552678566436,0.6090909090909091,30.46907029835178,0.522727272727273,0.3903090261290347,1.3675417587416676,-1.1323559293371606,1.1666666666666667,134,86,0
BNB/USDT:USDT,1h,full,ob_extend,baseline,421,296,220,0.7030878859857482,1.05205616700646,0.0782552678566436,0.6045454545454545,30.079843901442107,0.5169297878853261,0.3845167578639485,1.3773928077319095,-1.1333282379112102,1.1833333333333331,133,87,0
BNB/USDT:USDT,1h,full,fixed_1.5r,pen_5bp,421,265,211,0.6294536817102138,0.9872841521332554,0.0717668439020471,0.6066350710900474,29.811311520853344,0.5165876777251187,0.3860399658921168,1.369676915412842,-1.1308941249350255,1.0666666666666669,128,83,0
BNB/USDT:USDT,1h,full,ob_extend,pen_5bp,421,265,211,0.6294536817102138,0.9693533406337698,0.0717668439020468,0.6018957345971564,29.355978465138165,0.5085066288843555,0.3779661883791004,1.3766301172667466,-1.13191856124865,1.1333333333333333,127,84,0
BNB/USDT:USDT,1h,is,fixed_1.5r,baseline,277,190,142,0.6859205776173285,0.8529515079235287,0.046145444488873,0.6619718309859155,39.4310839075852,0.6549295774647886,0.5370028277571344,1.3753697747770557,-1.104799110156878,1.0583333333333331,94,48,0
BNB/USDT:USDT,1h,is,ob_extend,baseline,277,190,142,0.6859205776173285,0.8386837439216364,0.0461454444888729,0.6549295774647887,38.78570001961906,0.6459475586955752,0.5280288910084094,1.3895420063011157,-1.1070878380165228,1.1,93,49,0
BNB/USDT:USDT,1h,is,fixed_1.5r,pen_5bp,277,174,134,0.628158844765343,0.7407299999217539,0.0361782682124157,0.6492537313432836,36.99407193011663,0.6231343283582087,0.5072528121135117,1.3789957811721831,-1.106399066782327,1.0,87,47,0
BNB/USDT:USDT,1h,is,ob_extend,pen_5bp,277,174,134,0.628158844765343,0.7250237902855573,0.0361782682124157,0.6417910447761194,36.25045010432537,0.6104096917507383,0.4945396251340606,1.3893722404885227,-1.1087021440426843,1.05,86,48,0
BNB/USDT:USDT,1h,oos_warm,fixed_1.5r,baseline,144,106,78,0.7361111111111112,0.1160462878894735,0.0782552678566434,0.5128205128205128,13.834738414793796,0.2820512820512829,0.1232510795753148,1.3491459210585055,-1.1671645430385702,1.25,40,38,0
BNB/USDT:USDT,1h,oos_warm,ob_extend,baseline,144,106,78,0.7361111111111112,0.1160462878894735,0.0782552678566434,0.5128205128205128,13.834738414793796,0.2820512820512829,0.1232510795753148,1.3491459210585055,-1.1671645430385702,1.25,40,38,0
BNB/USDT:USDT,1h,oos_warm,fixed_1.5r,pen_5bp,144,91,77,0.6319444444444444,0.1416383656411868,0.071766843902047,0.5324675324675324,16.76744812573716,0.3311688311688319,0.1750981296107282,1.3499027368503371,-1.1628737841899377,1.3083333333333331,41,36,0
BNB/USDT:USDT,1h,oos_warm,ob_extend,pen_5bp,144,91,77,0.6319444444444444,0.1416383656411868,0.071766843902047,0.5324675324675324,16.76744812573716,0.3311688311688319,0.1750981296107282,1.3499027368503371,-1.1628737841899377,1.3083333333333331,41,36,0
BNB/USDT:USDT,1h,oos,fixed_1.5r,baseline,144,106,78,0.7361111111111112,0.1160462878894735,0.0782552678566434,0.5128205128205128,13.834738414793796,0.2820512820512829,0.1232510795753148,1.3491459210585055,-1.1671645430385702,1.25,40,38,0
BNB/USDT:USDT,1h,oos,ob_extend,baseline,144,106,78,0.7361111111111112,0.1160462878894735,0.0782552678566434,0.5128205128205128,13.834738414793796,0.2820512820512829,0.1232510795753148,1.3491459210585055,-1.1671645430385702,1.25,40,38,0
BNB/USDT:USDT,1h,oos,fixed_1.5r,pen_5bp,144,91,77,0.6319444444444444,0.1416383656411868,0.071766843902047,0.5324675324675324,16.76744812573716,0.3311688311688319,0.1750981296107282,1.3499027368503371,-1.1628737841899377,1.3083333333333331,41,36,0
BNB/USDT:USDT,1h,oos,ob_extend,pen_5bp,144,91,77,0.6319444444444444,0.1416383656411868,0.071766843902047,0.5324675324675324,16.76744812573716,0.3311688311688319,0.1750981296107282,1.3499027368503371,-1.1628737841899377,1.3083333333333331,41,36,0
XRP/USDT:USDT,1h,full,fixed_1.5r,baseline,484,317,246,0.6549586776859504,1.510248694624167,0.0990836751184677,0.6219512195121951,33.72585735963874,0.5548780487804882,0.4280903172393426,1.3741421259246565,-1.1283174970493997,1.7,153,93,0
XRP/USDT:USDT,1h,full,ob_extend,baseline,484,317,246,0.6549586776859504,1.5377745153923736,0.098393582901709,0.6219512195121951,34.059925040105774,0.5638301922535952,0.4370344055737525,1.388522816972139,-1.1283174970493994,1.725,153,93,0
XRP/USDT:USDT,1h,full,fixed_1.5r,pen_5bp,484,292,223,0.6033057851239669,1.135748346541056,0.116575222484823,0.600896860986547,30.10137080672101,0.5022421524663679,0.3796598739135273,1.3789753765222856,-1.124927512036738,1.8083333333333331,134,89,0
XRP/USDT:USDT,1h,full,ob_extend,pen_5bp,484,292,223,0.6033057851239669,1.1477256854579936,0.1158985286052488,0.600896860986547,30.29711436113732,0.5077065513642823,0.3851193559453133,1.3880609324408548,-1.124927512036738,1.8083333333333331,134,89,0
XRP/USDT:USDT,1h,is,fixed_1.5r,baseline,276,189,153,0.6847826086956522,1.1599659258078006,0.0346411745061265,0.673202614379085,45.36262283440268,0.6830065359477131,0.5631186244291413,1.3813113656517937,-1.1223584224895224,1.5333333333333334,103,50,0
XRP/USDT:USDT,1h,is,ob_extend,baseline,276,189,153,0.6847826086956522,1.1819793915628765,0.0346411745061263,0.673202614379085,45.86012391342933,0.6960960349918343,0.5761963455420226,1.4007374950718987,-1.1223584224895224,1.5833333333333333,103,50,0
XRP/USDT:USDT,1h,is,fixed_1.5r,pen_5bp,276,172,138,0.6231884057971014,0.9252794151712868,0.0383309616442755,0.6521739130434783,41.75055222529588,0.6304347826086959,0.516017417096301,1.388040438356225,-1.119025747766056,1.75,90,48,0
XRP/USDT:USDT,1h,is,ob_extend,pen_5bp,276,172,138,0.6231884057971014,0.934594559563831,0.0364966869046995,0.6521739130434783,42.023756362797855,0.6378190363304432,0.5233950264665496,1.3993527727239394,-1.119025747766056,1.75,90,48,0
XRP/USDT:USDT,1h,oos_warm,fixed_1.5r,baseline,208,127,93,0.6105769230769231,0.1621705067802708,0.0990836751184674,0.5376344086021505,15.15538702860125,0.3440860215053762,0.2059469731528998,1.3593734920867542,-1.1352466535143728,1.8333333333333333,50,43,0
XRP/USDT:USDT,1h,oos_warm,ob_extend,baseline,208,127,93,0.6105769230769231,0.1630607168909386,0.098393582901709,0.5376344086021505,15.226422948101632,0.3462315477487501,0.2080905688517598,1.3633605800866335,-1.1352466535143728,1.8333333333333333,50,43,0
XRP/USDT:USDT,1h,oos_warm,fixed_1.5r,pen_5bp,208,119,85,0.5721153846153846,0.1093186421208602,0.1165752224848225,0.5176470588235295,11.428418046954462,0.2941176470588238,0.1582793920403181,1.3604332045892278,-1.131836894597536,2.0166666666666666,44,41,0
XRP/USDT:USDT,1h,oos_warm,ob_extend,pen_5bp,208,119,85,0.5721153846153846,0.1101683682715478,0.1158985286052489,0.5176470588235295,11.505902334295598,0.296465105183927,0.1606247379226002,1.364963986407273,-1.131836894597536,2.0166666666666666,44,41,0
XRP/USDT:USDT,1h,oos,fixed_1.5r,baseline,207,126,92,0.6086956521739131,0.1748043969966616,0.0990836751184679,0.5434782608695652,16.423222255133545,0.3586956521739129,0.2198746981047192,1.3593734920867542,-1.136671485207227,1.8333333333333333,50,42,0
XRP/USDT:USDT,1h,oos,ob_extend,baseline,207,126,92,0.6086956521739131,0.1757042845313764,0.0983935829017086,0.5434782608695652,16.495037954087447,0.3608644993547148,0.2220415937568277,1.3633605800866335,-1.1366714852072273,1.8333333333333333,50,42,0
XRP/USDT:USDT,1h,oos,fixed_1.5r,pen_5bp,207,118,84,0.5700483091787439,0.1213779826890353,0.1165752224848225,0.5238095238095238,12.73825570628316,0.3095238095238098,0.1729660957838276,1.3604332045892278,-1.1332477239021124,1.9916666666666667,44,40,0
XRP/USDT:USDT,1h,oos,ob_extend,pen_5bp,207,118,84,0.5700483091787439,0.1222369461649177,0.1158985286052482,0.5238095238095238,12.816549196454917,0.3118992135789738,0.1753393624504226,1.364963986407273,-1.1332477239021124,1.9916666666666667,44,40,0
TRX/USDT:USDT,1h,full,fixed_1.5r,baseline,463,330,227,0.712742980561555,1.0297312523163895,0.0399790540874693,0.6299559471365639,32.10386326073274,0.5748898678414097,0.4130125136687002,1.336371252136716,-1.158895814913755,1.8166666666666669,143,84,0
TRX/USDT:USDT,1h,full,ob_extend,baseline,463,330,227,0.712742980561555,1.0297312523163895,0.0399790540874693,0.6299559471365639,32.10386326073274,0.5748898678414097,0.4130125136687002,1.336371252136716,-1.158895814913755,1.8166666666666669,143,84,0
TRX/USDT:USDT,1h,full,fixed_1.5r,pen_5bp,463,297,211,0.6414686825053996,0.8621888351363468,0.0399790540874695,0.6113744075829384,29.702053796440403,0.5284360189573462,0.371608878374294,1.3435148127224843,-1.1573650915149325,1.6833333333333331,129,82,0
TRX/USDT:USDT,1h,full,ob_extend,pen_5bp,463,297,211,0.6414686825053996,0.8621888351363468,0.0399790540874695,0.6113744075829384,29.702053796440403,0.5284360189573462,0.371608878374294,1.3435148127224843,-1.1573650915149325,1.6833333333333331,129,82,0
TRX/USDT:USDT,1h,is,fixed_1.5r,baseline,311,220,162,0.707395498392283,0.9194723486066446,0.0377963505000054,0.6666666666666666,39.719984914039486,0.666666666666667,0.5227275634555462,1.3526927837681095,-1.13720287716958,1.9,108,54,0
TRX/USDT:USDT,1h,is,ob_extend,baseline,311,220,162,0.707395498392283,0.9194723486066446,0.0377963505000054,0.6666666666666666,39.719984914039486,0.666666666666667,0.5227275634555462,1.3526927837681095,-1.13720287716958,1.9,108,54,0
TRX/USDT:USDT,1h,is,fixed_1.5r,pen_5bp,311,204,152,0.6559485530546624,0.7754895814056261,0.0378325604308164,0.6447368421052632,36.53495828305656,0.6118421052631584,0.4714609734745335,1.3583346814125068,-1.1380505705610475,1.7833333333333334,98,54,0
TRX/USDT:USDT,1h,is,ob_extend,pen_5bp,311,204,152,0.6559485530546624,0.7754895814056261,0.0378325604308164,0.6447368421052632,36.53495828305656,0.6118421052631584,0.4714609734745335,1.3583346814125068,-1.1380505705610475,1.7833333333333334,98,54,0
TRX/USDT:USDT,1h,oos_warm,fixed_1.5r,baseline,152,110,65,0.7236842105263158,0.0574422985513603,0.0399790540874692,0.5384615384615384,10.659410504244423,0.3461538461538453,0.1395688511230225,1.2860076688169872,-1.1979431028532697,1.65,35,30,0
TRX/USDT:USDT,1h,oos_warm,ob_extend,baseline,152,110,65,0.7236842105263158,0.0574422985513603,0.0399790540874692,0.5384615384615384,10.659410504244423,0.3461538461538453,0.1395688511230225,1.2860076688169872,-1.1979431028532697,1.65,35,30,0
TRX/USDT:USDT,1h,oos_warm,fixed_1.5r,pen_5bp,152,93,59,0.6118421052631579,0.0488311813477854,0.0399790540874692,0.5254237288135594,9.74557540996273,0.3135593220338974,0.1143628028618128,1.2966649052508008,-1.194614524783138,1.5666666666666669,31,28,0
TRX/USDT:USDT,1h,oos_warm,ob_extend,pen_5bp,152,93,59,0.6118421052631579,0.0488311813477854,0.0399790540874692,0.5254237288135594,9.74557540996273,0.3135593220338974,0.1143628028618128,1.2966649052508008,-1.194614524783138,1.5666666666666669,31,28,0
TRX/USDT:USDT,1h,oos,fixed_1.5r,baseline,152,110,65,0.7236842105263158,0.0574422985513603,0.0399790540874692,0.5384615384615384,10.659410504244423,0.3461538461538453,0.1395688511230225,1.2860076688169872,-1.1979431028532697,1.65,35,30,0
TRX/USDT:USDT,1h,oos,ob_extend,baseline,152,110,65,0.7236842105263158,0.0574422985513603,0.0399790540874692,0.5384615384615384,10.659410504244423,0.3461538461538453,0.1395688511230225,1.2860076688169872,-1.1979431028532697,1.65,35,30,0
TRX/USDT:USDT,1h,oos,fixed_1.5r,pen_5bp,152,93,59,0.6118421052631579,0.0488311813477854,0.0399790540874692,0.5254237288135594,9.74557540996273,0.3135593220338974,0.1143628028618128,1.2966649052508008,-1.194614524783138,1.5666666666666669,31,28,0
TRX/USDT:USDT,1h,oos,ob_extend,pen_5bp,152,93,59,0.6118421052631579,0.0488311813477854,0.0399790540874692,0.5254237288135594,9.74557540996273,0.3135593220338974,0.1143628028618128,1.2966649052508008,-1.194614524783138,1.5666666666666669,31,28,0
DOGE/USDT:USDT,1h,full,fixed_1.5r,baseline,423,292,232,0.6903073286052009,1.3930115220710708,0.0586526003675316,0.6077586206896551,31.657581589409496,0.5193965517241381,0.4180640700709949,1.3999387017444844,-1.1033021174670492,1.3833333333333333,141,91,0
DOGE/USDT:USDT,1h,full,ob_extend,baseline,423,292,232,0.6903073286052009,1.334724047356268,0.0716462897985465,0.5991379310344828,30.637526374141824,0.5063129077037414,0.404992198713488,1.415103986748387,-1.1047447748010382,1.4333333333333331,139,93,0
DOGE/USDT:USDT,1h,full,fixed_1.5r,pen_5bp,423,275,223,0.6501182033096927,1.210321756595145,0.04867021377816,0.5964125560538116,29.816514808277244,0.4910313901345291,0.3907312088718137,1.4020429815542728,-1.1037628552033756,1.3583333333333334,133,90,0
DOGE/USDT:USDT,1h,full,ob_extend,pen_5bp,423,275,223,0.6501182033096927,1.152596695112908,0.0610529371800222,0.5874439461883408,28.71627822737197,0.475868963261262,0.3755824251502473,1.4155290774336184,-1.1052111775575966,1.3833333333333333,131,92,0
DOGE/USDT:USDT,1h,is,fixed_1.5r,baseline,265,185,143,0.6981132075471698,1.184949140194164,0.0486702137781601,0.6713286713286714,47.26948032036181,0.6783216783216783,0.5813149435101379,1.4070614865968718,-1.105316293432978,1.5333333333333334,96,47,0
DOGE/USDT:USDT,1h,is,ob_extend,baseline,265,185,143,0.6981132075471698,1.1439851307882825,0.04867021377816,0.6643356643356644,45.90176609941616,0.660843193466624,0.5638521857957561,1.4076296632308791,-1.106124071627925,1.5833333333333333,95,48,0
DOGE/USDT:USDT,1h,is,fixed_1.5r,pen_5bp,265,172,138,0.6490566037735849,1.0179191509206296,0.04867021377816,0.6521739130434783,43.28458874545045,0.6304347826086952,0.535489548238822,1.4103779341064806,-1.104926175263038,1.5,90,48,0
DOGE/USDT:USDT,1h,is,ob_extend,pen_5bp,265,172,138,0.6490566037735849,0.980335816355994,0.04867021377816,0.644927536231884,41.939646326315994,0.6124314938795002,0.5175024588688253,1.411189723408024,-1.1057254297840051,1.5583333333333331,89,49,0
DOGE/USDT:USDT,1h,oos_warm,fixed_1.5r,baseline,158,107,89,0.6772151898734177,0.0952252746068114,0.0586526003675319,0.5056179775280899,8.909945656632004,0.2640449438202252,0.1557621048822597,1.3847434273927246,-1.101150611321625,1.2333333333333334,45,44,0
DOGE/USDT:USDT,1h,oos_warm,ob_extend,baseline,158,107,89,0.6772151898734177,0.0889646639003767,0.0716462897985468,0.4943820224719101,8.33878991605486,0.258022673275739,0.14974525317681,1.4312417307066416,-1.1032735248523589,1.2833333333333334,44,45,0
DOGE/USDT:USDT,1h,oos_warm,fixed_1.5r,pen_5bp,158,103,85,0.6518987341772152,0.0953470338921824,0.0479109780405486,0.5058823529411764,9.348571942965885,0.2647058823529418,0.1557117873112592,1.3845977320263958,-1.1024333465637617,1.2,43,42,0
DOGE/USDT:USDT,1h,oos_warm,ob_extend,pen_5bp,158,103,85,0.6518987341772152,0.0869856906763872,0.0610529371800225,0.4941176470588235,8.56840412154151,0.254155678257534,0.1451710762894971,1.4247243752497591,-1.104625169206573,1.2333333333333334,42,43,0
DOGE/USDT:USDT,1h,oos,fixed_1.5r,baseline,158,107,89,0.6772151898734177,0.0952252746068114,0.0586526003675319,0.5056179775280899,8.909945656632004,0.2640449438202252,0.1557621048822597,1.3847434273927246,-1.101150611321625,1.2333333333333334,45,44,0
DOGE/USDT:USDT,1h,oos,ob_extend,baseline,158,107,89,0.6772151898734177,0.0889646639003767,0.0716462897985468,0.4943820224719101,8.33878991605486,0.258022673275739,0.14974525317681,1.4312417307066416,-1.1032735248523589,1.2833333333333334,44,45,0
DOGE/USDT:USDT,1h,oos,fixed_1.5r,pen_5bp,158,103,85,0.6518987341772152,0.0953470338921824,0.0479109780405486,0.5058823529411764,9.348571942965885,0.2647058823529418,0.1557117873112592,1.3845977320263958,-1.1024333465637617,1.2,43,42,0
DOGE/USDT:USDT,1h,oos,ob_extend,pen_5bp,158,103,85,0.6518987341772152,0.0869856906763872,0.0610529371800225,0.4941176470588235,8.56840412154151,0.254155678257534,0.1451710762894971,1.4247243752497591,-1.104625169206573,1.2333333333333334,42,43,0
LINK/USDT:USDT,1h,full,fixed_1.5r,baseline,503,329,266,0.6540755467196819,0.8984227321323549,0.0605581669363875,0.5488721804511278,20.34766825819008,0.3721804511278196,0.2698934873313839,1.3941959918086484,-1.0980078931159547,1.75,146,120,0
LINK/USDT:USDT,1h,full,ob_extend,baseline,503,329,266,0.6540755467196819,0.960484946961236,0.0605581669363875,0.5451127819548872,21.07181784355353,0.3989461725209821,0.2966351249284367,1.4614938760721845,-1.0992699900785334,1.7583333333333333,145,121,0
LINK/USDT:USDT,1h,full,fixed_1.5r,pen_5bp,503,314,254,0.6242544731610338,0.7505466466510199,0.0605581669363875,0.5393700787401575,18.543403489338612,0.3484251968503939,0.2484232575821475,1.3960040529344075,-1.095325195095285,1.7416666666666667,137,117,0
LINK/USDT:USDT,1h,full,ob_extend,pen_5bp,503,314,254,0.6242544731610338,0.8081853588019523,0.0605581669363875,0.5354330708661418,19.327614719234212,0.3767990290479215,0.2767715590054636,1.468409892934736,-1.0966421139977656,1.75,136,118,0
LINK/USDT:USDT,1h,is,fixed_1.5r,baseline,335,220,174,0.6567164179104478,0.7244274842059378,0.0605581669363875,0.5804597701149425,26.2988181144961,0.4511494252873568,0.3536421924488475,1.3968694102863064,-1.0897269719564038,1.5750000000000002,101,73,0
LINK/USDT:USDT,1h,is,ob_extend,baseline,335,220,174,0.6567164179104478,0.733383972551514,0.0605581669363875,0.5747126436781609,26.3300349557931,0.4508727862167462,0.3533658022980724,1.4228644017827008,-1.0919025753838578,1.6333333333333333,100,74,0
LINK/USDT:USDT,1h,is,fixed_1.5r,pen_5bp,335,209,166,0.6238805970149254,0.675600078951407,0.0605581669363875,0.5783132530120482,25.88758951739642,0.445783132530121,0.3518319909980372,1.3994399293578133,-1.0848874673239417,1.6,96,70,0
LINK/USDT:USDT,1h,is,ob_extend,pen_5bp,335,209,166,0.6238805970149254,0.6834304505242687,0.0605581669363875,0.572289156626506,25.905605302364947,0.445134579535637,0.3511840215715376,1.4262041254646227,-1.087223159693858,1.7,95,71,0
LINK/USDT:USDT,1h,oos_warm,fixed_1.5r,baseline,168,109,92,0.6488095238095238,0.1009002985164892,0.0576322013951015,0.4891304347826087,9.154108321409309,0.2228260869565209,0.1114991972179204,1.3881956525587944,-1.110869749385044,1.9833333333333336,45,47,0
LINK/USDT:USDT,1h,oos_warm,ob_extend,baseline,168,109,92,0.6488095238095238,0.1310159653059621,0.0576322013951012,0.4891304347826087,11.309930897854178,0.3007371422702977,0.1893401481641258,1.5473371522710364,-1.110869749385044,1.9583333333333337,45,47,0
LINK/USDT:USDT,1h,oos_warm,fixed_1.5r,pen_5bp,168,105,88,0.625,0.0447281953737509,0.0583381472693858,0.4659090909090909,4.646715932746022,0.1647727272727271,0.0533567831839919,1.387959073991798,-1.1108707470951582,1.9833333333333336,41,47,0
LINK/USDT:USDT,1h,oos_warm,ob_extend,pen_5bp,168,105,88,0.625,0.0741075511844459,0.0576322013951016,0.4659090909090909,7.0853482000905395,0.2478933315370037,0.1364025955285512,1.5662037443898766,-1.1108707470951582,1.9333333333333331,41,47,0
LINK/USDT:USDT,1h,oos,fixed_1.5r,baseline,162,105,88,0.6481481481481481,0.0500705226507669,0.0627214298402004,0.4659090909090909,5.118237442860961,0.1647727272727264,0.0536800378301772,1.3886517451256746,-1.110869749385044,2.166666666666667,41,47,0
LINK/USDT:USDT,1h,oos,ob_extend,baseline,162,105,88,0.6481481481481481,0.0583670957357217,0.0627214298402005,0.4659090909090909,5.827117309496142,0.1816650443431897,0.0705571551937407,1.4248758019060062,-1.110869749385044,2.166666666666667,41,47,0
LINK/USDT:USDT,1h,oos,fixed_1.5r,pen_5bp,162,101,84,0.6234567901234568,-0.0035080527978663,0.076283738203443,0.4404761904761904,0.1689540882861329,0.101190476190476,-0.0099843558904975,1.388438897801909,-1.1108707470951582,2.166666666666667,37,47,0
LINK/USDT:USDT,1h,oos,ob_extend,pen_5bp,162,101,84,0.6234567901234568,0.0051140959335301,0.0750048876035054,0.4404761904761904,1.024415576053008,0.1206347617689242,0.0094424337197871,1.432542960700934,-1.110870747095158,2.166666666666667,37,47,0
LTC/USDT:USDT,1h,full,fixed_1.5r,baseline,457,303,242,0.6630196936542669,0.5535891210943633,0.0855643641227576,0.5454545454545454,16.0827786583522,0.3636363636363633,0.2442207498343759,1.3706482431503637,-1.1074922421448092,1.575,132,110,0
LTC/USDT:USDT,1h,full,ob_extend,baseline,457,303,242,0.6630196936542669,0.5340146664152097,0.0855643641227575,0.5371900826446281,15.545482401753716,0.352993269541371,0.2335872323954503,1.3906761090325923,-1.1094623565583754,1.5666666666666669,130,112,0
LTC/USDT:USDT,1h,full,fixed_1.5r,pen_5bp,457,284,229,0.6214442013129103,0.4853953779871353,0.0942682055139352,0.537117903930131,15.216078389389642,0.3427947598253272,0.2249946173475846,1.3730747143901827,-1.107211532994298,1.4666666666666666,123,106,0
LTC/USDT:USDT,1h,full,ob_extend,pen_5bp,457,284,229,0.6214442013129103,0.4882233781209295,0.0895509686826864,0.5327510917030568,15.1988449044742,0.3435774311250996,0.2257765843997216,1.3958137716879293,-1.108284507648515,1.4666666666666666,122,107,0
LTC/USDT:USDT,1h,is,fixed_1.5r,baseline,295,193,158,0.6542372881355932,0.3993711994369383,0.0855643641227576,0.5632911392405063,18.27877302851707,0.4082278481012653,0.3000027811664864,1.3758125310728673,-1.0876358817562368,1.5083333333333333,89,69,0
LTC/USDT:USDT,1h,is,ob_extend,baseline,295,193,158,0.6542372881355932,0.3737702101317529,0.0855643641227575,0.5506329113924051,17.17694811626121,0.3808756108130835,0.2726751554214165,1.385806755130726,-1.091303001968864,1.4666666666666666,87,71,0
LTC/USDT:USDT,1h,is,fixed_1.5r,pen_5bp,295,179,149,0.6067796610169491,0.3743135517035771,0.0845902465137752,0.5570469798657718,18.19986574694912,0.3926174496644291,0.2863633123476165,1.3793628956547563,-1.088166466659847,1.3083333333333331,83,66,0
LTC/USDT:USDT,1h,is,ob_extend,pen_5bp,295,179,149,0.6067796610169491,0.3665561203892852,0.084590246513775,0.5503355704697986,17.77128647757384,0.3803915873051491,0.2741484508192874,1.3888917779587715,-1.0901642779185887,1.3,82,67,0
LTC/USDT:USDT,1h,oos_warm,fixed_1.5r,baseline,162,110,84,0.6790123456790124,0.1102051562297956,0.0792840915516464,0.5119047619047619,11.620209872495314,0.2797619047619049,0.1392974051858822,1.359959368147972,-1.1409090437743583,1.6833333333333331,43,41,0
LTC/USDT:USDT,1h,oos_warm,ob_extend,baseline,162,110,84,0.6790123456790124,0.1166457498507612,0.0744888143836263,0.5119047619047619,12.19822075846975,0.3005479133398168,0.1600647105132757,1.4005280576247408,-1.1409090437743583,1.6833333333333331,43,41,0
LTC/USDT:USDT,1h,oos_warm,fixed_1.5r,pen_5bp,162,105,80,0.6481481481481481,0.0808271344962458,0.0942682055139353,0.5,9.19289261805125,0.2500000000000001,0.1106954229100253,1.3600267382661928,-1.138635892446142,1.6833333333333331,40,40,0
LTC/USDT:USDT,1h,oos_warm,ob_extend,pen_5bp,162,105,80,0.6481481481481481,0.089032024310121,0.0895509686826868,0.5,9.988131918274547,0.2750110652397576,0.1356839831932801,1.4100038588327022,-1.138635892446142,1.6833333333333331,40,40,0
LTC/USDT:USDT,1h,oos,fixed_1.5r,baseline,162,110,84,0.6790123456790124,0.1102051562297956,0.0792840915516464,0.5119047619047619,11.620209872495314,0.2797619047619049,0.1392974051858822,1.359959368147972,-1.1409090437743583,1.6833333333333331,43,41,0
LTC/USDT:USDT,1h,oos,ob_extend,baseline,162,110,84,0.6790123456790124,0.1166457498507612,0.0744888143836263,0.5119047619047619,12.19822075846975,0.3005479133398168,0.1600647105132757,1.4005280576247408,-1.1409090437743583,1.6833333333333331,43,41,0
LTC/USDT:USDT,1h,oos,fixed_1.5r,pen_5bp,162,105,80,0.6481481481481481,0.0808271344962458,0.0942682055139353,0.5,9.19289261805125,0.2500000000000001,0.1106954229100253,1.3600267382661928,-1.138635892446142,1.6833333333333331,40,40,0
LTC/USDT:USDT,1h,oos,ob_extend,pen_5bp,162,105,80,0.6481481481481481,0.089032024310121,0.0895509686826868,0.5,9.988131918274547,0.2750110652397576,0.1356839831932801,1.4100038588327022,-1.138635892446142,1.6833333333333331,40,40,0
