symbol,timeframe,segment,num_candidates,num_trades,win_rate,total_return,max_drawdown,engine_total_return,engine_num_trades
BTC/USDT:USDT,15m,full,1445,658,0.574468085106383,1.4265348162462506,0.07786616736453142,1.4265348162462506,658.0
BTC/USDT:USDT,15m,is,937,484,0.5991735537190083,1.3068510163713027,0.07038482531685077,,
BTC/USDT:USDT,15m,oos,506,172,0.5058139534883721,0.046079794584702904,0.07786616736453124,,
BTC/USDT:USDT,15m,oos_warm,508,174,0.5057471264367817,0.05188189398689956,0.07786616736453107,,
BTC/USDT:USDT,1h,full,344,254,0.610236220472441,0.9893945855778715,0.050880373680385,0.9893945855778715,254.0
BTC/USDT:USDT,1h,is,220,169,0.6568047337278107,0.8817102472013572,0.04261686530739744,,
BTC/USDT:USDT,1h,oos,124,85,0.5176470588235295,0.0572268437909981,0.05088037368038528,,
BTC/USDT:USDT,1h,oos_warm,124,85,0.5176470588235295,0.0572268437909981,0.05088037368038528,,
BTC/USDT:USDT,2h,full,161,120,0.6083333333333333,0.48688265642973527,0.04580640454963048,0.48688265642973527,120.0
BTC/USDT:USDT,2h,is,105,80,0.6125,0.3625890535014647,0.04580640454963048,,
BTC/USDT:USDT,2h,oos,56,40,0.6,0.09121870061180362,0.03408726764964041,,
BTC/USDT:USDT,2h,oos_warm,56,40,0.6,0.09121870061180362,0.03408726764964041,,
BTC/USDT:USDT,4h,full,60,52,0.6346153846153846,0.2580248461440513,0.05256470016774714,0.2580248461440513,52.0
BTC/USDT:USDT,4h,is,40,37,0.6756756756756757,0.22117994693551135,0.05256470016774714,,
BTC/USDT:USDT,4h,oos,20,15,0.5333333333333333,0.030171556043808778,0.046766141931767945,,
BTC/USDT:USDT,4h,oos_warm,20,15,0.5333333333333333,0.030171556043808778,0.046766141931767945,,
ETH/USDT:USDT,15m,full,1373,806,0.5744416873449132,2.4319116459826806,0.06716887238616706,2.4319116459826806,806.0
ETH/USDT:USDT,15m,is,848,503,0.5785288270377733,1.5239265888594997,0.06716887238616706,,
ETH/USDT:USDT,15m,oos,520,298,0.5604026845637584,0.3100011324632842,0.06320855804134477,,
ETH/USDT:USDT,15m,oos_warm,525,303,0.5676567656765676,0.359750977358449,0.06320855804134504,,
ETH/USDT:USDT,1h,full,316,250,0.628,1.291865427922825,0.09923531382306282,1.291865427922825,250.0
ETH/USDT:USDT,1h,is,199,159,0.5723270440251572,0.4273802016549262,0.09923531382306282,,
ETH/USDT:USDT,1h,oos,114,88,0.7159090909090909,0.5541904731200539,0.021330275323461538,,
ETH/USDT:USDT,1h,oos_warm,117,91,0.7252747252747253,0.6056446805592521,0.02133027532346156,,
ETH/USDT:USDT,2h,full,158,130,0.5692307692307692,0.4633047185509753,0.04791979977714152,0.4633047185509753,130.0
ETH/USDT:USDT,2h,is,92,78,0.5512820512820513,0.24196140970615743,0.04791979977714152,,
ETH/USDT:USDT,2h,oos,62,48,0.6041666666666666,0.17306339116005712,0.025450523260225743,,
ETH/USDT:USDT,2h,oos_warm,66,52,0.5961538461538461,0.17822076202608095,0.025957895948020285,,
ETH/USDT:USDT,4h,full,84,68,0.6176470588235294,0.36797233243013305,0.04711524117818985,0.36797233243013305,68.0
ETH/USDT:USDT,4h,is,53,43,0.6046511627906976,0.19818600958073077,0.04711524117818985,,
ETH/USDT:USDT,4h,oos,28,22,0.5909090909090909,0.09348490631605255,0.02151911834697082,,
ETH/USDT:USDT,4h,oos_warm,31,25,0.64,0.1417028086555727,0.021519118346970754,,
SOL/USDT:USDT,15m,full,1624,1172,0.5708191126279863,6.03449705418954,0.14523062600629208,6.03449705418954,1172.0
SOL/USDT:USDT,15m,is,1045,768,0.5651041666666666,2.8142495543180885,0.14523062600629208,,
SOL/USDT:USDT,15m,oos,567,392,0.576530612244898,0.7283227093936563,0.04623006200663411,,
SOL/USDT:USDT,15m,oos_warm,579,404,0.5816831683168316,0.8442676479376718,0.04623006200663437,,
SOL/USDT:USDT,1h,full,357,280,0.5464285714285714,0.9917816651373589,0.07808988476747407,0.9917816651373589,280.0
SOL/USDT:USDT,1h,is,233,187,0.5294117647058824,0.4754535649909289,0.0742376085663804,,
SOL/USDT:USDT,1h,oos,117,87,0.5747126436781609,0.3063432069392269,0.04405544250917245,,
SOL/USDT:USDT,1h,oos_warm,124,93,0.5806451612903226,0.3499453404686463,0.04095675731964187,,
SOL/USDT:USDT,2h,full,163,136,0.6176470588235294,0.8527849438520574,0.04495639401679082,0.8527849438520574,136.0
SOL/USDT:USDT,2h,is,110,91,0.6153846153846154,0.5417351648459797,0.03174146590129161,,
SOL/USDT:USDT,2h,oos,47,39,0.6410256410256411,0.18758332941950703,0.03128353459582673,,
SOL/USDT:USDT,2h,oos_warm,53,45,0.6222222222222222,0.20175305467405033,0.044956394016790975,,
SOL/USDT:USDT,4h,full,88,76,0.5789473684210527,0.33646072631085044,0.04127244900984847,0.33646072631085044,76.0
SOL/USDT:USDT,4h,is,44,38,0.6052631578947368,0.18396233963451014,0.021101881258520097,,
SOL/USDT:USDT,4h,oos,37,32,0.53125,0.08700831926875599,0.04127244900984824,,
SOL/USDT:USDT,4h,oos_warm,44,38,0.5526315789473685,0.1288034100167548,0.04127244900984839,,
BNB/USDT:USDT,15m,full,1420,769,0.5591677503250976,1.7640360332813234,0.059936589297976885,1.7640360332813234,769.0
BNB/USDT:USDT,15m,is,976,582,0.570446735395189,1.6053250542107627,0.0594786462587877,,
BNB/USDT:USDT,15m,oos,441,184,0.5217391304347826,0.04618993476823907,0.05082706741810966,,
BNB/USDT:USDT,15m,oos_warm,444,187,0.5240641711229946,0.06091791840486439,0.050827067418110085,,
BNB/USDT:USDT,1h,full,296,220,0.6090909090909091,1.067979652057256,0.07825526785664368,1.067979652057256,220.0
BNB/USDT:USDT,1h,is,190,142,0.6619718309859155,0.8529515079235287,0.046145444488873075,,
BNB/USDT:USDT,1h,oos,106,78,0.5128205128205128,0.11604628788947358,0.0782552678566434,,
BNB/USDT:USDT,1h,oos_warm,106,78,0.5128205128205128,0.11604628788947358,0.0782552678566434,,
BNB/USDT:USDT,2h,full,127,110,0.6,0.4372065549895562,0.050022862428574566,0.4372065549895562,110.0
BNB/USDT:USDT,2h,is,81,72,0.5972222222222222,0.26212835098232046,0.031835560192388465,,
BNB/USDT:USDT,2h,oos,46,38,0.6052631578947368,0.1387166399288717,0.04291082778859928,,
BNB/USDT:USDT,2h,oos_warm,46,38,0.6052631578947368,0.1387166399288717,0.04291082778859928,,
BNB/USDT:USDT,4h,full,71,61,0.6229508196721312,0.3620290124854666,0.03655780647703523,0.3620290124854666,61.0
BNB/USDT:USDT,4h,is,46,40,0.625,0.2251429162465778,0.03637846249162794,,
BNB/USDT:USDT,4h,oos,24,20,0.6,0.09574202653707779,0.036557806477035264,,
BNB/USDT:USDT,4h,oos_warm,25,21,0.6190476190476191,0.11173071681976599,0.036557806477035396,,
XRP/USDT:USDT,15m,full,1422,933,0.602357984994641,6.269027813732596,0.08125888886558749,6.269027813732596,933.0
XRP/USDT:USDT,15m,is,887,613,0.6231647634584013,3.7808507153430093,0.08125888886558749,,
XRP/USDT:USDT,15m,oos,535,320,0.5625,0.5204465160153122,0.06062616203143356,,
XRP/USDT:USDT,15m,oos_warm,535,320,0.5625,0.5204465160153122,0.06062616203143356,,
XRP/USDT:USDT,1h,full,317,246,0.6219512195121951,1.510248694624167,0.09908367511846773,1.510248694624167,246.0
XRP/USDT:USDT,1h,is,189,153,0.673202614379085,1.1599659258078006,0.0346411745061265,,
XRP/USDT:USDT,1h,oos,126,92,0.5434782608695652,0.17480439699666167,0.09908367511846798,,
XRP/USDT:USDT,1h,oos_warm,127,93,0.5376344086021505,0.1621705067802708,0.09908367511846748,,
XRP/USDT:USDT,2h,full,132,101,0.594059405940594,0.4491155349680197,0.05855866721603162,0.4491155349680197,101.0
XRP/USDT:USDT,2h,is,85,64,0.640625,0.36443960117079366,0.04179022096261457,,
XRP/USDT:USDT,2h,oos,46,36,0.5,0.04679165950842817,0.062368388861728775,,
XRP/USDT:USDT,2h,oos_warm,47,37,0.5135135135135135,0.06205912942175564,0.052396273818335726,,
XRP/USDT:USDT,4h,full,69,58,0.5862068965517241,0.2354777687168118,0.04197993634679846,0.2354777687168118,58.0
XRP/USDT:USDT,4h,is,38,33,0.696969696969697,0.2347375290027705,0.02063510019025182,,
XRP/USDT:USDT,4h,oos,31,25,0.44,0.0005995117963564553,0.0419799363467986,,
XRP/USDT:USDT,4h,oos_warm,31,25,0.44,0.0005995117963564553,0.0419799363467986,,
TRX/USDT:USDT,15m,full,1349,529,0.5255198487712666,0.509344540454654,0.12357959260501504,0.509344540454654,529.0
TRX/USDT:USDT,15m,is,906,450,0.5355555555555556,0.5135176448144882,0.12357959260501504,,
TRX/USDT:USDT,15m,oos,440,79,0.46835443037974683,-0.0027572221401802382,0.05652769259396417,,
TRX/USDT:USDT,15m,oos_warm,443,79,0.46835443037974683,-0.0027572221401802382,0.05652769259396417,,
TRX/USDT:USDT,1h,full,330,227,0.6299559471365639,1.0297312523163895,0.03997905408746935,1.0297312523163895,227.0
TRX/USDT:USDT,1h,is,220,162,0.6666666666666666,0.9194723486066446,0.037796350500005495,,
TRX/USDT:USDT,1h,oos,110,65,0.5384615384615384,0.05744229855136036,0.03997905408746925,,
TRX/USDT:USDT,1h,oos_warm,110,65,0.5384615384615384,0.05744229855136036,0.03997905408746925,,
TRX/USDT:USDT,2h,full,154,123,0.5772357723577236,0.4148815538542105,0.05259096915375213,0.4148815538542105,123.0
TRX/USDT:USDT,2h,is,99,81,0.5802469135802469,0.29258248592237157,0.05259096915375213,,
TRX/USDT:USDT,2h,oos,55,42,0.5714285714285714,0.09461606455588571,0.0216291330677984,,
TRX/USDT:USDT,2h,oos_warm,55,42,0.5714285714285714,0.09461606455588571,0.0216291330677984,,
TRX/USDT:USDT,4h,full,86,69,0.6666666666666666,0.44725889971466115,0.03174749222355513,0.44725889971466115,69.0
TRX/USDT:USDT,4h,is,50,44,0.75,0.38383514487184145,0.03174749222355513,,
TRX/USDT:USDT,4h,oos,36,25,0.52,0.04583187172103026,0.022644133622070562,,
TRX/USDT:USDT,4h,oos_warm,36,25,0.52,0.04583187172103026,0.022644133622070562,,
DOGE/USDT:USDT,15m,full,1398,983,0.595116988809766,6.704046603707319,0.06389071968792986,,
DOGE/USDT:USDT,15m,is,851,597,0.6180904522613065,3.6621468611046324,0.061737924425504014,,
DOGE/USDT:USDT,15m,oos,541,381,0.5590551181102362,0.6463777866094722,0.0638907196879302,,
DOGE/USDT:USDT,15m,oos_warm,547,386,0.5595854922279793,0.6524675934129526,0.06389071968792982,,
DOGE/USDT:USDT,1h,full,292,232,0.6077586206896551,1.385969872403974,0.058709688351933555,,
DOGE/USDT:USDT,1h,is,185,143,0.6713286713286714,1.1806061751480854,0.048836547558539986,,
DOGE/USDT:USDT,1h,oos,107,89,0.5056179775280899,0.09417734371129281,0.058709688351933895,,
DOGE/USDT:USDT,1h,oos_warm,107,89,0.5056179775280899,0.09417734371129281,0.058709688351933895,,
DOGE/USDT:USDT,2h,full,140,116,0.5948275862068966,0.48290232455052284,0.0708308549632522,,
DOGE/USDT:USDT,2h,is,78,66,0.6515151515151515,0.3776818127714689,0.031692113068049775,,
DOGE/USDT:USDT,2h,oos,56,45,0.4888888888888889,0.03622354040957853,0.07083085496325257,,
DOGE/USDT:USDT,2h,oos_warm,62,50,0.52,0.07637504596753224,0.07083085496325257,,
DOGE/USDT:USDT,4h,full,82,63,0.5873015873015873,0.25486366933716254,0.043010507965810615,,
DOGE/USDT:USDT,4h,is,50,41,0.5853658536585366,0.17224664190285038,0.043010507965810615,,
DOGE/USDT:USDT,4h,oos,27,19,0.5789473684210527,0.061538799794255285,0.02132968063638109,,
DOGE/USDT:USDT,4h,oos_warm,32,22,0.5909090909090909,0.070477512565277,0.026872158241135955,,
LINK/USDT:USDT,15m,full,1481,1037,0.5689488910318226,4.452182049768578,0.08025072246757524,,
LINK/USDT:USDT,15m,is,914,665,0.5699248120300752,2.357900397197208,0.08025072246757524,,
LINK/USDT:USDT,15m,oos,564,369,0.5636856368563685,0.578394287572953,0.05526190008979297,,
LINK/USDT:USDT,15m,oos_warm,567,372,0.5672043010752689,0.6236878420573286,0.05526190008979297,,
LINK/USDT:USDT,1h,full,329,266,0.5488721804511278,0.891616080816185,0.06055816693638752,,
LINK/USDT:USDT,1h,is,220,174,0.5804597701149425,0.7202269154666399,0.06055816693638752,,
LINK/USDT:USDT,1h,oos,105,88,0.4659090909090909,0.0488561780015094,0.06266510990441726,,
LINK/USDT:USDT,1h,oos_warm,109,92,0.4891304347826087,0.09963171940200173,0.05745764199138006,,
LINK/USDT:USDT,2h,full,145,119,0.5294117647058824,0.29414032748321844,0.07766892598601428,,
LINK/USDT:USDT,2h,is,93,75,0.5733333333333334,0.2663370052892196,0.07766892598601428,,
LINK/USDT:USDT,2h,oos,51,43,0.4418604651162791,0.007082772373014996,0.0778529407927208,,
LINK/USDT:USDT,2h,oos_warm,52,44,0.45454545454545453,0.021955705375322942,0.07132734686428918,,
LINK/USDT:USDT,4h,full,66,59,0.6101694915254238,0.31414487056924334,0.04108371641767411,,
LINK/USDT:USDT,4h,is,46,40,0.55,0.13585981168488015,0.04108371641767411,,
LINK/USDT:USDT,4h,oos,20,19,0.7368421052631579,0.15696044269750437,0.01057822855703581,,
LINK/USDT:USDT,4h,oos_warm,20,19,0.7368421052631579,0.15696044269750437,0.01057822855703581,,
LTC/USDT:USDT,15m,full,1528,960,0.5583333333333333,2.404413390134322,0.06599030567211586,,
LTC/USDT:USDT,15m,is,944,618,0.5760517799352751,1.7920604969670675,0.051972657980648256,,
LTC/USDT:USDT,15m,oos,581,339,0.5250737463126843,0.2202932984176703,0.06599030567211671,,
LTC/USDT:USDT,15m,oos_warm,584,342,0.5263157894736842,0.21931934993257837,0.06599030567211675,,
LTC/USDT:USDT,1h,full,303,242,0.5454545454545454,0.549485978278709,0.08580892212189543,,
LTC/USDT:USDT,1h,is,193,158,0.5632911392405063,0.3963446677840053,0.08580892212189543,,
LTC/USDT:USDT,1h,oos,110,84,0.5119047619047619,0.10967300124956873,0.07958650875956336,,
LTC/USDT:USDT,1h,oos_warm,110,84,0.5119047619047619,0.10967300124956873,0.07958650875956336,,
LTC/USDT:USDT,2h,full,131,120,0.6,0.5179563438310377,0.032552225092782786,,
LTC/USDT:USDT,2h,is,79,73,0.6301369863013698,0.38025196138483713,0.03139056807109708,,
LTC/USDT:USDT,2h,oos,52,47,0.5531914893617021,0.09976756874740476,0.03255222509278269,,
LTC/USDT:USDT,2h,oos_warm,52,47,0.5531914893617021,0.09976756874740476,0.03255222509278269,,
LTC/USDT:USDT,4h,full,67,53,0.5849056603773585,0.23283807980148685,0.041083316098326994,,
LTC/USDT:USDT,4h,is,30,28,0.6071428571428571,0.13606613648226612,0.02085845513354908,,
LTC/USDT:USDT,4h,oos,37,25,0.56,0.08518161065769182,0.04108331609832715,,
LTC/USDT:USDT,4h,oos_warm,37,25,0.56,0.08518161065769182,0.04108331609832715,,
