arm,segment,axis,bucket,num_trades,num_candidates,win_rate,median_stop_width,gross_r,slippage_r,entry_fee_r,take_profit_fee_r,stop_fee_r,other_fee_r,funding_r,cost_r,net_r,cost_share_of_net,identity_max_abs
taker_tp,full,overall,전체,30251,53785,0.4075237182241909,0.006946015641162363,0.09551758411999182,0.15346433591108818,0.030698657081521183,0.025188245543116876,0.036185889919208875,0.0,0.0003029043966685025,0.24584003285160363,-0.15032244873161155,1.6354179626925247,6.144670756261648e-16
taker_tp,full,timeframe,15m,20124,53785,0.40911349632279864,0.00574506391416044,0.11281177781240384,0.18011247989971782,0.03602922040956767,0.02951952608135744,0.04251199445694246,0.0,0.0004615535289265272,0.2886347743765119,-0.17582299656410888,1.6416212896887434,5.954486836927771e-16
taker_tp,full,timeframe,1h,5769,53785,0.40370948171260185,0.010157466547989066,0.06761049064308607,0.11670737796848425,0.02334638190190735,0.019121469871939058,0.02755165517694552,0.0,0.00018473964038362653,0.18691162455965982,-0.11930113391657407,1.5667212743373,6.144670756261648e-16
taker_tp,full,timeframe,2h,2888,53785,0.4089335180055402,0.01496647795037292,0.06590285560759288,0.08717107261528866,0.017436338049617636,0.014560999033371092,0.02030316977906106,0.0,1.839578175265347e-05,0.1394899752590911,-0.07358711965149826,1.8955759638331084,5.862384032988822e-16
taker_tp,full,timeframe,4h,1470,53785,0.3979591836734694,0.02186038616180732,0.026466566668289497,0.06315044825256635,0.012633756715344713,0.010581461336053147,0.01467137854200258,0.0,-0.0008462804867846217,0.10019076435918219,-0.07372419769089261,1.3589942989852173,4.691595208371315e-16
taker_tp,full,stop_width,0.30~0.40%,4738,53785,0.4050232165470663,0.0034865391464893284,0.15674411026423918,0.2884505098482797,0.05770326477241515,0.04702263118159456,0.06833121580340207,0.0,7.82539966257439e-05,0.46158587560231723,-0.30484176533807744,1.5141818742927384,5.822160780646421e-16
taker_tp,full,stop_width,0.40~0.50%,4071,53785,0.39842790469172196,0.004480556337149077,0.10783058214653984,0.2235755561255444,0.04472668033098231,0.03585755285239125,0.05354950981998225,0.0,0.00013843179543184323,0.3578477309243321,-0.2500171487777907,1.4312927440124463,5.310230782436257e-16
taker_tp,full,stop_width,0.50~0.75%,7667,53785,0.4128081387765749,0.006081588972885076,0.11467572625694465,0.16536809649414247,0.03307868280206958,0.027579721712572378,0.038557366943471914,0.0,0.0003810169748985991,0.264964884927155,-0.15028915867021073,1.7630339225504925,5.77077761488012e-16
taker_tp,full,stop_width,0.75~1.00%,4420,53785,0.4115384615384615,0.008597608532049399,0.08709893182553705,0.11654910542467953,0.023312761747351817,0.019416698281615078,0.027197045143648825,0.0,0.000394920840833117,0.18687053143812835,-0.09977159961259091,1.8729832153011385,5.954486836927771e-16
taker_tp,full,stop_width,1.00~1.50%,4263,53785,0.4015951208069435,0.012030021242313612,0.04559308930501555,0.0832333711199656,0.01665043597252198,0.013576650781151823,0.01970916505116615,0.0,0.00014380073880275855,0.13331342366360832,-0.0877203343585929,1.5197550788923688,5.862384032988822e-16
taker_tp,full,stop_width,≥1.50%,5092,53785,0.41064414768263946,0.021806640636509313,0.04896133764241632,0.04472641754045641,0.008944857568015212,0.007472014271261613,0.010419394832809594,0.0,0.0005791452898383591,0.0721418295023812,-0.023180491859965083,3.1121785481600157,6.144670756261648e-16
taker_tp,is,overall,전체,20738,35382,0.4097309287298679,0.0074554030950639005,0.09727565458533553,0.1459453033486246,0.02919392277082182,0.023973620178579978,0.03439475750355781,0.0,0.0005150550739579748,0.23402265887554216,-0.13674700429020564,1.7113549221078168,6.144670756261648e-16
taker_tp,is,timeframe,15m,13900,35382,0.40928057553956837,0.006069645371275722,0.10919757883523623,0.17204687876204486,0.0344156552225268,0.028102320424578907,0.04070385030050349,0.0,0.0005587118767204512,0.2758274165863745,-0.16662983775113935,1.6553302836333614,5.954486836927771e-16
taker_tp,is,timeframe,1h,3950,35382,0.4088607594936709,0.011060596405258052,0.07648141172978351,0.10869726669707722,0.0217426711008439,0.018143560260611667,0.025328895599089223,0.0,0.0005176407972118761,0.17443003445483388,-0.0979486227250503,1.7808319259830032,6.144670756261648e-16
taker_tp,is,timeframe,2h,1935,35382,0.4129198966408269,0.016812836136876376,0.07150860095540537,0.0784534730071543,0.015691385513207704,0.013004663269737371,0.018375329807857343,0.0,0.0005983345296498402,0.12612318612760653,-0.0546145851722013,2.3093315774520056,5.862384032988822e-16
taker_tp,is,timeframe,4h,953,35382,0.41343126967471144,0.023863866279998466,0.06189450136366116,0.05666360160444699,0.011332194136189638,0.010190550792640495,0.01247592983964246,0.0,-0.00030151251472524825,0.09036076385819435,-0.028466262494533153,3.1743107784363267,4.691595208371315e-16
taker_tp,is,stop_width,0.30~0.40%,2861,35382,0.4058021670744495,0.0034843867896167413,0.15864737877649077,0.28836324587012163,0.057685612828371265,0.047152432212579205,0.06816690709732566,0.0,0.00035221108112701977,0.46172040908952483,-0.3030730303130337,1.5234625417267573,5.822160780646421e-16
taker_tp,is,stop_width,0.40~0.50%,2528,35382,0.3959651898734177,0.00449330090740515,0.10143057001578208,0.22308590594948532,0.04462934165196676,0.035535631773239075,0.05367438939632092,0.0,0.0003356838001184861,0.35726095257113055,-0.25583038255534657,1.3964758563961432,5.310230782436257e-16
taker_tp,is,stop_width,0.50~0.75%,5025,35382,0.4077611940298507,0.0060790617367529635,0.10198639791601972,0.16521781888174253,0.03304988181912908,0.027183262556877686,0.03889120851299386,0.0,0.0006587233393609389,0.26500089511010416,-0.16301449719408528,1.6256277795624137,5.710622594315399e-16
taker_tp,is,stop_width,0.75~1.00%,3182,35382,0.41923318667504716,0.008602491819474607,0.10631327116326511,0.11651376558687632,0.023303767851156572,0.019779370620722752,0.026824084883821073,0.0,0.0005401461840154861,0.18696113512659218,-0.08064786396332667,2.3182403840430266,5.954486836927771e-16
taker_tp,is,stop_width,1.00~1.50%,3112,35382,0.4019922879177378,0.012032464441786949,0.04658071112671814,0.08322327302031014,0.016648316531217643,0.013608867392819383,0.019673108644858488,0.0,0.00028927103606360904,0.1334428366252693,-0.08686212549855143,1.5362603189752093,5.862384032988822e-16
taker_tp,is,stop_width,≥1.50%,4030,35382,0.42208436724565757,0.022049113568163265,0.07723728082267743,0.04409134405747821,0.008814950355956074,0.007578933645297458,0.010064225441320762,0.0,0.0007185821766452989,0.0712680356766978,0.005969245145979538,11.939204025604296,6.144670756261648e-16
taker_tp,oos_warm,overall,전체,9514,18402,0.40277485810384694,0.006104004352793345,0.09183833876886718,0.16984830618788507,0.033977457642405375,0.02783743057078884,0.040086280727054606,0.0,-0.00015955972462913665,0.2715899154035048,-0.17975157663463676,1.5109181264959848,5.960296889280461e-16
taker_tp,oos_warm,timeframe,15m,6224,18402,0.4087403598971722,0.005154721268135654,0.12088333401141156,0.1981253102039687,0.039632780194250365,0.032684557994792626,0.04655010560323127,0.0,0.0002445707149266015,0.3172373247111696,-0.19635399069975654,1.6156398124663272,5.420155235887039e-16
taker_tp,oos_warm,timeframe,1h,1820,18402,0.39285714285714285,0.0085745952591403,0.04917219055557274,0.13408325292070858,0.02682513923177176,0.021255676071896115,0.03236063796670143,0.0,-0.0005378671228647081,0.21398683906821314,-0.16481464851264024,1.2983484235128633,5.452919307615685e-16
taker_tp,oos_warm,timeframe,2h,953,18402,0.40083945435466944,0.01222482769312122,0.05452078084577018,0.10487155030861493,0.020979342412632513,0.017721030200875117,0.024217514316604724,0.0,-0.0011591293779336595,0.1666303078607936,-0.11210952701502347,1.4863171070061152,5.536540150468972e-16
taker_tp,oos_warm,timeframe,4h,517,18402,0.3694390715667311,0.017992690746212705,-0.038838697866892605,0.07510782708362561,0.015032962011156727,0.011302037250699708,0.018718308161633536,0.0,-0.0018504659362480317,0.11831066857086754,-0.15714936643776012,0.7528548873770047,5.960296889280461e-16
taker_tp,oos_warm,stop_width,0.30~0.40%,1877,18402,0.4038359083644113,0.0034908577216066876,0.15384307072585376,0.28858352116501335,0.05773017058589935,0.046824783153013375,0.06858166183860966,0.0,-0.000339322571705716,0.46138081417083,-0.3075377434449751,1.500241267957995,5.189036260580092e-16
taker_tp,oos_warm,stop_width,0.40~0.50%,1543,18402,0.4024627349319507,0.004457303875487115,0.11831614965564947,0.22437778272637227,0.044886156792778915,0.03638497766645239,0.05334491126587723,0.0,-0.0001847393438084889,0.35880908910767234,-0.24049293945202302,1.4919734854804447,5.368665785133144e-16
taker_tp,oos_warm,stop_width,0.50~0.75%,2642,18402,0.42240726722180166,0.0060849229951673274,0.13881042531566806,0.16565391973498494,0.03313346135592154,0.028333774421643643,0.037922410892431584,0.0,-0.00014717170088613242,0.2648963947040956,-0.12608596938842787,2.100918888826085,5.38421080195015e-16
taker_tp,oos_warm,stop_width,0.75~1.00%,1239,18402,0.3922518159806295,0.00858327955300061,0.038933407950919215,0.11662720270266572,0.023333207973340497,0.01850240748882122,0.028132930939959035,0.0,2.1634349431075333e-05,0.18661738345421755,-0.1476839755032986,1.2636264890502582,5.420155235887039e-16
taker_tp,oos_warm,stop_width,1.00~1.50%,1151,18402,0.4005212858384014,0.011994836055830157,0.04292282074798799,0.08326067371434272,0.016656166382025925,0.013489545572194955,0.019806652050670368,0.0,-0.000249512523643608,0.13296352519559035,-0.0900407044476022,1.4767046305481364,5.452919307615685e-16
taker_tp,oos_warm,stop_width,≥1.50%,1062,18402,0.3672316384180791,0.02059302502553091,-0.058338145423923154,0.04713634798904629,0.009437819964058852,0.007066284443234818,0.011767165687517685,0.0,5.002038039206158e-05,0.0754576384642497,-0.133795783888173,0.5639762051644128,5.960296889280461e-16
taker_tp,oos,overall,전체,9225,17946,0.4009756097560976,0.006049058508875294,0.08797867379573128,0.17112328814787373,0.034232967692079654,0.027928243649858984,0.0405044338885598,0.0,-0.00015869051317550888,0.27363024286519666,-0.18565156906946473,1.47389135592392,5.45972659613232e-16
taker_tp,oos,timeframe,15m,6081,17946,0.4079921065614208,0.005140021846420809,0.11929665673655891,0.19869242899438333,0.03974641941127367,0.03270136986572161,0.046759710647922816,0.0,0.00025111539563693207,0.3181510443149384,-0.19885438757837795,1.5999196607595092,5.324974792215983e-16
taker_tp,oos,timeframe,1h,1755,17946,0.3886039886039886,0.008499393419282722,0.03881820574188518,0.13463587756669781,0.02693675533961483,0.02106243737640387,0.03277274623409596,0.0,-0.0005603496422804822,0.21484746687453196,-0.1760292611326468,1.2205213240805102,5.45972659613232e-16
taker_tp,oos,timeframe,2h,911,17946,0.3995609220636663,0.011785146962686649,0.05227756221963075,0.10677665290203871,0.021360777875600187,0.018023779107046674,0.024675977007880722,0.0,-0.0012003320939916004,0.1696368547985747,-0.117359292578944,1.445448852586302,4.417528611294295e-16
taker_tp,oos,timeframe,4h,478,17946,0.3598326359832636,0.017549937415574597,-0.06190484123114175,0.07699618520078272,0.015413130238043504,0.011290328774871248,0.019480371290642975,0.0,-0.0019122103453633155,0.12126780515897712,-0.18317264639011893,0.6620410173072587,3.8281574447119336e-16
taker_tp,oos,stop_width,0.30~0.40%,1852,17946,0.4017278617710583,0.003489567715218695,0.14860262935530902,0.2886402511700035,0.05774204656605701,0.04659966824696235,0.06882840983642577,0.0,-0.0003439030599846809,0.46146647275946395,-0.3128638434041541,1.4749754006037272,5.032785079559712e-16
taker_tp,oos,stop_width,0.40~0.50%,1503,17946,0.3992015968063872,0.0044622013477938535,0.11013811324033296,0.2243233115053493,0.04487607531399556,0.03605665548414342,0.05364982106454176,0.0,-0.0001896558932112431,0.35871620747481875,-0.2485780942344858,1.4430724822294227,5.45972659613232e-16
taker_tp,oos,stop_width,0.50~0.75%,2581,17946,0.42347927160015497,0.006086466920375267,0.14142407768462645,0.1655225094073195,0.033106904653436194,0.02838248382556691,0.03782168610861629,0.0,-0.00015064999370056632,0.2646829340012383,-0.12325885631661229,2.1473745734047145,5.140809743484097e-16
taker_tp,oos,stop_width,0.75~1.00%,1205,17946,0.38506224066390043,0.00858327955300061,0.0210044274989879,0.1167081538922228,0.023351200100865097,0.018206206290772006,0.028457912420400855,0.0,2.224477920755377e-05,0.18674571748346835,-0.1657412899844806,1.1267302040484573,5.324974792215983e-16
taker_tp,oos,stop_width,1.00~1.50%,1117,17946,0.40107430617726053,0.011964895714600311,0.044337169634785935,0.08332497696808623,0.0166688919574939,0.013523257430256112,0.019798931361798368,0.0,-0.00025332858077916373,0.1330627291368554,-0.0887255595020694,1.4997113558213393,4.90880935161407e-16
taker_tp,oos,stop_width,≥1.50%,967,17946,0.3619441571871768,0.02030692640606173,-0.07135148513235308,0.04754056805684339,0.009520006384262876,0.007076691830551571,0.01191576411669852,0.0,0.00010654807659817833,0.07615957846495454,-0.14751106359730753,0.5162973990402755,4.417528611294295e-16
maker_tp,full,overall,전체,30255,53785,0.4075359444719881,0.006946411657540645,0.09554501319162485,0.12195763539383654,0.030697401835067667,0.012600176454428454,0.0361838857123972,0.0,0.0003027803816783897,0.20174187977740826,-0.10619686658578288,1.8996971027807752,6.536579518253159e-16
maker_tp,full,timeframe,15m,20126,53785,0.4091225280731392,0.005745594513018786,0.11283214321507294,0.14319030594681129,0.03602833437750013,0.014767102475698997,0.0425103205385089,0.0,0.00046150766253192076,0.23695757100105122,-0.12412542778597835,1.9090171548864445,6.288152041516552e-16
maker_tp,full,timeframe,1h,5771,53785,0.40374285219199446,0.010159272044967228,0.06768694503014332,0.09278177244121735,0.023343591782975334,0.009564680052645777,0.027547785529694748,0.0,0.00018423540624397082,0.15342206521277715,-0.08573512018263413,1.7894891251794522,6.174154274989152e-16
maker_tp,full,timeframe,2h,2888,53785,0.4089335180055402,0.01496647795037292,0.06590285560759285,0.06896071864659242,0.017436338049617636,0.0072841415874793005,0.020303169779061065,0.0,1.8395781752653306e-05,0.11400276384450309,-0.04809990823691024,2.3701243520672923,5.929917675661831e-16
maker_tp,full,timeframe,4h,1470,53785,0.3979591836734694,0.02186038616180732,0.026466566668289507,0.04991700486080534,0.012633756715344715,0.005293377356704934,0.014671378542002582,0.0,-0.0008462804867846222,0.08166923698807295,-0.05520267031978334,1.4794435942133148,6.536579518253159e-16
maker_tp,full,stop_width,0.30~0.40%,4738,53785,0.4050232165470663,0.0034865391464893284,0.15674411026423918,0.22964281702488046,0.057703264772415136,0.023523077129362004,0.06833121580340207,0.0,7.825399662574388e-05,0.3792786287266854,-0.22253451846244646,1.7043586376946285,6.087482515523928e-16
maker_tp,full,stop_width,0.40~0.50%,4071,53785,0.39842790469172196,0.004480556337149077,0.10783058214653983,0.17873119287843653,0.04472668033098231,0.017937745298844985,0.05354950981998225,0.0,0.00013843179543184323,0.2950835601236779,-0.18725297797713766,1.5758550988690052,5.940186567436199e-16
maker_tp,full,stop_width,0.50~0.75%,7668,53785,0.4128847157016171,0.006081588972885076,0.11486562633182343,0.13086836758827033,0.03307806559853136,0.013798695752184172,0.03855233859619186,0.0,0.0003809672856739124,0.21667843482085164,-0.1018128084890283,2.1282040839115215,5.533801008381369e-16
maker_tp,full,stop_width,0.75~1.00%,4421,53785,0.41144537434969464,0.008597608532049399,0.08686766496679278,0.09227437031037065,0.02331334248284365,0.009711008682891415,0.027202504917767004,0.0,0.0003948315124366381,0.15289605790630934,-0.0660283929395157,2.315610771359639,6.288152041516552e-16
maker_tp,full,stop_width,1.00~1.50%,4265,53785,0.40164126611957796,0.01203140948517265,0.04570686493699285,0.06625053131566319,0.016649800595148492,0.006791888557161048,0.019707606609423445,0.0,0.00014313765382812987,0.1095429647312243,-0.0638360997942314,1.716003406917464,5.685899727813294e-16
maker_tp,full,stop_width,≥1.50%,5092,53785,0.41064414768263946,0.021806640636509313,0.048961337642416385,0.03538172735628831,0.008944857568015212,0.0037378760736676226,0.010419394832809594,0.0,0.0005791452898383591,0.0590630011206191,-0.01010166347820296,5.84685891071934,6.536579518253159e-16
maker_tp,is,overall,전체,20741,35382,0.40971987850151875,0.007456839216122543,0.09724428099845712,0.11595838875090655,0.029192422814816398,0.01199176115156629,0.03439383768339866,0.0,0.0005148580911142807,0.1920512684918022,-0.0948069874933452,2.0257079522253876,6.536579518253159e-16
maker_tp,is,timeframe,15m,13901,35382,0.40925113301201355,0.006070284013990749,0.10912243823891092,0.1369008276389414,0.03441504120469601,0.014057177999173203,0.04070461505528514,0.0,0.0005586716845129323,0.22663633358260862,-0.11751389534369831,1.9285917883987667,6.087482515523928e-16
maker_tp,is,timeframe,1h,3952,35382,0.4089068825910931,0.011060838250559627,0.0765885666957587,0.08599265803560283,0.02173940835925621,0.009075342673519613,0.02532436973493728,0.0,0.0005167360053258413,0.1426485148086418,-0.06605994811288313,2.159379758592669,6.174154274989152e-16
maker_tp,is,timeframe,2h,1935,35382,0.4129198966408269,0.016812836136876376,0.07150860095540537,0.062189511939450576,0.015691385513207704,0.006505584427082227,0.018375329807857343,0.0,0.0005983345296498402,0.10336014621724769,-0.03185154526184229,3.2450590816726153,5.322763575230509e-16
maker_tp,is,timeframe,4h,953,35382,0.41343126967471144,0.023863866279998466,0.06189450136366116,0.0439190408332621,0.01133219413618964,0.00509782430847449,0.01247592983964246,0.0,-0.00030151251472524884,0.07252347660284343,-0.010628975239182313,6.823186146440083,6.536579518253159e-16
maker_tp,is,stop_width,0.30~0.40%,2861,35382,0.4058021670744495,0.0034843867896167413,0.1586473787764907,0.22939322059176542,0.057685612828371265,0.023588010111345238,0.06816690709732566,0.0,0.00035221108112701977,0.37918596170993457,-0.22053858293344408,1.7193633724597224,6.087482515523928e-16
maker_tp,is,stop_width,0.40~0.50%,2528,35382,0.3959651898734177,0.00449330090740515,0.10143057001578208,0.1786441453526424,0.04462934165196676,0.01777670423873889,0.05367438939632092,0.0,0.00033568380011848615,0.2950602644397875,-0.19362969442400513,1.5238378871459273,5.940186567436199e-16
maker_tp,is,stop_width,0.50~0.75%,5025,35382,0.4077611940298507,0.0060790617367529635,0.10198639791601978,0.13122174264753303,0.03304988181912908,0.013598430493685722,0.03889120851299386,0.0,0.0006587233393609391,0.2174199868127026,-0.11543358889668312,1.8835071220673967,5.477560450815068e-16
maker_tp,is,stop_width,0.75~1.00%,3183,35382,0.4191014765944078,0.008601641016334491,0.10598601853309043,0.09178883700438614,0.023304577284240333,0.009891524039610093,0.026831785361872064,0.0,0.0005399764868166121,0.15235670017692524,-0.04637068164383434,3.285625631884221,5.164555156058426e-16
maker_tp,is,stop_width,1.00~1.50%,3114,35382,0.4020552344251766,0.012032464441786949,0.04673590631834941,0.06619886743878675,0.016647447666215932,0.006808056410075798,0.01967099732783215,0.0,0.0002882694310503423,0.10961363827396096,-0.06287773195561176,1.7432823173606546,5.042060782648295e-16
maker_tp,is,stop_width,≥1.50%,4030,35382,0.42208436724565757,0.022049113568163265,0.07723728082267747,0.034612937797727575,0.008814950355956074,0.00379136250390066,0.010064225441320762,0.0,0.0007185821766452989,0.05800205827555036,0.01923522254712698,3.015408744736031,6.536579518253159e-16
maker_tp,oos_warm,overall,전체,9515,18402,0.4028376248029427,0.006104991198444314,0.09199377662085431,0.1350273631510036,0.03397686578832535,0.013927225185722737,0.04008206777059354,0.0,-0.00015954295534646417,0.2228539789402988,-0.1308602023194444,1.7029927738938329,5.928737086217906e-16
maker_tp,oos_warm,timeframe,15m,6225,18402,0.40883534136546185,0.005154721268135654,0.12111625709035373,0.15723529196411234,0.039630967051419316,0.016352429407134494,0.046542627674620314,0.0,0.0002445314264583402,0.26000584752374484,-0.1388895904333901,1.8720326463086572,5.928737086217906e-16
maker_tp,oos_warm,timeframe,1h,1820,18402,0.39285714285714285,0.0085745952591403,0.04917219055557272,0.10750036638757485,0.02682513923177176,0.01063315461325465,0.03236063796670143,0.0,-0.0005378671228647081,0.17678143107643796,-0.12760924052086575,1.3853340898736242,5.789433670890466e-16
maker_tp,oos_warm,timeframe,2h,953,18402,0.40083945435466944,0.01222482769312122,0.05452078084577017,0.08270918137305586,0.020979342412632513,0.008864947574224671,0.02421751431660472,0.0,-0.0011591293779336595,0.1356118562985841,-0.08109107545281377,1.6723400884909403,4.463114426088695e-16
maker_tp,oos_warm,timeframe,4h,517,18402,0.3694390715667311,0.017992690746212705,-0.038838697866892626,0.06097321321331726,0.015032962011156727,0.00565384554812391,0.01871830816163354,0.0,-0.0018504659362480321,0.09852786299798341,-0.13736656086487575,0.7172623553915931,3.375723217811001e-16
maker_tp,oos_warm,stop_width,0.30~0.40%,1877,18402,0.4038359083644113,0.0034908577216066876,0.15384307072585374,0.2300232620942172,0.05773017058589935,0.02342410362832085,0.06858166183860966,0.0,-0.00033932257170571605,0.37941987557534135,-0.22557680484948683,1.6819986249406462,5.88009687008318e-16
maker_tp,oos_warm,stop_width,0.40~0.50%,1543,18402,0.4024627349319507,0.004457303875487115,0.11831614965564947,0.1788738086562773,0.044886156792778915,0.01820158962804023,0.05334491126587723,0.0,-0.0001847393438084889,0.2951217269991652,-0.17680557734351562,1.669187881023533,5.808872046692369e-16
maker_tp,oos_warm,stop_width,0.50~0.75%,2643,18402,0.422625804010594,0.0060849229951673274,0.13935224108377683,0.13019651375823,0.033131649969131934,0.014179449790759616,0.037908062647674705,0.0,-0.00014711601730653113,0.21526856014848972,-0.07591631906471327,2.835603237888662,5.928737086217906e-16
maker_tp,oos_warm,stop_width,0.75~1.00%,1239,18402,0.3922518159806295,0.00858327955300061,0.038933407950919215,0.09348762355206679,0.023333207973340497,0.009255831660240724,0.028132930939959035,0.0,2.1634349431075244e-05,0.15423122847503812,-0.11529782052411908,1.3376768769256535,5.915874531331737e-16
maker_tp,oos_warm,stop_width,1.00~1.50%,1151,18402,0.4005212858384014,0.011994836055830157,0.042922820747987984,0.06639030656552633,0.016656166382025925,0.006748146859527242,0.019806652050670368,0.0,-0.0002495125236436079,0.10935175933410625,-0.06642893858611831,1.646146418436942,5.428599150379104e-16
maker_tp,oos_warm,stop_width,≥1.50%,1062,18402,0.3672316384180791,0.02059302502553091,-0.05833814542392313,0.03829907379790814,0.009437819964058852,0.0035349096764556317,0.011767165687517685,0.0,5.002038039206155e-05,0.06308898950633238,-0.12142713493025553,0.519562530587327,4.973289419389062e-16
maker_tp,oos,overall,전체,9226,17946,0.4010405376110991,0.0060507532779255965,0.08813939900997703,0.1361884347220031,0.03423232960389181,0.013972697976786234,0.04050004363992676,0.0,-0.0001586733128163959,0.22473483262979146,-0.1365954336198144,1.645258751879621,6.266886814712379e-16
maker_tp,oos,timeframe,15m,6082,17946,0.408089444261756,0.00514085297211369,0.11953531718438702,0.1577809692051504,0.03974454495330913,0.01636088460537641,0.04675202243505733,0.0,0.00025107410734432473,0.26088949530623756,-0.14135417812184967,1.845644032405936,6.187861732736382e-16
maker_tp,oos,timeframe,1h,1755,17946,0.3886039886039886,0.008499393419282722,0.03881820574188518,0.10829466023753137,0.026936755339614833,0.010536486931667737,0.03277274623409596,0.0,-0.0005603496422804823,0.17798029910062943,-0.13916209335874466,1.2789423815421896,4.2155362862655106e-16
maker_tp,oos,timeframe,2h,911,17946,0.3995609220636663,0.011785146962686649,0.05227756221963074,0.0842356585210425,0.021360777875600187,0.009016397752399529,0.024675977007880722,0.0,-0.0012003320939916004,0.13808847906293137,-0.08581091684330047,1.609218082532495,6.023582861126669e-16
maker_tp,oos,timeframe,4h,478,17946,0.3598326359832636,0.017549937415574597,-0.061904841231141795,0.06287621424671806,0.015413130238043504,0.005647988381626432,0.01948037129064297,0.0,-0.0019122103453633155,0.10150549381166765,-0.16341033504280938,0.6211693635232788,6.266886814712379e-16
maker_tp,oos,stop_width,0.30~0.40%,1852,17946,0.4017278617710583,0.003489567715218695,0.14860262935530902,0.23036152649897115,0.05774204656605701,0.02331148986841538,0.06882840983642577,0.0,-0.0003439030599846809,0.3798995697098847,-0.23129694035457485,1.642475551676145,5.761653824078231e-16
maker_tp,oos,stop_width,0.40~0.50%,1503,17946,0.3992015968063872,0.0044622013477938535,0.11013811324033296,0.17922994546715637,0.044876075313995574,0.01803734641527937,0.05364982106454176,0.0,-0.0001896558932112431,0.2956035323677618,-0.18546541912742853,1.593847164385185,5.992980125947391e-16
maker_tp,oos,stop_width,0.50~0.75%,2582,17946,0.42370255615801705,0.0060874099009730585,0.14197768164386054,0.13000372983755804,0.03310506075778071,0.01420393660036138,0.03780703789556106,0.0,-0.00015059164745978375,0.21496917344380137,-0.0729914917999412,2.9451264543681313,6.266886814712379e-16
maker_tp,oos,stop_width,0.75~1.00%,1205,17946,0.38506224066390043,0.00858327955300061,0.021004427498987892,0.0939390114575433,0.023351200100865097,0.00910765697387293,0.028457912420400855,0.0,2.2244779207553782e-05,0.15487802573188975,-0.13387359823290196,1.1568974598146384,4.085911917354294e-16
maker_tp,oos,stop_width,1.00~1.50%,1117,17946,0.40107430617726053,0.011964895714600311,0.044337169634785956,0.06641244891624194,0.0166688919574939,0.006765011220738427,0.01979893136179837,0.0,-0.0002533285807791635,0.10939195487549348,-0.06505478524070758,1.681535869663316,4.910066048391183e-16
maker_tp,oos,stop_width,≥1.50%,967,17946,0.3619441571871768,0.02030692640606173,-0.07135148513235307,0.03869027812368834,0.009520006384262874,0.0035401159732624103,0.01191576411669852,0.0,0.00010654807659817895,0.06377271267451033,-0.1351241978068633,0.4719562721523972,4.226344656664064e-16
