symbol,timeframe,exit_ms,day,stop_price,quantity,notional,num_ticks,minute_volume,fill_price,filled_qty,first_price,slippage_bp,first_tick_bp,size_share_of_minute,slippage_bp_x10,slippage_bp_x100,short_fill_x10,short_fill_x100,tick_high_matches_bar,note
ADA/USDT:USDT,15m,1726652100000,2024-09-18,0.3304,30111.363637422513,9948.7945458044,111,1208361.0,0.3304,30111.363637422513,0.3304,0.0,0.0,0.02491917865391428,5.3199099316627025,9.190710036445688,False,True,True,
ADA/USDT:USDT,15m,1741616040000,2025-03-10,0.7017,4475.3181727455,3140.3307618155177,572,2501259.0,0.7017,4475.3181727455,0.7017,0.0,0.0,0.0017892262147764387,0.30669322622194306,0.43580875975124866,False,False,True,
ADA/USDT:USDT,15m,1743559800000,2025-04-02,0.6666,14492.198640547678,9660.49961378908,412,2221644.0,0.6667250907314393,14492.198640547678,0.6666,1.8765486264520312,0.0,0.0065231867214313715,2.008777671702017,9.037891056956544,False,True,True,
ADA/USDT:USDT,15m,1747500360000,2025-05-17,0.7274,6390.356185673113,4648.345089458623,503,3807028.0,0.7274006728889401,6390.356185673113,0.7274,0.009250604069453543,0.0,0.001678568212703745,0.7479126697289568,3.9968853460303198,False,False,True,
ADA/USDT:USDT,1h,1753278240000,2025-07-23,0.8102,6224.62686474264,5043.192685814487,2691,14604961.0,0.8102,6224.62686474264,0.8102,0.0,0.0,0.0004261994855544386,0.9872622443102156,0.12223197569577411,False,False,True,
ADA/USDT:USDT,1h,1760131200000,2025-10-10,0.32,11953.629480519254,3825.1614337661617,11863,34161458.0,0.32,11953.629480519254,0.32,0.0,0.0,0.0003499156704763378,15.00661014118554,53.45841989800107,False,False,True,
ADA/USDT:USDT,15m,1763161440000,2025-11-14,0.4943,9614.534098906654,4752.464205089559,985,6556199.0,0.49430085287544007,9614.534098906654,0.4943,0.01725420675802987,0.0,0.0014664799068647327,2.9949099419790937,2.691900099870038,False,False,True,
BCH/USDT:USDT,15m,1727803320000,2024-10-01,310.11,31.995649001280132,9922.170711786985,2037,4980.718999999983,310.0794830712752,31.995649001280132,310.1,0.9840678702656384,0.3224662216629875,0.006423901649797999,6.895807005173949,20.844346098736086,False,True,True,
BCH/USDT:USDT,4h,1733136180000,2024-12-02,497.34,11.659537336269022,5798.754298820035,1452,4993.7410000000045,497.33742568058256,11.659537336269022,497.34,0.05176176091646965,0.0,0.002334830207707811,1.0764335374434164,11.30632906900783,False,False,True,
BCH/USDT:USDT,15m,1734552360000,2024-12-18,502.32,5.759005694767794,2892.863740595758,1856,3110.3229999999808,502.2958430225257,5.759005694767794,502.32,0.4809081357365778,0.0,0.0018515780177067879,1.0962370993512036,3.6726736443819004,False,False,True,
BCH/USDT:USDT,15m,1737586740000,2025-01-22,434.76,22.8210239555524,9921.668374915962,309,629.7719999999998,434.7462126923085,22.8210239555524,434.76,0.31712456738138195,0.0,0.03623696187755633,0.8011831583796862,0.8011831583796862,True,True,True,
BCH/USDT:USDT,2h,1737962880000,2025-01-27,400.0,4.97908783110934,1991.635132443736,1247,2637.5600000000086,400.0,4.97908783110934,400.0,0.0,0.0,0.001887762868374302,0.0,5.205595546189556,False,False,True,
BCH/USDT:USDT,15m,1738547700000,2025-02-03,297.12,33.50311775323375,9954.446346840812,4346,15602.661999999953,296.9235095062816,33.50311775323375,297.12,6.613169551641963,0.0,0.0021472693411697216,30.058573423717185,6.197975803312815,False,False,True,
BCH/USDT:USDT,15m,1742875380000,2025-03-25,326.52,30.424832335615815,9934.316254225276,561,2007.9830000000004,326.50770165876537,30.424832335615815,326.52,0.3766489414005757,0.0,0.015151937210432464,1.8691359154487897,6.678060741828464,False,True,True,
BCH/USDT:USDT,1h,1752716400000,2025-07-17,490.64,20.235912071347965,9928.547898686164,980,3065.962999999996,490.6273630441293,20.235912071347965,490.64,0.2575606528345751,0.0,0.006600181434462187,11.254692955451441,48.25745138559483,False,True,True,
BCH/USDT:USDT,15m,1758775980000,2025-09-25,547.36,15.242131935284451,8342.933336097298,766,2179.0600000000045,547.36,15.242131935284451,547.36,0.0,0.0,0.006994819754978945,2.0770030276530258e-12,9.465590328031725,False,False,True,
BCH/USDT:USDT,1h,1761827040000,2025-10-30,545.62,16.459302146002088,8980.52443690166,2179,3954.3960000000015,545.7394348562801,16.459302146002088,545.62,2.1889750427059567,0.0,0.0041622796872144525,6.195483559243513,11.095772869380227,False,False,True,
BCH/USDT:USDT,15m,1764050160000,2025-11-25,534.7,13.12604335637136,7018.495382651767,2790,4179.295999999967,534.7,13.12604335637136,534.7,0.0,0.0,0.003140730725072229,2.2826626205103553,3.7900223765051093,False,False,True,
BCH/USDT:USDT,15m,1764254880000,2025-11-27,533.8,18.60266145673089,9930.100685602947,177,167.849,533.7472751358695,14.72,533.8,0.9877269413728414,0.0,0.11082974254675863,0.9877269413728414,0.9877269413728414,True,True,True,그 분의 체결량이 주문 크기에 못 미침
BCH/USDT:USDT,1h,1775092680000,2026-04-02,451.58,22.004324446701435,9936.712833641432,530,1151.2820000000017,451.58,22.004324446701435,451.58,0.0,0.0,0.019112888455392687,0.5319238621986697,1.2268671830078606,False,True,True,
BCH/USDT:USDT,1h,1778163120000,2026-05-07,453.43,21.96686821619725,9960.43705527032,488,1780.094000000004,453.380645242343,21.96686821619725,453.43,1.0884757880378335,0.0,0.012340285522111305,6.745331852090377,6.762769215884592,False,True,True,
BNB/USDT:USDT,2h,1727739780000,2024-09-30,564.0,0.1470157674849098,82.91689286148917,966,3314.390000000002,564.0,0.1470157674849098,564.0,0.0,0.0,4.4356809996684065e-05,0.0,0.0,False,False,True,
BNB/USDT:USDT,2h,1738440360000,2025-02-01,659.22,8.055226633801398,5310.166501534558,494,2981.7300000000005,659.22,8.055226633801398,659.22,0.0,0.0,0.0027015278492021066,0.26128948181167927,4.879857888468004,False,False,True,
BNB/USDT:USDT,15m,1738547700000,2025-02-03,543.22,18.26385663644006,9921.29220204697,9954,33185.2100000001,543.1907648221342,18.26385663644006,543.22,0.5381830173018531,0.0,0.0005503613397787751,8.269645335657703,4.191436037415984,False,False,True,
BNB/USDT:USDT,15m,1740706200000,2025-02-28,593.76,11.235313759619183,6671.079897911486,2647,11962.960000000105,593.734013570584,11.235313759619183,593.76,0.4376588085418305,0.0,0.0009391750670084231,2.5605567296948855,5.6204303466052545,False,False,True,
BNB/USDT:USDT,2h,1744007160000,2025-04-07,537.1,4.3632291818500075,2343.4903935716393,1501,4705.150000000016,537.1,4.3632291818500075,537.1,0.0,0.0,0.0009273305169548245,0.8700332617168284,4.861470400349934,False,False,True,
BNB/USDT:USDT,15m,1749133500000,2025-06-05,656.66,6.320584423907118,4150.4749678028475,566,2529.530000000001,656.66,6.320584423907118,656.66,0.0,0.0,0.002498718901893678,0.3452939195338675,1.1355770925117352,False,True,True,
BNB/USDT:USDT,15m,1759894380000,2025-10-08,1272.09,7.594744436849617,9661.19845067203,1070,2716.730000000015,1272.094541942,7.594744436849617,1272.09,0.035704564929052676,0.0,0.0027955462769025906,0.36693319654995765,1.2436595799488737,False,True,True,
BNB/USDT:USDT,15m,1766432100000,2025-12-22,860.5,11.58288680088513,9967.074092161654,699,2278.1100000000006,860.4808880863816,11.58288680088513,860.5,0.22210242438602,0.0,0.005084428232563452,0.39348520993726627,4.889574977991465,False,False,True,
BTC/USDT:USDT,15m,1725035220000,2024-08-30,57601.3,0.1723600010329879,9928.16012750145,15111,4978.181000000128,57601.07948479877,0.1723600010329879,57601.2,0.038283025076178284,0.01736071929033212,3.4623088439930865e-05,0.05807118305238301,0.19289274033057655,False,False,True,
BTC/USDT:USDT,1h,1728582720000,2024-10-10,59815.0,0.1327472559681979,7940.27711573776,10255,4314.979000000023,59815.0,0.1327472559681979,59815.0,0.0,0.0,3.0764287837367736e-05,0.000629700945404486,0.00038537697820315974,False,False,True,
BTC/USDT:USDT,15m,1732281900000,2024-11-22,97860.1,0.1018268373481841,9964.784485577038,4723,988.7739999999869,97860.00000000001,0.1018268373481841,97860.0,0.01021866930355363,0.01021866930504064,0.0001029829236490699,0.010585327982890178,0.28023004028134885,False,False,True,
BTC/USDT:USDT,2h,1740434580000,2025-02-24,93321.6,0.0015655344828163,146.09818279158966,8245,1368.9109999999212,93321.59999999999,0.0015655344828163,93321.6,1.5593298045004426e-12,0.0,1.1436349644472066e-06,0.0,0.0,False,False,True,
BTC/USDT:USDT,15m,1748002500000,2025-05-23,107671.7,0.0924029611822552,9949.18391552743,11581,1863.369999999915,107671.61860771281,0.0924029611822552,107671.7,0.0075593017654010984,0.0,4.958916435397125e-05,0.03505018413905674,0.2701325867753971,False,False,True,
BTC/USDT:USDT,15m,1759977360000,2025-10-09,121888.0,0.0817460557809292,9963.8632470259,1143,175.42000000000047,121888.0,0.0817460557809292,121888.0,0.0,0.0,0.0004660019141541955,0.0,0.007832303407614727,False,False,True,
BTC/USDT:USDT,15m,1760131140000,2025-10-10,105010.0,0.0946874490353682,9943.12902320402,75273,9511.61100000607,105010.00000000001,0.0946874490353682,105010.0,1.3857647108243835e-12,0.0,9.954932874705217e-06,0.4649311501868747,0.8948013128219396,False,False,True,
BTC/USDT:USDT,2h,1763408760000,2025-11-17,91619.0,0.1066885665575981,9774.699779440582,5964,637.500999999995,91619.0,0.1066885665575981,91619.0,0.0,0.0,0.00016735435169136823,0.02822680375746898,0.5438047382519935,False,False,True,
DOGE/USDT:USDT,2h,1733236440000,2024-12-03,0.39122,12286.68641906609,4806.7974608670365,11322,142230715.0,0.39122,12286.68641906609,0.39122,0.0,0.0,8.638560538113087e-05,1.0582812661232988,0.1252559817946252,False,False,True,
DOGE/USDT:USDT,15m,1733778180000,2024-12-09,0.40644,9511.694342843728,3865.933048705405,13640,191014438.0,0.40644,9511.694342843728,0.40644,0.0,0.0,4.9795682684696995e-05,0.6151419869878891,2.3954997824475606,False,False,True,
DOGE/USDT:USDT,15m,1743268380000,2025-03-29,0.16727,45101.74914170425,7544.16957893287,395,7442985.0,0.16726975882329126,45101.74914170425,0.16727,0.014418407888019806,0.0,0.006059631873731338,0.5289163866786504,0.5421580469395811,False,True,True,
DOGE/USDT:USDT,15m,1745799780000,2025-04-28,0.17638,56272.86767557841,9925.40840061852,1463,49906990.0,0.17638,56272.86767557841,0.17638,0.0,0.0,0.0011275548310082097,0.0,7.621163812738607,False,False,True,
DOGE/USDT:USDT,2h,1754007180000,2025-08-01,0.20657,12205.624742461348,2521.3159030502406,2135,48201440.0,0.20657,12205.624742461348,0.20657,0.0,0.0,0.0002532211639830957,0.3266161424869517,4.014051072459686,False,False,True,
DOGE/USDT:USDT,15m,1761315540000,2025-10-24,0.19533,51021.67687097415,9966.06414320738,556,17459823.0,0.19533,51021.67687097415,0.19533,0.0,0.0,0.0029222333394201164,0.4677471085971437,2.9172127672770736,False,False,True,
DOGE/USDT:USDT,15m,1763095140000,2025-11-14,0.15953,24674.847201008783,3936.378373976932,2988,99128732.0,0.15953,24674.847201008783,0.15953,0.0,0.0,0.00024891720798979637,0.4363693113068818,5.012556895641368,False,False,True,
DOGE/USDT:USDT,15m,1780686000000,2026-06-05,0.0794,93791.46845348598,7447.042595206787,950,32767694.0,0.0794,93791.46845348598,0.0794,0.0,0.0,0.002862315195371575,3.0941500718986683,2.3937519441878443,False,False,True,
DOT/USDT:USDT,15m,1723540980000,2024-08-13,4.446,1855.2944537827616,8248.639141518159,126,27411.999999999993,4.446848269073601,1855.2944537827616,4.446,1.9079376374294597,0.0,0.06768183473598285,6.3495053247857,6.38245655265484,False,True,True,
DOT/USDT:USDT,15m,1727895840000,2024-10-02,4.026,2463.168366573051,9916.715843823104,388,758409.0000000006,4.026,2463.168366573051,4.026,0.0,0.0,0.0032478100425668067,3.846611277155391,5.58757756157714,False,True,True,
DOT/USDT:USDT,15m,1729898460000,2024-10-25,3.96,2503.8818932932672,9915.372297441338,1117,673994.4000000004,3.960002036837286,2503.8818932932672,3.96,0.0051435284998632225,0.0,0.0037149891650335165,2.3928275227588416,7.7637574013112784,False,False,True,
DOT/USDT:USDT,15m,1733778120000,2024-12-09,8.443,1174.439140129216,9915.78966011097,4218,1089259.6999999955,8.438489306631768,1174.439140129216,8.443,5.342524420504507,0.0,0.0010781993863623347,19.47084313506127,77.70969709627866,False,False,True,
DOT/USDT:USDT,15m,1734171420000,2024-12-14,8.88,1117.5163318883094,9923.54502716819,401,161908.2999999998,8.88,1117.5163318883094,8.88,0.0,0.0,0.006902155923373358,0.994879008535036,9.76372009886539,False,True,True,
DOT/USDT:USDT,15m,1736262300000,2025-01-07,7.596,1069.0887942389006,8120.798481038689,1229,418995.0000000008,7.596220748736,1069.0887942389006,7.596,0.29061181674562403,0.0,0.0025515550167398145,4.947494219060749,2.5520481987400654,False,False,True,
DOT/USDT:USDT,15m,1748000640000,2025-05-23,4.88,2039.5757649775635,9953.129733090507,442,255409.59999999971,4.880271466142364,2039.5757649775635,4.88,0.5562830786155656,0.0,0.007985509413027411,0.30090611999186223,7.390647341070198,False,False,True,
DOT/USDT:USDT,15m,1748982720000,2025-06-03,4.129,2411.4810419488704,9957.005222206884,138,143508.79999999993,4.1300098201236235,2411.4810419488704,4.129,2.4456772187549993,0.0,0.016803715465176155,0.6819742168879904,6.598603843332459,False,True,True,
DOT/USDT:USDT,1h,1749760680000,2025-06-12,3.96,1559.7064013851902,6176.4373494853535,147,127554.80000000003,3.96,1559.7064013851902,3.96,0.0,0.0,0.012227735854591045,0.4505775508402491,1.8519841311121448,False,True,True,
DOT/USDT:USDT,1h,1758775260000,2025-09-25,3.883,1041.1094839120517,4042.628126030496,400,956666.4999999988,3.883,1041.1094839120517,3.883,0.0,0.0,0.0010882679428118921,0.0,5.877868004815361,False,False,True,
DOT/USDT:USDT,15m,1760110200000,2025-10-10,4.062,2446.2932223929574,9936.843069360191,850,1616954.0000000007,4.062902873458576,2446.2932223929574,4.062,2.2227313111168097,0.0,0.0015129021743308445,1.7662349981282255,2.640111691866957,False,False,True,
DOT/USDT:USDT,15m,1760130840000,2025-10-10,3.425,2892.9399305324123,9908.319262073512,4605,3093439.5999999978,3.425,2892.9399305324123,3.425,0.0,0.0,0.000935185523109103,12.761447194908095,10.64523713868278,False,False,True,
DOT/USDT:USDT,15m,1761681960000,2025-10-28,3.055,3260.9264187606054,9962.130209313653,352,466367.69999999995,3.055291144257208,3260.9264187606054,3.055,0.953009025230036,0.0,0.006992178958278212,8.52809212513141,10.49336280938277,False,True,True,
DOT/USDT:USDT,15m,1762891080000,2025-11-11,3.124,2743.379175061016,8570.316542890614,150,127482.19999999998,3.1239999999999997,2743.379175061016,3.124,1.42154036443682e-12,0.0,0.021519703731666198,4.095797783610923,10.572346761142192,False,True,True,
DOT/USDT:USDT,15m,1764860280000,2025-12-04,2.303,4193.788779831089,9658.295559951,151,213082.99999999997,2.303,4193.788779831089,2.303,0.0,0.0,0.019681479892019026,2.7660457927058997,4.0671711141538776,False,True,True,
DOT/USDT:USDT,15m,1769699340000,2026-01-29,1.733,5742.676852337746,9952.058985101314,270,303127.10000000003,1.7331078899036583,5742.676852337746,1.733,0.6225614752347142,0.0,0.018944782080974432,2.3240046618709846,5.051614837021298,False,True,True,
ETH/USDT:USDT,4h,1733778300000,2024-12-09,3502.01,0.8361611187487953,2928.2445994694685,27394,109229.73899999178,3502.002284248761,0.8361611187487954,3502.01,0.02203235067625451,0.0,7.655068357792727e-06,0.027902761912251176,0.028489803035461284,False,False,True,
ETH/USDT:USDT,15m,1740435000000,2025-02-24,2542.21,1.7152659250520188,4360.566187326493,24845,92451.47500000296,2542.21,1.7152659250520188,2542.21,0.0,0.0,1.8553148287271392e-05,0.12290892846097487,2.7716611287664756,False,False,True,
ETH/USDT:USDT,15m,1757771460000,2025-09-13,4670.35,2.1246175167265724,9922.707419243949,23218,104806.21099999904,4670.382627743088,2.1246175167265724,4670.35,0.06986145168496391,0.0,2.0271866490112804e-05,0.3210638832923532,0.22840488079080346,False,False,True,
ETH/USDT:USDT,15m,1766167140000,2025-12-19,2936.64,3.391833633697615,9960.594322061765,10546,40932.24399999939,2936.6368429063764,3.391833633697615,2936.64,0.010750700199839638,0.0,8.286459041184416e-05,0.03172234036858221,0.11243522227966884,False,False,True,
ETH/USDT:USDT,15m,1779809460000,2026-05-26,2088.63,4.7672862516963095,9957.097083880464,7104,37551.54299999925,2088.6066650654666,4.7672862516963095,2088.63,0.11172363957964195,0.0,0.00012695313882831407,0.21630231258387286,0.7249534623030014,False,False,True,
ETH/USDT:USDT,15m,1782076140000,2026-06-21,1707.11,0.626404179449432,1069.34083877992,14336,73885.02899999978,1707.1100000000001,0.626404179449432,1707.11,1.3319216420923787e-12,0.0,8.478093436891443e-06,0.03213272573507124,0.4570307049635865,False,False,True,
LINK/USDT:USDT,4h,1736453580000,2025-01-09,19.279,22.412744496147152,432.09530114122094,853,109166.67999999992,19.279,22.412744496147152,19.279,0.0,0.0,0.00020530755809508147,0.0,0.5193828521855193,False,False,True,
LINK/USDT:USDT,15m,1744726800000,2025-04-15,12.361,455.54848949232354,5631.034878614611,1177,226748.24999999977,12.360303919348201,455.54848949232354,12.361,0.5631264879859971,0.0,0.0020090496376149497,3.3397402892558636,2.8650336708517945,False,False,True,
LINK/USDT:USDT,15m,1753902060000,2025-07-30,17.149,269.90320191566633,4628.570009651762,966,142077.4700000001,17.14693503892584,269.90320191566633,17.149,1.2041291469831656,0.0,0.0018996903725528485,1.6028734584741278,4.835319550268674,False,False,True,
LINK/USDT:USDT,15m,1760131200000,2025-10-10,9.165,454.80055631204215,4168.247098599866,5967,713890.9500000026,9.19139290728214,454.80055631204215,9.162,28.79749839840753,3.2733224222567787,0.0006370728698998642,62.77221007668318,115.17234554548342,False,False,True,
LINK/USDT:USDT,1h,1768172640000,2026-01-11,13.08,760.6581822407738,9949.409023709322,460,79611.18000000008,13.079804395475241,760.6581822407738,13.08,0.14954474369943682,0.0,0.009554665340229513,0.5165850899218203,10.77864698300109,False,True,True,
LINK/USDT:USDT,15m,1771895760000,2026-02-24,8.171,1219.119668323377,9961.426809870312,1010,270501.5400000008,8.171,1219.119668323377,8.171,0.0,0.0,0.004506886239255324,1.2651079298419479,8.234254777338439,False,False,True,
LINK/USDT:USDT,15m,1771895760000,2026-02-24,8.137,1220.9061423763603,9934.513280516449,1010,270501.5400000008,8.13844828366879,1220.9061423763603,8.137,1.7798742396333844,0.0,0.004513490541962743,9.997918365566473,11.47140048834735,False,True,True,
LTC/USDT:USDT,1h,1727795040000,2024-10-01,64.79,152.9213888026922,9907.776780526428,593,29588.93700000001,64.79,152.9213888026922,64.79,0.0,0.0,0.005168194748013157,0.6011135507175656,1.6576327164440259,False,True,True,
LTC/USDT:USDT,1h,1744740420000,2025-04-15,74.88,94.7702012160902,7096.392667060835,169,3865.182999999999,74.8795159658672,94.7702012160902,74.88,0.06464131046959082,0.0,0.024518942884745747,1.9843856816665497,5.11671531966217,False,True,True,
LTC/USDT:USDT,15m,1754556900000,2025-08-07,117.78,84.47824588018604,9949.847799768311,303,13073.859000000008,117.78029951449084,84.47824588018604,117.78,0.025429995825605817,0.0,0.006461615188001185,0.787663765892073,9.264752164204694,False,False,True,
LTC/USDT:USDT,15m,1760131200000,2025-10-10,60.07,165.25620495735564,9926.940231788352,9889,182114.2090000001,60.0257581374973,165.25620495735564,60.05,7.3650511907277645,3.3294489761949606,0.0009074316928085252,30.321086385123966,330.5571668204856,False,False,True,
LTC/USDT:USDT,1h,1763710320000,2025-11-21,85.25,50.57038335384814,4311.125180915555,701,20325.53199999999,85.25000000000001,50.57038335384814,85.25,1.6669624299357188e-12,0.0,0.0024880226187362856,3.12818683116809,1.0967075022919952,False,False,True,
LTC/USDT:USDT,1h,1771762920000,2026-02-22,54.21,182.79032564557383,9909.06355324656,55,2252.0580000000004,54.20417861283032,182.79032564557383,54.21,1.0738585444903466,0.0,0.08116590498360779,1.2392729135315903,1.2392729135315903,True,True,True,
LTC/USDT:USDT,2h,1774137660000,2026-03-22,54.33,182.7788007297992,9930.37224364999,859,25230.96000000009,54.32372707336562,182.7788007297992,54.33,1.1545972086104983,0.0,0.0072442269628186385,4.550468923341584,10.30021303070749,False,False,True,
LTC/USDT:USDT,15m,1781112600000,2026-06-10,41.78,231.84914426806185,9686.657247519624,350,27181.117999999988,41.78010351558586,231.84914426806185,41.78,0.024776348936326787,0.0,0.008529786900894289,1.9785027195136704,12.828689570974511,False,True,True,
SOL/USDT:USDT,15m,1738547280000,2025-02-03,185.72,53.41953622526189,9921.07626775564,9511,286929.0,185.72,53.41953622526189,185.72,0.0,0.0,0.00018617684592795393,0.8289329729066441,10.443120859814773,False,False,True,
SOL/USDT:USDT,15m,1740358980000,2025-02-24,166.31,59.65394033365165,9921.046816889606,390,31397.0,166.31,59.65394033365165,166.31,0.0,0.0,0.0018999885445632272,0.27470831291010067,2.8514678765675567,False,False,True,
SOL/USDT:USDT,1h,1745804040000,2025-04-28,145.06,37.74245754728358,5474.920891808956,1307,105083.36000000006,145.06,37.74245754728358,145.06,0.0,0.0,0.0003591668323822493,0.5682174804347903,0.6577715615164539,False,False,True,
SOL/USDT:USDT,15m,1745968020000,2025-04-29,145.37,68.26371147282038,9923.495736803898,542,58971.58,145.37,68.26371147282038,145.37,0.0,0.0,0.0011575696542778806,0.257839698342077,2.191198173820249,False,False,True,
SOL/USDT:USDT,15m,1748622600000,2025-05-30,158.51,62.801510049748856,9954.66735798569,2461,225242.23999999973,158.51,62.801510049748856,158.51,0.0,0.0,0.0002788176411748921,0.14780514024723962,0.7599229314214951,False,False,True,
SOL/USDT:USDT,15m,1765815180000,2025-12-15,125.89,79.07308130275241,9954.510205203502,1259,108475.5,125.89,79.07308130275241,125.89,0.0,0.0,0.0007289487608054576,0.0,1.654724372353034,False,False,True,
SOL/USDT:USDT,1h,1783244280000,2026-07-05,80.03,93.1699017230114,7456.387234892602,312,42011.149999999994,80.03,93.1699017230114,80.03,0.0,0.0,0.0022177422356448565,0.7946328410314202,1.602168736752855,False,False,True,
TRX/USDT:USDT,15m,1730728260000,2024-11-04,0.16446,60617.07943965318,9969.08488464536,291,4837760.0,0.16443648611264744,60617.07943965318,0.16446,1.4297633073425349,0.0,0.012529988970030175,0.8591876276864967,5.15110648217437,False,True,True,
TRX/USDT:USDT,15m,1734676140000,2024-12-20,0.2488,40016.19384936883,9956.029029722964,212,1326336.0,0.24878775885885526,40016.19384936883,0.2488,0.49200728073677497,0.0,0.030170480066415168,1.0336245313391645,1.0336245313391645,True,True,True,
TRX/USDT:USDT,4h,1740467160000,2025-02-25,0.23218,42716.90738610836,9918.011556906638,802,5186622.0,0.23218,42716.90738610836,0.23218,0.0,0.0,0.008235978520530002,6.028167071397526,15.865705646871541,False,False,True,
TRX/USDT:USDT,15m,1747264920000,2025-05-14,0.27433,36289.34965807788,9955.257291700504,368,2890025.0,0.2743401287842473,36289.34965807788,0.27433,0.36921897886765453,0.0,0.012556759771309203,2.9944996305459015,6.274915487166616,False,True,True,
XRP/USDT:USDT,15m,1723179600000,2024-08-09,0.6,12100.745669629634,7260.44740177778,1510,13337811.300000004,0.6,12100.745669629634,0.6,0.0,0.0,0.0009072512271657067,0.3016274175426936,0.05386004294967902,False,False,True,
XRP/USDT:USDT,15m,1728813840000,2024-10-13,0.5331,18672.235188744657,9954.168579119776,131,656240.7000000002,0.5331,18672.235188744657,0.5331,0.0,0.0,0.028453333035797158,0.4510909327160782,1.3183167526305457,False,True,True,
XRP/USDT:USDT,15m,1731472200000,2024-11-13,0.664,4966.032338802602,3297.445472964928,831,7582438.799999995,0.664,4966.032338802602,0.664,0.0,0.0,0.0006549386641673395,0.0,0.5976914652763742,False,False,True,
XRP/USDT:USDT,15m,1749672180000,2025-06-11,2.2818,4358.706251599972,9945.695924900818,458,1895678.399999999,2.2818331956299986,4358.706251599972,2.2818,0.14548001577085945,0.0,0.002299285707744507,0.12897765152914162,2.7470565889697083,False,False,True,
XRP/USDT:USDT,15m,1755151380000,2025-08-14,3.2522,3061.4929799163565,9956.587469283975,1935,7133147.300000001,3.2522,3061.4929799163565,3.2522,0.0,0.0,0.0004291924519652575,0.5124207400811686,5.124227423861791,False,False,True,
XRP/USDT:USDT,1h,1760643540000,2025-10-16,2.3102,2470.9637054967225,5708.420352438528,2664,6661991.400000011,2.3102,2470.9637054967225,2.3102,0.0,0.0,0.0003709046675588201,0.24522961153442674,0.883711292446213,False,False,True,
XRP/USDT:USDT,1h,1765393380000,2025-12-10,2.0398,4872.192266796757,9938.297785812028,4830,12609714.600000009,2.0398,4872.192266796757,2.0398,0.0,0.0,0.00038638402385385897,1.1030523036309057,8.443336355411828,False,False,True,
