segment,axis,bucket,metric,conditional,num_bars,p25,p50,p75,p90,p99,share_above_5bp,percentile_of_5bp
full,overall,전체,bar_range_bp,True,29451,39.90951412873206,76.03576893919212,177.14636499166957,475.4054772666842,1893.053473263369,0.9985059930053309,0.0014940069946691114
full,overall,전체,adverse_bp,True,29451,7.173233844409438,20.811654526535207,58.17750258731158,159.90768216287483,748.1296758104729,0.8073749618009575,0.19262503819904248
full,symbol,ADA/USDT:USDT,bar_range_bp,True,2533,41.1656375257288,74.82229704451795,176.16470338533466,502.69959615456844,2076.822916666667,1.0,0.0
full,symbol,ADA/USDT:USDT,adverse_bp,True,2533,7.1123755334273815,20.646937370957147,57.00325732899073,167.98111225450575,774.4750584006252,0.8006316620607975,0.19936833793920253
full,symbol,ADA/USDT:USDT,bar_range_bp,False,3074948,8.107012565868585,12.74047649382074,20.56907781967739,32.77792952745246,78.53582754873672,0.918895539046514,0.08110446095348604
full,symbol,BCH/USDT:USDT,bar_range_bp,True,2674,42.18836321313919,82.75931042242257,198.03950838433687,505.682318738436,1494.5608702607594,0.9985041136873598,0.0014958863126402393
full,symbol,BCH/USDT:USDT,adverse_bp,True,2674,8.416973723914948,22.296395737298518,69.69903777205764,169.55359055856945,825.7415967329357,0.8302169035153328,0.16978309648466716
full,symbol,BCH/USDT:USDT,bar_range_bp,False,3074948,6.212879047013509,10.4612559912042,17.579393893070648,28.842383106858225,72.36892406127795,0.8274517162566651,0.17254828374333483
full,symbol,BNB/USDT:USDT,bar_range_bp,True,2251,30.96009771391168,56.84531783288869,119.91476112322093,286.22956041165406,1346.25838014133,0.9977787649933363,0.002221235006663705
full,symbol,BNB/USDT:USDT,adverse_bp,True,2251,5.384890167243501,16.25745133185987,39.010815479148675,95.56907037358769,415.5227036505748,0.7654375832963127,0.23456241670368724
full,symbol,BNB/USDT:USDT,bar_range_bp,False,3074948,4.394731393198113,7.9690937754450575,14.115597735496836,23.800876349428012,62.88503792693344,0.702978066620964,0.297021933379036
full,symbol,BTC/USDT:USDT,bar_range_bp,True,2105,32.012008484775464,60.72710149869291,125.28445006321158,296.21769726991704,764.794565076434,0.9961995249406176,0.003800475059382423
full,symbol,BTC/USDT:USDT,adverse_bp,True,2105,5.896968693059225,16.84052228295966,43.59673024523161,102.2970475490002,390.8675799086758,0.790498812351544,0.20950118764845604
full,symbol,BTC/USDT:USDT,bar_range_bp,False,3074948,3.47390084752997,6.585652308346648,11.689279994641804,19.243997188774195,47.536887930529545,0.6196641374098033,0.38033586259019664
full,symbol,DOGE/USDT:USDT,bar_range_bp,True,2596,48.09102105448287,95.01366278990295,242.24237122897168,546.3168637809928,3226.595961656129,0.9996147919876733,0.0003852080123266564
full,symbol,DOGE/USDT:USDT,adverse_bp,True,2596,8.42282697800864,24.350327427097575,78.17041013433084,197.48660322528536,1183.4969954565438,0.8285824345146379,0.1714175654853621
full,symbol,DOGE/USDT:USDT,bar_range_bp,False,3074948,7.141581860383022,12.080942313499122,20.880557154391326,35.98971722364892,110.44555487674712,0.8621323027251192,0.13786769727488074
full,symbol,DOT/USDT:USDT,bar_range_bp,True,2647,43.03023440154032,80.56394763343411,205.36083773340064,496.273382724407,1129.4439319666,1.0,0.0
full,symbol,DOT/USDT:USDT,adverse_bp,True,2647,7.373514936752576,21.5568862275436,64.04518348078618,180.38052878675444,606.1289586721165,0.8050623347185493,0.1949376652814507
full,symbol,DOT/USDT:USDT,bar_range_bp,False,3074948,8.017987866167925,13.259668508285833,21.253985122211382,32.92354885015525,76.50409699011259,0.8966057312188694,0.1033942687811306
full,symbol,ETH/USDT:USDT,bar_range_bp,True,2510,45.664727856123925,78.93592112790105,156.3446045886849,358.14519418609683,2551.185534369943,1.0,0.0
full,symbol,ETH/USDT:USDT,adverse_bp,True,2510,8.40177907309206,23.655261387075527,52.85936660313563,129.37581693402876,686.270186362794,0.8298804780876494,0.1701195219123506
full,symbol,ETH/USDT:USDT,bar_range_bp,False,3074948,5.1585332648158495,9.095526555869126,15.474502934380464,25.03747705211586,61.41566241626531,0.76126165385561,0.23873834614439007
full,symbol,LINK/USDT:USDT,bar_range_bp,True,2547,41.6094388940695,78.46410684474074,180.15690840978127,550.8138464955412,2267.767920872846,0.9996073812328229,0.00039261876717707107
full,symbol,LINK/USDT:USDT,adverse_bp,True,2547,7.016091697003077,20.388582393858794,60.27566414721069,188.8767359835702,1063.9669012018953,0.806438947781704,0.19356105221829603
full,symbol,LINK/USDT:USDT,bar_range_bp,False,3074948,8.129639985749215,13.285253368760054,21.496238158321923,33.44609605659241,75.13772132577547,0.9044400100424462,0.09555998995755376
full,symbol,LTC/USDT:USDT,bar_range_bp,True,2668,43.29409268704908,85.73531488348364,209.98719552102605,576.743803394795,3248.112977842707,0.9996251874062968,0.0003748125937031484
full,symbol,LTC/USDT:USDT,adverse_bp,True,2668,7.92393026941393,23.69432030334444,69.29959109135837,227.29630082517514,1348.8260079965141,0.8219640179910045,0.1780359820089955
full,symbol,LTC/USDT:USDT,bar_range_bp,False,3074948,6.362334976936399,10.786516853932993,18.177311410394022,29.432604785524635,69.94907907549339,0.8349874534463673,0.1650125465536328
full,symbol,SOL/USDT:USDT,bar_range_bp,True,2420,42.36699755694622,73.69503777010021,149.32013780125956,376.99136568162515,1080.3046318128831,1.0,0.0
full,symbol,SOL/USDT:USDT,adverse_bp,True,2420,7.570789036098226,20.878509833474652,52.64187587919919,124.46624875079536,451.34781796675594,0.8235537190082645,0.17644628099173554
full,symbol,SOL/USDT:USDT,bar_range_bp,False,3074948,8.806693086745739,14.270424545130757,23.358609868287708,37.42265931595074,92.85051067780871,0.9220855116899538,0.07791448831004621
full,symbol,TRX/USDT:USDT,bar_range_bp,True,1859,24.659800012534873,48.45967462789885,113.04452433658275,294.7790983196861,1858.195048362765,0.9870898332436794,0.012910166756320602
full,symbol,TRX/USDT:USDT,adverse_bp,True,1859,3.9473881716608847,12.893982808023889,35.61006326573433,101.58332980998266,316.0456466186998,0.71382463690156,0.28617536309844
full,symbol,TRX/USDT:USDT,bar_range_bp,False,3074948,2.6930586413508713,5.648121999434305,11.229646266142941,20.995171110644744,59.71577584836121,0.5381694259545202,0.4618305740454798
full,symbol,XRP/USDT:USDT,bar_range_bp,True,2641,47.147571900046145,100.08340283569581,320.3558510996784,639.1478029294285,2493.500491074009,1.0,0.0
full,symbol,XRP/USDT:USDT,adverse_bp,True,2641,9.4637223974767,27.924750146972556,91.02730819245782,253.02175664786537,920.742187066222,0.8371828852707308,0.1628171147292692
full,symbol,XRP/USDT:USDT,bar_range_bp,False,3074948,6.482982171798314,10.887316276536634,18.584893136863887,31.88775510204085,88.221244365068,0.8513272419566119,0.14867275804338806
full,timeframe,15m,bar_range_bp,True,20275,36.3505344442968,66.0832291480617,142.82116090250753,372.1990640548831,1553.3256092531856,0.9984710234278669,0.001528976572133169
full,timeframe,15m,adverse_bp,True,20275,6.279260898876123,18.17881341926974,47.984143692336275,125.71441429512932,602.5170424750922,0.786387176325524,0.21361282367447595
full,timeframe,1h,bar_range_bp,True,5370,47.991444153454076,95.36176276717845,238.81547828042503,551.7513538946118,2267.767920872846,0.9992551210428305,0.0007448789571694599
full,timeframe,1h,adverse_bp,True,5370,9.287028446426275,26.448466702087238,77.37475697649296,198.77712794238482,825.7415967329357,0.8446927374301676,0.1553072625698324
full,timeframe,2h,bar_range_bp,True,2583,56.484371472283115,117.29315883948264,332.41714864568917,738.9760099933443,3026.315789473685,0.997289972899729,0.0027100271002710027
full,timeframe,2h,adverse_bp,True,2583,10.408325693907734,31.40117117881772,98.25596269603977,268.13729254354854,1238.5065229778888,0.8552071234998064,0.14479287650019357
full,timeframe,4h,bar_range_bp,True,1223,68.5549024859437,144.6036545287232,430.0515504255384,860.1601160040815,3026.315789473685,0.9983646770237122,0.001635322976287817
full,timeframe,4h,adverse_bp,True,1223,12.313585989875962,37.87480273540234,128.13241513215678,311.5519022281138,1352.3543270256853,0.8904333605887162,0.10956663941128372
is,overall,전체,bar_range_bp,True,20565,47.264464784938546,89.43401047655512,209.93701889433206,500.13251239171717,1355.3680399427726,0.999367858011184,0.0006321419888159494
is,overall,전체,adverse_bp,True,20565,8.591065292096037,24.574669187145368,69.55449903151893,174.6891565763747,602.7000322862672,0.8320933625091175,0.16790663749088255
is,symbol,ADA/USDT:USDT,bar_range_bp,True,1744,46.37170831279768,87.19342294589174,215.13638109873202,503.50179822070714,1299.212598425198,1.0,0.0
is,symbol,ADA/USDT:USDT,adverse_bp,True,1744,8.08034168301981,24.154589371980162,66.3079465511342,169.7730208525576,526.6773528738256,0.8279816513761468,0.1720183486238532
is,symbol,ADA/USDT:USDT,bar_range_bp,False,2048041,7.986157327299946,12.940197800167,21.306092666910132,34.595425715933565,83.76288659793786,0.9082415830542455,0.0917584169457545
is,symbol,BCH/USDT:USDT,bar_range_bp,True,1851,46.80870361502965,95.04051633952183,244.48901250565066,525.0215431177613,3574.0638149907477,0.9994597514856834,0.0005402485143165856
is,symbol,BCH/USDT:USDT,adverse_bp,True,1851,9.12821625508301,25.15395958018963,80.51209103840638,208.92932514186484,907.0711511581437,0.8427876823338736,0.15721231766612642
is,symbol,BCH/USDT:USDT,bar_range_bp,False,2048041,6.685609226140589,11.27486510429293,19.118265590945594,31.61188348763002,78.43763006896278,0.8484742248812401,0.15152577511875984
is,symbol,BNB/USDT:USDT,bar_range_bp,True,1612,36.637805896697515,68.89613754839642,139.60626412977172,289.0932982917211,1158.9282177517482,1.0,0.0
is,symbol,BNB/USDT:USDT,adverse_bp,True,1612,6.30528706809531,19.00918962737761,44.370601274054614,100.6333850668644,347.5792517366607,0.7996277915632755,0.20037220843672457
is,symbol,BNB/USDT:USDT,bar_range_bp,False,2048041,5.084941638737327,9.251834947264891,16.25869388492462,27.300811839930706,71.3795656151162,0.7549848855564903,0.24501511444350968
is,symbol,BTC/USDT:USDT,bar_range_bp,True,1502,42.485723567150885,73.9125009978192,152.49450112373506,351.4813937986876,766.7060281115004,0.9993342210386151,0.0006657789613848203
is,symbol,BTC/USDT:USDT,adverse_bp,True,1502,7.45373096530707,21.797976194740734,50.907646158552524,115.59956187448047,407.2934472934473,0.8209054593874834,0.17909454061251665
is,symbol,BTC/USDT:USDT,bar_range_bp,False,2048041,3.9493247429069855,7.456406804644033,13.092169415930913,21.414023858017405,52.99849659261095,0.6696755582529842,0.3303244417470158
is,symbol,DOGE/USDT:USDT,bar_range_bp,True,1700,57.75975305704826,116.60129727267892,277.7777777777765,545.8879716799391,1148.5758275596613,0.9994117647058823,0.000588235294117647
is,symbol,DOGE/USDT:USDT,adverse_bp,True,1700,9.007760532150169,29.15110206249412,87.81113738815655,189.54018954019034,543.2736411842677,0.8329411764705882,0.16705882352941176
is,symbol,DOGE/USDT:USDT,bar_range_bp,False,2048041,7.0219787936252205,12.426991425374549,22.402688322599257,40.34593644516392,128.42013581174365,0.847982047234406,0.15201795276559404
is,symbol,DOT/USDT:USDT,bar_range_bp,True,1869,49.67673594623195,91.6524395722889,248.46162777197307,528.8232491662706,1293.630153658595,1.0,0.0
is,symbol,DOT/USDT:USDT,adverse_bp,True,1869,9.257869188810247,25.877405790069567,76.47885125643886,214.19437340153505,609.2057761732858,0.8416265382557517,0.15837346174424827
is,symbol,DOT/USDT:USDT,bar_range_bp,False,2048041,7.617113114130033,13.247057624700565,22.24985275832779,35.43855208201553,82.93968202852011,0.8735459885812833,0.1264540114187167
is,symbol,ETH/USDT:USDT,bar_range_bp,True,1676,50.47947047310795,88.34904023136698,170.93529805076287,405.51931784992547,2551.185534369943,1.0,0.0
is,symbol,ETH/USDT:USDT,adverse_bp,True,1676,10.047536636067301,26.5733408706093,60.39446576375987,138.71349644830366,649.2890995260664,0.850835322195704,0.14916467780429593
is,symbol,ETH/USDT:USDT,bar_range_bp,False,2048041,5.192822480767084,9.521476475944853,16.46009805559311,26.847870538736235,66.29740665861436,0.7626741847453249,0.23732581525467508
is,symbol,LINK/USDT:USDT,bar_range_bp,True,1801,50.23322569070633,90.85837251932651,233.21756346370037,556.1246344961163,1287.2148541114066,0.9994447529150472,0.000555247084952804
is,symbol,LINK/USDT:USDT,adverse_bp,True,1801,9.06618313689971,25.922233300099503,75.0703784798249,197.33162898458087,545.8638154192453,0.8378678511937813,0.16213214880621876
is,symbol,LINK/USDT:USDT,bar_range_bp,False,2048041,8.764241893076582,14.355440712029553,23.17357610413007,36.080149474904424,80.96583171708986,0.9197608836932464,0.08023911630675362
is,symbol,LTC/USDT:USDT,bar_range_bp,True,1857,53.49636988918495,102.38361862102073,238.79716981132142,539.3305585673819,1355.3680399427726,0.9994614970382337,0.0005385029617662897
is,symbol,LTC/USDT:USDT,adverse_bp,True,1857,10.075566750631296,27.83361682387611,78.33273445921692,209.46678200346875,595.8333333333338,0.8508346795907378,0.14916532040926225
is,symbol,LTC/USDT:USDT,bar_range_bp,False,2048041,6.80272108843523,11.555228741005246,19.59503592423327,31.794845065282903,75.27939749824513,0.8507251563811467,0.14927484361885332
is,symbol,SOL/USDT:USDT,bar_range_bp,True,1599,50.9085390969057,85.05611340815106,163.23129969034252,381.64026650457066,943.9610984951865,1.0,0.0
is,symbol,SOL/USDT:USDT,adverse_bp,True,1599,9.118367740488676,24.348852652550175,60.67601547678963,128.37352638642506,423.69060721975836,0.8449030644152595,0.15509693558474047
is,symbol,SOL/USDT:USDT,bar_range_bp,False,2048041,10.154984404845763,16.49292707166028,26.83175994190657,42.786006244936125,104.67987378871884,0.9449268837879711,0.055073116212028955
is,symbol,TRX/USDT:USDT,bar_range_bp,True,1436,30.810215867587868,56.778301009755324,127.9411189756983,313.0590339892652,2233.6240807251584,0.9944289693593314,0.005571030640668524
is,symbol,TRX/USDT:USDT,adverse_bp,True,1436,4.803097545372767,14.853171441628955,40.20578033817846,109.56130143593302,328.7037037037027,0.7437325905292479,0.2562674094707521
is,symbol,TRX/USDT:USDT,bar_range_bp,False,2048041,3.7135606857711516,7.402472425791454,14.060303077645171,25.440668726149596,66.7588601473326,0.6411658750972271,0.35883412490277294
is,symbol,XRP/USDT:USDT,bar_range_bp,True,1918,59.64617825115115,133.45657460404567,383.4983183142697,721.9901490117832,2650.184341791368,1.0,0.0
is,symbol,XRP/USDT:USDT,adverse_bp,True,1918,11.927268401551368,35.01666744095263,112.07264789916476,295.06871463217624,1209.1128113702014,0.8670490093847758,0.1329509906152242
is,symbol,XRP/USDT:USDT,bar_range_bp,False,2048041,7.178750897343071,11.655011655010371,19.94017946161497,34.75238922675913,97.46833088356819,0.869657394554113,0.13034260544588708
is,timeframe,15m,bar_range_bp,True,14205,42.21838418729705,76.3623741756343,168.0474763499619,409.14494474779343,1240.4548414445228,0.9994368180218233,0.0005631819781766983
is,timeframe,15m,adverse_bp,True,14205,7.43156764790912,21.073206486882622,56.39655684179215,143.12248246277318,545.8638154192453,0.8116860260471664,0.1883139739528335
is,timeframe,1h,bar_range_bp,True,3774,58.816580475982875,114.11816715368562,272.4723062056498,583.1903945111484,1553.3256092531856,0.9992050874403816,0.000794912559618442
is,timeframe,1h,adverse_bp,True,3774,10.906727219371339,31.94273478423765,87.7741406082695,209.30400316349338,665.4470615138353,0.8672496025437202,0.1327503974562798
is,timeframe,2h,bar_range_bp,True,1766,71.20582090752784,143.1082614685185,368.68591727441503,728.9968427266311,1752.9437946317146,0.9988674971687429,0.0011325028312570782
is,timeframe,2h,adverse_bp,True,1766,12.743158933122274,36.94657031556072,110.66402121307647,269.3575800857259,735.3608715388103,0.8850509626274066,0.11494903737259343
is,timeframe,4h,bar_range_bp,True,820,86.52430359711312,187.5005229963566,489.59344333009835,830.0848429259347,2650.184341791368,1.0,0.0
is,timeframe,4h,adverse_bp,True,820,15.970709074549536,45.228815588357676,139.62528775870533,311.38140708705544,814.1362385217449,0.9097560975609756,0.09024390243902439
oos,overall,전체,bar_range_bp,True,8730,28.820359068209452,50.54092271201087,106.47960579475551,339.7773872290571,2602.1747281589815,0.9964490263459336,0.0035509736540664375
oos,overall,전체,adverse_bp,True,8730,4.974505658499985,14.388097972353489,37.00857971244811,111.49120835934905,1294.9179780082318,0.7483390607101947,0.25166093928980526
oos,symbol,ADA/USDT:USDT,bar_range_bp,True,763,31.488984226403893,53.84385282680299,109.58821557571838,491.3512158435699,2333.4016813614917,1.0,0.0
oos,symbol,ADA/USDT:USDT,adverse_bp,True,763,4.792724981140197,15.290519877675854,36.53238055389768,152.42511480404923,1396.8750000000005,0.7378768020969856,0.2621231979030144
oos,symbol,ADA/USDT:USDT,bar_range_bp,False,1022784,8.302200083022239,12.417952811779914,19.336126329357988,29.510316538882996,66.14888360100542,0.9400635911394781,0.05993640886052187
oos,symbol,BCH/USDT:USDT,bar_range_bp,True,798,32.38706279523792,60.11734655568465,130.79532455340564,367.20284781613293,1160.897530318653,0.9962406015037594,0.0037593984962406013
oos,symbol,BCH/USDT:USDT,adverse_bp,True,798,6.915095609106035,17.11918211461364,44.87793812178646,93.12508168866889,403.76523464271844,0.7994987468671679,0.20050125313283207
oos,symbol,BCH/USDT:USDT,bar_range_bp,False,1022784,5.475885372350002,9.044044496699266,14.754819552747758,23.168690279536296,55.66451394952749,0.7848284681809649,0.21517153181903512
oos,symbol,BNB/USDT:USDT,bar_range_bp,True,638,20.83331336529681,36.82315008577018,72.33550169119405,191.16221083252466,1346.25838014133,0.9921630094043887,0.007836990595611285
oos,symbol,BNB/USDT:USDT,adverse_bp,True,638,3.652857204146627,9.75352618443756,25.874193609418754,64.3215078158112,545.141225215351,0.6786833855799373,0.3213166144200627
oos,symbol,BNB/USDT:USDT,bar_range_bp,False,1022784,3.529107399153636,6.075508498950782,10.210503718703706,16.25689629382289,37.46423271905026,0.5984782710718979,0.4015217289281021
oos,symbol,BTC/USDT:USDT,bar_range_bp,True,597,18.918302802895916,32.012008484775464,61.47426806158522,117.01291411734067,696.4995575217052,0.9882747068676717,0.011725293132328308
oos,symbol,BTC/USDT:USDT,adverse_bp,True,597,3.933933933933497,10.080561730612539,24.137296431317655,56.28225422883956,268.2030282830201,0.7152428810720268,0.2847571189279732
oos,symbol,BTC/USDT:USDT,bar_range_bp,False,1022784,2.8280652288101837,5.200092462180374,8.981993490008671,14.503652513059098,33.074483692041156,0.5187498044552906,0.4812501955447093
oos,symbol,DOGE/USDT:USDT,bar_range_bp,True,884,36.01113207194734,64.5526466372258,156.55765259568673,601.357904946653,3392.3456534492875,1.0,0.0
oos,symbol,DOGE/USDT:USDT,adverse_bp,True,884,7.374327708061873,18.89692753904255,49.84243111269332,218.43659843385,1555.3461979391716,0.8190045248868778,0.18099547511312217
oos,symbol,DOGE/USDT:USDT,bar_range_bp,False,1022784,7.301046483329824,11.582930795357328,18.524768808807334,28.805612663126333,66.83357709379682,0.8900872520493086,0.10991274795069145
oos,symbol,DOT/USDT:USDT,bar_range_bp,True,774,32.95194034274179,57.30659025788045,128.3824435033238,312.3919491302839,851.8042924889563,1.0,0.0
oos,symbol,DOT/USDT:USDT,adverse_bp,True,774,4.42894318416959,15.128593040848221,38.96682398263939,98.63080542378043,424.8892770161381,0.7183462532299741,0.28165374677002586
oos,symbol,DOT/USDT:USDT,bar_range_bp,False,1022784,8.853474988933492,13.285505513484503,19.770717822930795,28.240609997175337,60.10543171830394,0.9428530364182467,0.057146963581753335
oos,symbol,ETH/USDT:USDT,bar_range_bp,True,796,38.14700603622845,58.33555799444329,114.89446700065565,260.6541340830332,1329.5214023428357,1.0,0.0
oos,symbol,ETH/USDT:USDT,adverse_bp,True,796,5.925507756321238,16.473876309648247,41.265972465218596,86.8893415072191,930.7387183185656,0.7864321608040201,0.2135678391959799
oos,symbol,ETH/USDT:USDT,bar_range_bp,False,1022784,5.095019035733395,8.398607617635326,13.661972629109044,21.369686920343238,49.251022582464294,0.7577220605719291,0.24227793942807083
oos,symbol,LINK/USDT:USDT,bar_range_bp,True,740,29.74259030256738,52.00865396660397,105.82340890266322,351.92410680131655,2496.3942802983474,1.0,0.0
oos,symbol,LINK/USDT:USDT,adverse_bp,True,740,4.359613631670547,13.837424943068559,33.12372410394437,110.66685380746449,1740.0345091246138,0.727027027027027,0.27297297297297296
oos,symbol,LINK/USDT:USDT,bar_range_bp,False,1022784,7.07754333424759,11.42505602671697,18.250666014007457,27.850971623867004,59.81333753215519,0.873690828170953,0.126309171829047
oos,symbol,LTC/USDT:USDT,bar_range_bp,True,797,29.01313880714623,50.02680007146706,115.22633744856014,790.490341753344,3248.112977842707,1.0,0.0
oos,symbol,LTC/USDT:USDT,adverse_bp,True,797,5.2562417871224065,14.450867052022618,41.40786749482418,267.87434958566206,1916.0407587000057,0.7553324968632371,0.24466750313676286
oos,symbol,LTC/USDT:USDT,bar_range_bp,False,1022784,5.679518945604116,9.3294460641414,15.48653531790352,24.54195404730726,56.26973700326592,0.8036574682435392,0.1963425317564608
oos,symbol,SOL/USDT:USDT,bar_range_bp,True,796,31.387343283138982,50.83454920631268,110.21176427860955,356.2525425003661,1318.4738588958928,1.0,0.0
oos,symbol,SOL/USDT:USDT,adverse_bp,True,796,5.5485244179217075,16.7149210667379,38.979086475503294,113.26249008612379,451.7639483173336,0.7763819095477387,0.2236180904522613
oos,symbol,SOL/USDT:USDT,bar_range_bp,False,1022784,7.026284692281539,10.830715910321366,16.82162260462259,25.376256557612255,55.49085473145397,0.8760725627307427,0.12392743726925724
oos,symbol,TRX/USDT:USDT,bar_range_bp,True,425,14.325092787533901,24.533426794007053,55.754998896933564,155.5105834658135,352.24352643547326,0.9623529411764706,0.03764705882352941
oos,symbol,TRX/USDT:USDT,adverse_bp,True,425,2.6086308414703168,8.583690987123518,20.913638973180625,66.28586524324422,211.5682615983041,0.6141176470588235,0.38588235294117645
oos,symbol,TRX/USDT:USDT,bar_range_bp,False,1022784,1.3980636818001642,3.2670517827707273,6.220156967490659,10.692447000078111,29.879236801609306,0.3330889024466554,0.6669110975533445
oos,symbol,XRP/USDT:USDT,bar_range_bp,True,722,29.061606145156823,51.753422392519596,112.46188571654848,434.34680922151557,2369.7960350113485,1.0,0.0
oos,symbol,XRP/USDT:USDT,adverse_bp,True,722,5.536145940286595,15.55772464964188,40.32998875409218,116.75823739927259,813.9340602868183,0.7576177285318559,0.24238227146814403
oos,symbol,XRP/USDT:USDT,bar_range_bp,False,1022784,5.729017473504784,9.483859201166199,16.037315541550743,26.510059788423632,65.55692848723407,0.8140545804392716,0.18594541956072835
oos,timeframe,15m,bar_range_bp,True,5988,27.021357555000836,46.38129331159682,91.98342005467929,233.35522270553716,2493.500491074009,0.9961589846359385,0.003841015364061456
oos,timeframe,15m,adverse_bp,True,5988,4.46377192092507,12.656448007289958,30.737704918032133,80.71344196875305,947.3362534379136,0.7252839011356046,0.27471609886439546
oos,timeframe,1h,bar_range_bp,True,1562,31.91201862056974,57.7458478632448,134.5544240430007,477.49162535795637,3137.996219281663,0.9993597951344431,0.0006402048655569782
oos,timeframe,1h,adverse_bp,True,1562,6.14577311206371,16.788176164449055,47.63860028401762,160.34518326036036,1402.0021901531532,0.7900128040973111,0.20998719590268886
oos,timeframe,2h,bar_range_bp,True,793,37.082429841927905,74.17102966841145,210.44938144219014,758.0868885496357,3248.112977842707,0.9936948297604036,0.006305170239596469
oos,timeframe,2h,adverse_bp,True,793,5.873613654424763,20.203203232513218,71.67807799690078,266.15694744715034,1659.9321157265229,0.7894073139974779,0.21059268600252207
oos,timeframe,4h,bar_range_bp,True,387,42.816102351893996,96.61957459673586,291.4771175497637,970.7999112266575,3054.3550135792243,0.9948320413436692,0.00516795865633075
oos,timeframe,4h,adverse_bp,True,387,9.320969733051449,30.0143546913728,89.93021477279979,299.92799490702606,1479.771438537771,0.8527131782945736,0.14728682170542637
oos_warm,overall,전체,bar_range_bp,True,8886,29.175837040379225,51.49847984183344,108.9648340762751,342.2898775078939,3026.315789473685,0.996511366194013,0.0034886338059869457
oos_warm,overall,전체,adverse_bp,True,8886,5.003701516938781,14.567085116144675,37.622328421760216,112.89046926450757,1246.3110717177549,0.75016880486158,0.24983119513841998
oos_warm,symbol,ADA/USDT:USDT,bar_range_bp,True,789,32.45942571785327,54.40468717304857,109.753938750221,439.07741805660913,2333.4016813614917,1.0,0.0
oos_warm,symbol,ADA/USDT:USDT,adverse_bp,True,789,4.822375823822005,15.398829688943653,38.14553990610234,149.21427046876678,1396.8750000000005,0.7401774397972116,0.2598225602027883
oos_warm,symbol,ADA/USDT:USDT,bar_range_bp,False,1024980,8.302200083022239,12.411225263738702,19.323671497583945,29.490849162980915,66.0708035396813,0.9400573669730141,0.059942633026985895
oos_warm,symbol,BCH/USDT:USDT,bar_range_bp,True,823,33.47096321229385,62.54211226481929,133.55377972889488,367.20284781613293,1087.6604924081237,0.9963547995139733,0.0036452004860267314
oos_warm,symbol,BCH/USDT:USDT,adverse_bp,True,823,7.056677165624828,18.05899270951654,44.8839585461983,95.68377675430389,402.7698792359422,0.8019441069258809,0.19805589307411908
oos_warm,symbol,BCH/USDT:USDT,bar_range_bp,False,1024980,5.4806070826305,9.052049283379775,14.76361029327471,23.175703595469635,55.6552122185292,0.7851372709711409,0.2148627290288591
oos_warm,symbol,BNB/USDT:USDT,bar_range_bp,True,639,20.83493454947948,36.82315008577018,72.16745392663938,191.16221083252466,1346.25838014133,0.9921752738654147,0.00782472613458529
oos_warm,symbol,BNB/USDT:USDT,adverse_bp,True,639,3.653524616163585,9.77175961471451,25.545201372397948,63.17527060523874,544.9555255189673,0.6791862284820032,0.3208137715179969
oos_warm,symbol,BNB/USDT:USDT,bar_range_bp,False,1024980,3.531381083660539,6.078048541222023,10.212646581098948,16.254748070517223,37.450212258028785,0.5987287556830377,0.40127124431696226
oos_warm,symbol,BTC/USDT:USDT,bar_range_bp,True,603,18.836675545794932,32.012008484775464,61.58379027619799,114.74513423807304,696.4995575217052,0.988391376451078,0.011608623548922056
oos_warm,symbol,BTC/USDT:USDT,adverse_bp,True,603,3.926064092087752,10.080561730612539,24.502712531400874,55.314905539315376,268.2030282830201,0.714759535655058,0.28524046434494194
oos_warm,symbol,BTC/USDT:USDT,bar_range_bp,False,1024980,2.8303970948314134,5.204936889273233,8.988387018169032,14.511526911465756,33.090445691196294,0.5191740326640519,0.480825967335948
oos_warm,symbol,DOGE/USDT:USDT,bar_range_bp,True,896,36.20000369335054,65.42150056832443,156.55765259568673,588.1148290306105,3392.3456534492875,1.0,0.0
oos_warm,symbol,DOGE/USDT:USDT,adverse_bp,True,896,7.641400017913697,18.888888888889277,49.471333774818184,215.85184810134075,1554.530177665666,0.8203125,0.1796875
oos_warm,symbol,DOGE/USDT:USDT,bar_range_bp,False,1024980,7.302696781597269,11.582452584335266,18.519335067683926,28.791607492284555,66.78083371795276,0.8901802962009014,0.10981970379909851
oos_warm,symbol,DOT/USDT:USDT,bar_range_bp,True,778,32.71534988853669,57.286079667236514,126.88983552669339,312.3754974346752,839.9592373440937,1.0,0.0
oos_warm,symbol,DOT/USDT:USDT,adverse_bp,True,778,4.400982132334441,15.128593040848221,38.94521241140583,98.60341445369136,422.9493265075072,0.7172236503856041,0.2827763496143959
oos_warm,symbol,DOT/USDT:USDT,bar_range_bp,False,1024980,8.84564352056711,13.271400132714863,19.758940920766225,28.222013170271786,60.06885942421855,0.9425793674022908,0.05742063259770922
oos_warm,symbol,ETH/USDT:USDT,bar_range_bp,True,834,39.08216331754422,61.69205432289318,127.55369084719356,260.6541340830332,1329.5214023428357,1.0,0.0
oos_warm,symbol,ETH/USDT:USDT,adverse_bp,True,834,5.967701112987733,17.155745105681262,41.99659787221877,90.61044791459234,876.7987696101158,0.7877697841726619,0.21223021582733814
oos_warm,symbol,ETH/USDT:USDT,bar_range_bp,False,1024980,5.0987207574869755,8.403352992795982,13.668073153325729,21.37500549366115,49.2440008768509,0.7580255224492185,0.24197447755078147
oos_warm,symbol,LINK/USDT:USDT,bar_range_bp,True,746,29.882080408713154,52.739820523760685,106.35046757533127,426.29262926292574,2496.3942802983474,1.0,0.0
oos_warm,symbol,LINK/USDT:USDT,adverse_bp,True,746,4.484053964930492,13.750749124100992,33.722073907545344,128.9305898239915,1733.0536057018824,0.7305630026809652,0.26943699731903487
oos_warm,symbol,LINK/USDT:USDT,bar_range_bp,False,1024980,7.078930070283333,11.423494319985203,18.242626938279805,27.83853648836737,59.776791960875116,0.8737468048157038,0.12625319518429629
oos_warm,symbol,LTC/USDT:USDT,bar_range_bp,True,811,29.73559759390942,50.702926941691366,120.67152157786043,1664.0016505906015,3248.112977842707,1.0,0.0
oos_warm,symbol,LTC/USDT:USDT,adverse_bp,True,811,5.290244203112751,14.570179698883505,41.84896328704562,324.28791377983106,1907.1316428200669,0.7558569667077681,0.2441430332922318
oos_warm,symbol,LTC/USDT:USDT,bar_range_bp,False,1024980,5.677624481916443,9.326908129955273,15.476763218550996,24.52598811432932,56.22312416924448,0.8033893344260375,0.19661066557396242
oos_warm,symbol,SOL/USDT:USDT,bar_range_bp,True,821,32.10888265880658,52.259750314526414,112.6815289717821,351.129732925482,1318.4738588958928,1.0,0.0
oos_warm,symbol,SOL/USDT:USDT,adverse_bp,True,821,5.716245569909359,16.714422158548302,39.0420487352464,111.32551580822323,451.34781796675594,0.781973203410475,0.21802679658952498
oos_warm,symbol,SOL/USDT:USDT,bar_range_bp,False,1024980,7.031524668932647,10.840108401082368,16.834450018517895,25.38755717985819,55.46696737364027,0.8763088060254834,0.12369119397451657
oos_warm,symbol,TRX/USDT:USDT,bar_range_bp,True,423,14.314441646008822,24.533426794007053,55.754998896933564,158.06407589526745,352.89377069980264,0.9621749408983451,0.037825059101654845
oos_warm,symbol,TRX/USDT:USDT,adverse_bp,True,423,2.6071904315925476,8.943769654654425,21.008767538538102,67.14094622082762,211.5682615983041,0.6122931442080378,0.3877068557919622
oos_warm,symbol,TRX/USDT:USDT,bar_range_bp,False,1024980,1.3995311570618414,3.265306122450231,6.217199700111672,10.685420018113554,29.86198023912742,0.332868934027981,0.667131065972019
oos_warm,symbol,XRP/USDT:USDT,bar_range_bp,True,723,29.074086991753532,51.798106008185336,112.46188571654848,434.34680922151557,2363.905346627419,1.0,0.0
oos_warm,symbol,XRP/USDT:USDT,adverse_bp,True,723,5.541930194918738,15.549901046083587,40.31521315828559,116.68945732357939,813.5538818138492,0.7579529737206085,0.24204702627939143
oos_warm,symbol,XRP/USDT:USDT,bar_range_bp,False,1024980,5.733624652534084,9.49569597258621,16.049799788540717,26.512550473301808,65.53860607511217,0.8144236960721185,0.18557630392788152
oos_warm,timeframe,15m,bar_range_bp,True,6070,27.261710496109067,46.97790794688629,93.97024275646055,237.5020151093598,2493.500491074009,0.9962108731466227,0.0037891268533772654
oos_warm,timeframe,15m,adverse_bp,True,6070,4.510908206299035,12.762869896784014,31.19081962243293,82.5290626379545,947.3362534379136,0.727182866556837,0.2728171334431631
oos_warm,timeframe,1h,bar_range_bp,True,1596,32.38384452221376,58.79483593296323,136.0544217687064,476.99597651562436,3137.996219281663,0.9993734335839599,0.0006265664160401002
oos_warm,timeframe,1h,adverse_bp,True,1596,6.284084186454648,16.849121559551307,47.94423909217355,158.09376985824022,1397.5323320709172,0.7913533834586466,0.20864661654135339
oos_warm,timeframe,2h,bar_range_bp,True,817,38.11423584519184,75.91779187679633,214.26993593991577,745.0403595935503,3248.112977842707,0.9938800489596084,0.006119951040391677
oos_warm,timeframe,2h,adverse_bp,True,817,5.955206490312001,20.37956948159387,73.38828045613543,258.2979747828129,1658.1995358765269,0.7906976744186046,0.20930232558139536
oos_warm,timeframe,4h,bar_range_bp,True,403,44.03896325794115,95.58823529411693,284.58975871279,970.7999112266575,3247.6826375189758,0.9950372208436724,0.004962779156327543
oos_warm,timeframe,4h,adverse_bp,True,403,9.142090685101268,28.57695450185804,89.93021477279979,307.744742656452,1468.2496188452785,0.8511166253101737,0.1488833746898263
