lens,symbol,timeframe,segment,num_candidates,num_trades,win_rate,total_return,max_drawdown,engine_total_return,engine_num_trades
baseline,ADA/USDT:USDT,15m,full,1537,1066,0.5712945590994372,4.11539010143058,0.08506501570718622,4.11539010143058,1066.0
baseline,ADA/USDT:USDT,15m,oos_warm,536,369,0.5176151761517616,0.2807820395221521,0.0850650157071854,,
baseline,ADA/USDT:USDT,1h,full,370,289,0.5536332179930796,0.8188989296761887,0.060342591218138786,0.8188989296761887,289.0
baseline,ADA/USDT:USDT,1h,oos_warm,132,103,0.5436893203883495,0.20054964725115806,0.058496739575666014,,
baseline,ADA/USDT:USDT,2h,full,155,113,0.49557522123893805,0.1565573856245006,0.06491268364050284,0.1565573856245006,113.0
baseline,ADA/USDT:USDT,2h,oos_warm,58,42,0.5238095238095238,0.08391609933302152,0.05019313072937815,,
baseline,ADA/USDT:USDT,4h,full,81,61,0.5409836065573771,0.1980980358107732,0.051070932094642016,0.1980980358107732,61.0
baseline,ADA/USDT:USDT,4h,oos_warm,29,23,0.5652173913043478,0.08546378359044211,0.031048004776888457,,
baseline,ALGO/USDT:USDT,15m,full,1678,1202,0.5490848585690515,4.333584816359391,0.12434552372013918,4.333584816359391,1202.0
baseline,ALGO/USDT:USDT,15m,oos_warm,557,408,0.5073529411764706,0.15987010177348693,0.12434552372013816,,
baseline,ALGO/USDT:USDT,1h,full,409,312,0.5833333333333334,1.4015005300118424,0.06787614936297794,1.4015005300118424,312.0
baseline,ALGO/USDT:USDT,1h,oos_warm,144,104,0.5769230769230769,0.2132075981322556,0.05213314931104914,,
baseline,ALGO/USDT:USDT,2h,full,185,137,0.5182481751824818,0.32295557843069256,0.0578975013951188,0.32295557843069256,137.0
baseline,ALGO/USDT:USDT,2h,oos_warm,61,48,0.4583333333333333,0.025440594529646476,0.05088808080676286,,
baseline,ALGO/USDT:USDT,4h,full,89,71,0.5352112676056338,0.22023188175342057,0.05990613032241368,0.22023188175342057,71.0
baseline,ALGO/USDT:USDT,4h,oos_warm,32,26,0.5,0.05065443954755574,0.05990613032241383,,
baseline,ATOM/USDT:USDT,15m,full,1619,1149,0.5735422106179286,8.899396857615264,0.07810682147580868,8.899396857615264,1149.0
baseline,ATOM/USDT:USDT,15m,oos_warm,569,391,0.5319693094629157,0.4858402201806191,0.05666751653145274,,
baseline,ATOM/USDT:USDT,1h,full,303,243,0.5843621399176955,1.053896801044763,0.09022969713135848,1.053896801044763,243.0
baseline,ATOM/USDT:USDT,1h,oos_warm,96,81,0.5432098765432098,0.13526157653989995,0.09022969713135813,,
baseline,ATOM/USDT:USDT,2h,full,174,143,0.6013986013986014,0.7812818004076999,0.048065024540849176,0.7812818004076999,143.0
baseline,ATOM/USDT:USDT,2h,oos_warm,52,48,0.6041666666666666,0.1995542541943425,0.048065024540849245,,
baseline,ATOM/USDT:USDT,4h,full,100,80,0.575,0.35435969481989416,0.04478587245237069,0.35435969481989416,80.0
baseline,ATOM/USDT:USDT,4h,oos_warm,29,21,0.6190476190476191,0.10811827844829112,0.021166109309062455,,
baseline,BCH/USDT:USDT,15m,full,1363,876,0.5525114155251142,2.0177485333755905,0.1178574161871059,2.0177485333755905,876.0
baseline,BCH/USDT:USDT,15m,oos_warm,502,309,0.5469255663430421,0.2975866802245419,0.053241718103969035,,
baseline,BCH/USDT:USDT,1h,full,319,246,0.6219512195121951,1.5904030764886716,0.05460361214107946,1.5904030764886716,246.0
baseline,BCH/USDT:USDT,1h,oos_warm,124,93,0.6021505376344086,0.38356446266966143,0.045643438723547786,,
baseline,BCH/USDT:USDT,2h,full,147,126,0.6666666666666666,0.9728332137401805,0.058582528150396385,0.9728332137401805,126.0
baseline,BCH/USDT:USDT,2h,oos_warm,57,49,0.6326530612244898,0.2342226884087786,0.044723181761911764,,
baseline,BCH/USDT:USDT,4h,full,74,60,0.6,0.2538546970446359,0.031084273471661785,0.2538546970446359,60.0
baseline,BCH/USDT:USDT,4h,oos_warm,26,23,0.5217391304347826,0.0378432642723099,0.02375897443472491,,
baseline,BNB/USDT:USDT,15m,full,1420,769,0.5591677503250976,1.7640360332813234,0.059936589297976885,1.7640360332813234,769.0
baseline,BNB/USDT:USDT,15m,oos_warm,444,187,0.5240641711229946,0.06091791840486439,0.050827067418110085,,
baseline,BNB/USDT:USDT,1h,full,296,220,0.6090909090909091,1.067979652057256,0.07825526785664368,1.067979652057256,220.0
baseline,BNB/USDT:USDT,1h,oos_warm,106,78,0.5128205128205128,0.11604628788947358,0.0782552678566434,,
baseline,BNB/USDT:USDT,2h,full,127,110,0.6,0.4372065549895562,0.050022862428574566,0.4372065549895562,110.0
baseline,BNB/USDT:USDT,2h,oos_warm,46,38,0.6052631578947368,0.1387166399288717,0.04291082778859928,,
baseline,BNB/USDT:USDT,4h,full,71,61,0.6229508196721312,0.3620290124854666,0.03655780647703523,0.3620290124854666,61.0
baseline,BNB/USDT:USDT,4h,oos_warm,25,21,0.6190476190476191,0.11173071681976599,0.036557806477035396,,
baseline,BTC/USDT:USDT,15m,full,1445,658,0.574468085106383,1.4265348162462506,0.07786616736453142,1.4265348162462506,658.0
baseline,BTC/USDT:USDT,15m,oos_warm,508,174,0.5057471264367817,0.05188189398689956,0.07786616736453107,,
baseline,BTC/USDT:USDT,1h,full,344,254,0.610236220472441,0.9893945855778715,0.050880373680385,0.9893945855778715,254.0
baseline,BTC/USDT:USDT,1h,oos_warm,124,85,0.5176470588235295,0.0572268437909981,0.05088037368038528,,
baseline,BTC/USDT:USDT,2h,full,161,120,0.6083333333333333,0.48688265642973527,0.04580640454963048,0.48688265642973527,120.0
baseline,BTC/USDT:USDT,2h,oos_warm,56,40,0.6,0.09121870061180362,0.03408726764964041,,
baseline,BTC/USDT:USDT,4h,full,60,52,0.6346153846153846,0.2580248461440513,0.05256470016774714,0.2580248461440513,52.0
baseline,BTC/USDT:USDT,4h,oos_warm,20,15,0.5333333333333333,0.030171556043808778,0.046766141931767945,,
baseline,DOGE/USDT:USDT,15m,full,1398,983,0.595116988809766,6.669365961985626,0.06397979268729083,6.669365961985626,983.0
baseline,DOGE/USDT:USDT,15m,oos_warm,547,386,0.5595854922279793,0.6530837328128899,0.06397979268729073,,
baseline,DOGE/USDT:USDT,1h,full,292,232,0.6077586206896551,1.3854526366992777,0.058739758763952536,1.3854526366992777,232.0
baseline,DOGE/USDT:USDT,1h,oos_warm,107,89,0.5056179775280899,0.09483823248436657,0.05873975876395224,,
baseline,DOGE/USDT:USDT,2h,full,140,116,0.5948275862068966,0.48343027779762016,0.07056349474887606,0.48343027779762016,116.0
baseline,DOGE/USDT:USDT,2h,oos_warm,62,50,0.52,0.07730553101123715,0.0705634947488761,,
baseline,DOGE/USDT:USDT,4h,full,82,63,0.5873015873015873,0.2565096099232285,0.04283028776199397,0.2565096099232285,63.0
baseline,DOGE/USDT:USDT,4h,oos_warm,32,22,0.5909090909090909,0.0714864196388833,0.02650376634882501,,
baseline,DOT/USDT:USDT,15m,full,1602,1105,0.5728506787330316,5.233103438399258,0.10054919364452596,5.233103438399258,1105.0
baseline,DOT/USDT:USDT,15m,oos_warm,597,405,0.5703703703703704,0.6442379006008858,0.0728981318140716,,
baseline,DOT/USDT:USDT,1h,full,315,243,0.5843621399176955,1.0996030241085588,0.05475932500616617,1.0996030241085588,243.0
baseline,DOT/USDT:USDT,1h,oos_warm,120,93,0.5161290322580645,0.12779205109440608,0.054759325006166246,,
baseline,DOT/USDT:USDT,2h,full,140,115,0.6,0.5633875411289148,0.052306513677188735,0.5633875411289148,115.0
baseline,DOT/USDT:USDT,2h,oos_warm,38,30,0.5,0.04331224533278619,0.0424204523009661,,
baseline,DOT/USDT:USDT,4h,full,83,67,0.5223880597014925,0.16641061510674918,0.05062738791518506,0.16641061510674918,67.0
baseline,DOT/USDT:USDT,4h,oos_warm,26,23,0.391304347826087,-0.02353750123981863,0.0506273879151853,,
baseline,ETC/USDT:USDT,15m,full,1421,961,0.6097814776274714,6.704743402144947,0.05869703147713582,6.704743402144947,961.0
baseline,ETC/USDT:USDT,15m,oos_warm,531,336,0.5684523809523809,0.3274870220955681,0.058697031477135835,,
baseline,ETC/USDT:USDT,1h,full,308,243,0.6172839506172839,1.5210698485160734,0.07725446713102653,1.5210698485160734,243.0
baseline,ETC/USDT:USDT,1h,oos_warm,93,72,0.5555555555555556,0.15230908431389453,0.05339838239649314,,
baseline,ETC/USDT:USDT,2h,full,160,125,0.616,0.751464681000292,0.05104723860617657,0.751464681000292,125.0
baseline,ETC/USDT:USDT,2h,oos_warm,58,47,0.5957446808510638,0.2085275226207512,0.03155695538410915,,
baseline,ETC/USDT:USDT,4h,full,82,71,0.6338028169014085,0.41756748985749476,0.04069780363324872,0.41756748985749476,71.0
baseline,ETC/USDT:USDT,4h,oos_warm,41,33,0.6060606060606061,0.153260281808131,0.030935429095136753,,
baseline,ETH/USDT:USDT,15m,full,1373,806,0.5744416873449132,2.4319116459826806,0.06716887238616706,2.4319116459826806,806.0
baseline,ETH/USDT:USDT,15m,oos_warm,525,303,0.5676567656765676,0.359750977358449,0.06320855804134504,,
baseline,ETH/USDT:USDT,1h,full,316,250,0.628,1.291865427922825,0.09923531382306282,1.291865427922825,250.0
baseline,ETH/USDT:USDT,1h,oos_warm,117,91,0.7252747252747253,0.6056446805592521,0.02133027532346156,,
baseline,ETH/USDT:USDT,2h,full,158,130,0.5692307692307692,0.4633047185509753,0.04791979977714152,0.4633047185509753,130.0
baseline,ETH/USDT:USDT,2h,oos_warm,66,52,0.5961538461538461,0.17822076202608095,0.025957895948020285,,
baseline,ETH/USDT:USDT,4h,full,84,68,0.6176470588235294,0.36797233243013305,0.04711524117818985,0.36797233243013305,68.0
baseline,ETH/USDT:USDT,4h,oos_warm,31,25,0.64,0.1417028086555727,0.021519118346970754,,
baseline,LINK/USDT:USDT,15m,full,1481,1037,0.5689488910318226,4.434185441633874,0.08032719734005782,4.434185441633874,1037.0
baseline,LINK/USDT:USDT,15m,oos_warm,567,372,0.5672043010752689,0.6234297298893396,0.055407430342654086,,
baseline,LINK/USDT:USDT,1h,full,329,266,0.5488721804511278,0.8881992377323644,0.06065686772608131,0.8881992377323644,266.0
baseline,LINK/USDT:USDT,1h,oos_warm,109,92,0.4891304347826087,0.09956250776922516,0.05747117060183325,,
baseline,LINK/USDT:USDT,2h,full,145,119,0.5294117647058824,0.2933443036486313,0.07763297857555077,0.2933443036486313,119.0
baseline,LINK/USDT:USDT,2h,oos_warm,52,44,0.45454545454545453,0.02224276899347915,0.0712795325376515,,
baseline,LINK/USDT:USDT,4h,full,66,59,0.6101694915254238,0.31389363082882027,0.04103840867990197,0.31389363082882027,59.0
baseline,LINK/USDT:USDT,4h,oos_warm,20,19,0.7368421052631579,0.15717080145318213,0.010548949401307897,,
baseline,LTC/USDT:USDT,15m,full,1528,960,0.5583333333333333,2.3979904151966736,0.06599030567211685,2.3979904151966736,960.0
baseline,LTC/USDT:USDT,15m,oos_warm,584,342,0.5263157894736842,0.21867628044749254,0.0659903056721164,,
baseline,LTC/USDT:USDT,1h,full,303,242,0.5454545454545454,0.5482285517127639,0.08566912151053327,0.5482285517127639,242.0
baseline,LTC/USDT:USDT,1h,oos_warm,110,84,0.5119047619047619,0.10988364527076537,0.07947419710905762,,
baseline,LTC/USDT:USDT,2h,full,131,120,0.6,0.5178300915246705,0.032268605688413714,0.5178300915246705,120.0
baseline,LTC/USDT:USDT,2h,oos_warm,52,47,0.5531914893617021,0.10054510012672399,0.03226860568841363,,
baseline,LTC/USDT:USDT,4h,full,67,53,0.5849056603773585,0.2340281049006884,0.04105361843524229,0.2340281049006884,53.0
baseline,LTC/USDT:USDT,4h,oos_warm,37,25,0.56,0.08594949494798584,0.04105361843524241,,
baseline,SOL/USDT:USDT,15m,full,1624,1172,0.5708191126279863,6.03449705418954,0.14523062600629208,6.03449705418954,1172.0
baseline,SOL/USDT:USDT,15m,oos_warm,579,404,0.5816831683168316,0.8442676479376718,0.04623006200663437,,
baseline,SOL/USDT:USDT,1h,full,357,280,0.5464285714285714,0.9917816651373589,0.07808988476747407,0.9917816651373589,280.0
baseline,SOL/USDT:USDT,1h,oos_warm,124,93,0.5806451612903226,0.3499453404686463,0.04095675731964187,,
baseline,SOL/USDT:USDT,2h,full,163,136,0.6176470588235294,0.8527849438520574,0.04495639401679082,0.8527849438520574,136.0
baseline,SOL/USDT:USDT,2h,oos_warm,53,45,0.6222222222222222,0.20175305467405033,0.044956394016790975,,
baseline,SOL/USDT:USDT,4h,full,88,76,0.5789473684210527,0.33646072631085044,0.04127244900984847,0.33646072631085044,76.0
baseline,SOL/USDT:USDT,4h,oos_warm,44,38,0.5526315789473685,0.1288034100167548,0.04127244900984839,,
baseline,THETA/USDT:USDT,15m,full,1664,1230,0.5430894308943089,4.023253516267326,0.0835688779977294,4.023253516267326,1230.0
baseline,THETA/USDT:USDT,15m,oos_warm,610,452,0.5353982300884956,0.4767616807759676,0.0644733578661178,,
baseline,THETA/USDT:USDT,1h,full,348,272,0.5698529411764706,1.2721939890105125,0.0611212156054532,1.2721939890105125,272.0
baseline,THETA/USDT:USDT,1h,oos_warm,140,111,0.5675675675675675,0.39361582501001524,0.061121215605453305,,
baseline,THETA/USDT:USDT,2h,full,166,126,0.5555555555555556,0.44287566551500424,0.061476114955148424,0.44287566551500424,126.0
baseline,THETA/USDT:USDT,2h,oos_warm,75,56,0.5357142857142857,0.13351063786010745,0.06147611495514846,,
baseline,THETA/USDT:USDT,4h,full,89,73,0.547945205479452,0.24430170326627831,0.04332701157018422,0.24430170326627831,73.0
baseline,THETA/USDT:USDT,4h,oos_warm,49,39,0.5384615384615384,0.10582199304299429,0.04332701157018415,,
baseline,TRX/USDT:USDT,15m,full,1349,529,0.5255198487712666,0.509344540454654,0.12357959260501504,0.509344540454654,529.0
baseline,TRX/USDT:USDT,15m,oos_warm,443,79,0.46835443037974683,-0.0027572221401802382,0.05652769259396417,,
baseline,TRX/USDT:USDT,1h,full,330,227,0.6299559471365639,1.0297312523163895,0.03997905408746935,1.0297312523163895,227.0
baseline,TRX/USDT:USDT,1h,oos_warm,110,65,0.5384615384615384,0.05744229855136036,0.03997905408746925,,
baseline,TRX/USDT:USDT,2h,full,154,123,0.5772357723577236,0.4148815538542105,0.05259096915375213,0.4148815538542105,123.0
baseline,TRX/USDT:USDT,2h,oos_warm,55,42,0.5714285714285714,0.09461606455588571,0.0216291330677984,,
baseline,TRX/USDT:USDT,4h,full,86,69,0.6666666666666666,0.44725889971466115,0.03174749222355513,0.44725889971466115,69.0
baseline,TRX/USDT:USDT,4h,oos_warm,36,25,0.52,0.04583187172103026,0.022644133622070562,,
baseline,VET/USDT:USDT,15m,full,1617,1138,0.5588752196836555,4.844600887741231,0.10222629620353076,4.844600887741231,1138.0
baseline,VET/USDT:USDT,15m,oos_warm,585,391,0.5242966751918159,0.34563294665982996,0.08567295317185454,,
baseline,VET/USDT:USDT,1h,full,356,292,0.5547945205479452,1.100858012811008,0.07099909546917735,1.100858012811008,292.0
baseline,VET/USDT:USDT,1h,oos_warm,123,108,0.4722222222222222,0.04750215301489352,0.07099909546917761,,
baseline,VET/USDT:USDT,2h,full,159,124,0.5887096774193549,0.5924421821441737,0.05213354822623059,0.5924421821441737,124.0
baseline,VET/USDT:USDT,2h,oos_warm,46,37,0.5675675675675675,0.11200610414336225,0.03672078918491683,,
baseline,VET/USDT:USDT,4h,full,80,60,0.55,0.20839878178233556,0.06114995610804503,0.20839878178233556,60.0
baseline,VET/USDT:USDT,4h,oos_warm,28,21,0.47619047619047616,0.025768311232101042,0.06114995610804505,,
baseline,XLM/USDT:USDT,15m,full,1424,917,0.5583424209378408,2.449518554417407,0.07261299187696783,2.449518554417407,917.0
baseline,XLM/USDT:USDT,15m,oos_warm,501,312,0.5512820512820513,0.42181181635336196,0.056478633257765885,,
baseline,XLM/USDT:USDT,1h,full,296,236,0.5889830508474576,1.1108279806829109,0.06238813767004131,1.1108279806829109,236.0
baseline,XLM/USDT:USDT,1h,oos_warm,92,74,0.5540540540540541,0.18778928890105398,0.062388137670041,,
baseline,XLM/USDT:USDT,2h,full,133,91,0.5274725274725275,0.21521151535153293,0.06736124055120128,0.21521151535153293,91.0
baseline,XLM/USDT:USDT,2h,oos_warm,51,37,0.4594594594594595,0.02818310607794556,0.054820641874502335,,
baseline,XLM/USDT:USDT,4h,full,49,41,0.36585365853658536,-0.07300543024115996,0.13547363320060482,-0.07300543024115996,41.0
baseline,XLM/USDT:USDT,4h,oos_warm,14,13,0.46153846153846156,0.01182988249423197,0.021195010208774692,,
baseline,XMR/USDT:USDT,15m,full,1772,1177,0.5964316057774002,7.141359282747547,0.09111600830763149,7.141359282747547,1177.0
baseline,XMR/USDT:USDT,15m,oos_warm,642,452,0.5730088495575221,0.8553403492200665,0.07193772467849849,,
baseline,XMR/USDT:USDT,1h,full,442,333,0.5975975975975976,1.5471911479984262,0.07660858251441045,1.5471911479984262,333.0
baseline,XMR/USDT:USDT,1h,oos_warm,173,140,0.6142857142857143,0.5320431195592326,0.07660858251441073,,
baseline,XMR/USDT:USDT,2h,full,224,179,0.6536312849162011,1.3133551426269827,0.07085741819429053,1.3133551426269827,179.0
baseline,XMR/USDT:USDT,2h,oos_warm,73,61,0.6229508196721312,0.23705157890279097,0.0708574181942903,,
baseline,XMR/USDT:USDT,4h,full,102,81,0.654320987654321,0.5263142889784349,0.03913225239809209,0.5263142889784349,81.0
baseline,XMR/USDT:USDT,4h,oos_warm,38,32,0.78125,0.30416155745403284,0.020599040932061587,,
baseline,XRP/USDT:USDT,15m,full,1422,933,0.602357984994641,6.269027813732596,0.08125888886558749,6.269027813732596,933.0
baseline,XRP/USDT:USDT,15m,oos_warm,535,320,0.5625,0.5204465160153122,0.06062616203143356,,
baseline,XRP/USDT:USDT,1h,full,317,246,0.6219512195121951,1.510248694624167,0.09908367511846773,1.510248694624167,246.0
baseline,XRP/USDT:USDT,1h,oos_warm,127,93,0.5376344086021505,0.1621705067802708,0.09908367511846748,,
baseline,XRP/USDT:USDT,2h,full,132,101,0.594059405940594,0.4491155349680197,0.05855866721603162,0.4491155349680197,101.0
baseline,XRP/USDT:USDT,2h,oos_warm,47,37,0.5135135135135135,0.06205912942175564,0.052396273818335726,,
baseline,XRP/USDT:USDT,4h,full,69,58,0.5862068965517241,0.2354777687168118,0.04197993634679846,0.2354777687168118,58.0
baseline,XRP/USDT:USDT,4h,oos_warm,31,25,0.44,0.0005995117963564553,0.0419799363467986,,
pen_5bp,ADA/USDT:USDT,15m,full,1350,951,0.5562565720294427,2.7837184347028248,0.09196727133587622,,
pen_5bp,ADA/USDT:USDT,15m,oos_warm,474,326,0.5122699386503068,0.2624008970053106,0.09196727133587641,,
pen_5bp,ADA/USDT:USDT,1h,full,351,269,0.5315985130111525,0.588090905472239,0.05797395519523595,,
pen_5bp,ADA/USDT:USDT,1h,oos_warm,123,94,0.5,0.11598240798316274,0.05797395519523576,,
pen_5bp,ADA/USDT:USDT,2h,full,148,110,0.4818181818181818,0.12004035847654358,0.06486571652082736,,
pen_5bp,ADA/USDT:USDT,2h,oos_warm,56,42,0.5238095238095238,0.090557578274962,0.0501931307293783,,
pen_5bp,ADA/USDT:USDT,4h,full,80,60,0.5333333333333333,0.18541410415842166,0.06080749854518317,,
pen_5bp,ADA/USDT:USDT,4h,oos_warm,29,23,0.5652173913043478,0.08546378359044211,0.031048004776888457,,
pen_5bp,ALGO/USDT:USDT,15m,full,1473,1072,0.5326492537313433,2.4586113115271218,0.19250497312937578,,
pen_5bp,ALGO/USDT:USDT,15m,oos_warm,488,357,0.484593837535014,0.008278260131943353,0.15195481779074,,
pen_5bp,ALGO/USDT:USDT,1h,full,383,292,0.565068493150685,1.1309738148654735,0.07737365919364955,,
pen_5bp,ALGO/USDT:USDT,1h,oos_warm,133,95,0.5263157894736842,0.08358201050669978,0.0773736591936498,,
pen_5bp,ALGO/USDT:USDT,2h,full,173,128,0.53125,0.36003969261826607,0.06513368198271965,,
pen_5bp,ALGO/USDT:USDT,2h,oos_warm,53,42,0.42857142857142855,-0.011784266985269095,0.05837229351908693,,
pen_5bp,ALGO/USDT:USDT,4h,full,88,70,0.5428571428571428,0.23178389971930702,0.0536238869487017,,
pen_5bp,ALGO/USDT:USDT,4h,oos_warm,31,25,0.52,0.0604887075461691,0.053623886948701294,,
pen_5bp,ATOM/USDT:USDT,15m,full,1425,1043,0.5675934803451582,6.746606798396995,0.10146566556908233,,
pen_5bp,ATOM/USDT:USDT,15m,oos_warm,474,340,0.5235294117647059,0.40068495418531364,0.06529912525927406,,
pen_5bp,ATOM/USDT:USDT,1h,full,295,238,0.5714285714285714,0.9133598093948109,0.08907836281643547,,
pen_5bp,ATOM/USDT:USDT,1h,oos_warm,91,77,0.5064935064935064,0.07621701059453607,0.08907836281643507,,
pen_5bp,ATOM/USDT:USDT,2h,full,169,136,0.6029411764705882,0.7563773400862698,0.04806502454084914,,
pen_5bp,ATOM/USDT:USDT,2h,oos_warm,48,43,0.6046511627906976,0.17513548103766352,0.048065024540848975,,
pen_5bp,ATOM/USDT:USDT,4h,full,99,79,0.5822784810126582,0.3668489344116997,0.04486640049979246,,
pen_5bp,ATOM/USDT:USDT,4h,oos_warm,28,20,0.65,0.11851062372867964,0.020684140542324893,,
pen_5bp,BCH/USDT:USDT,15m,full,1180,803,0.5367372353673724,1.4687839866257277,0.11689735616786949,,
pen_5bp,BCH/USDT:USDT,15m,oos_warm,442,284,0.5316901408450704,0.20909056996789369,0.05916975370054531,,
pen_5bp,BCH/USDT:USDT,1h,full,294,230,0.6086956521739131,1.3481957850195763,0.05366657410636668,,
pen_5bp,BCH/USDT:USDT,1h,oos_warm,110,87,0.5977011494252874,0.36219904220714505,0.045259898565954804,,
pen_5bp,BCH/USDT:USDT,2h,full,141,120,0.65,0.8734981548310814,0.05868841930059887,,
pen_5bp,BCH/USDT:USDT,2h,oos_warm,54,44,0.5909090909090909,0.18847819043819292,0.04416471388487287,,
pen_5bp,BCH/USDT:USDT,4h,full,69,55,0.5636363636363636,0.1910431552651813,0.03409164515927574,,
pen_5bp,BCH/USDT:USDT,4h,oos_warm,25,22,0.5,0.02277439810837295,0.023758974434724675,,
pen_5bp,BNB/USDT:USDT,15m,full,1195,699,0.5522174535050072,1.3454039168902898,0.06737887876139317,,
pen_5bp,BNB/USDT:USDT,15m,oos_warm,369,177,0.5084745762711864,0.031168796620621105,0.06448564645400165,,
pen_5bp,BNB/USDT:USDT,1h,full,265,211,0.6066350710900474,0.9872841521332554,0.07176684390204711,,
pen_5bp,BNB/USDT:USDT,1h,oos_warm,91,77,0.5324675324675324,0.14163836564118684,0.07176684390204703,,
pen_5bp,BNB/USDT:USDT,2h,full,121,105,0.580952380952381,0.3907034786495222,0.04781801215655156,,
pen_5bp,BNB/USDT:USDT,2h,oos_warm,44,36,0.5833333333333334,0.12036609943204876,0.04291082778859914,,
pen_5bp,BNB/USDT:USDT,4h,full,70,60,0.6166666666666667,0.3431631558483088,0.03637846249162794,,
pen_5bp,BNB/USDT:USDT,4h,oos_warm,24,20,0.65,0.12400724623561582,0.025918785489029973,,
pen_5bp,BTC/USDT:USDT,15m,full,1159,586,0.5597269624573379,0.9764056528121844,0.07636910374302769,,
pen_5bp,BTC/USDT:USDT,15m,oos_warm,377,148,0.4797297297297297,-0.002656210888948044,0.07279686885407906,,
pen_5bp,BTC/USDT:USDT,1h,full,303,236,0.5847457627118644,0.7073802400398821,0.05755825662730385,,
pen_5bp,BTC/USDT:USDT,1h,oos_warm,101,78,0.48717948717948717,0.018330401356976653,0.057558256627303586,,
pen_5bp,BTC/USDT:USDT,2h,full,153,117,0.6068376068376068,0.45877401835552684,0.04663477640273171,,
pen_5bp,BTC/USDT:USDT,2h,oos_warm,52,39,0.5897435897435898,0.08395591911470747,0.029815130954587113,,
pen_5bp,BTC/USDT:USDT,4h,full,54,46,0.6086956521739131,0.21196735429697455,0.052564700167747135,,
pen_5bp,BTC/USDT:USDT,4h,oos_warm,16,13,0.5384615384615384,0.030950262983408357,0.0395407056323266,,
pen_5bp,DOGE/USDT:USDT,15m,full,1217,891,0.5892255892255892,5.071208662072716,0.09288122548970197,,
pen_5bp,DOGE/USDT:USDT,15m,oos_warm,482,348,0.5488505747126436,0.5293421783843649,0.08504650192090146,,
pen_5bp,DOGE/USDT:USDT,1h,full,275,223,0.5964125560538116,1.2035962849195796,0.04868357314609612,,
pen_5bp,DOGE/USDT:USDT,1h,oos_warm,103,85,0.5058823529411764,0.09497862937756545,0.04799870649415473,,
pen_5bp,DOGE/USDT:USDT,2h,full,132,108,0.5833333333333334,0.38151879744819217,0.08370300189439873,,
pen_5bp,DOGE/USDT:USDT,2h,oos_warm,55,44,0.4772727272727273,0.02114761066668525,0.08370300189439861,,
pen_5bp,DOGE/USDT:USDT,4h,full,82,62,0.5806451612903226,0.25079899609645545,0.04283028776199397,,
pen_5bp,DOGE/USDT:USDT,4h,oos_warm,32,21,0.5714285714285714,0.06664086545943428,0.026503766348824783,,
pen_5bp,DOT/USDT:USDT,15m,full,1403,995,0.5547738693467337,3.1232514806524634,0.09473340347624391,,
pen_5bp,DOT/USDT:USDT,15m,oos_warm,499,351,0.5384615384615384,0.3126162708072416,0.08302447539564985,,
pen_5bp,DOT/USDT:USDT,1h,full,293,225,0.5822222222222222,1.0082049126701749,0.04983985841430004,,
pen_5bp,DOT/USDT:USDT,1h,oos_warm,111,83,0.5180722891566265,0.13554375314073258,0.04764458311198248,,
pen_5bp,DOT/USDT:USDT,2h,full,135,111,0.5945945945945946,0.5319389549313127,0.05230651367718869,,
pen_5bp,DOT/USDT:USDT,2h,oos_warm,38,30,0.5,0.04327023380685223,0.0424204523009661,,
pen_5bp,DOT/USDT:USDT,4h,full,78,64,0.53125,0.17716201749819738,0.04080327012214848,,
pen_5bp,DOT/USDT:USDT,4h,oos_warm,25,22,0.4090909090909091,-0.013467467440763176,0.04080327012214838,,
pen_5bp,ETC/USDT:USDT,15m,full,1210,872,0.5928899082568807,4.503924462401462,0.06179586180865458,,
pen_5bp,ETC/USDT:USDT,15m,oos_warm,428,293,0.5563139931740614,0.23497270062469816,0.06179586180865454,,
pen_5bp,ETC/USDT:USDT,1h,full,285,229,0.611353711790393,1.3216918580610688,0.08539980095981056,,
pen_5bp,ETC/USDT:USDT,1h,oos_warm,87,68,0.5441176470588235,0.12482743890187321,0.05283451887076946,,
pen_5bp,ETC/USDT:USDT,2h,full,155,122,0.6147540983606558,0.7355847353999365,0.056605431039160506,,
pen_5bp,ETC/USDT:USDT,2h,oos_warm,55,45,0.6,0.2047717241282462,0.03155695538410895,,
pen_5bp,ETC/USDT:USDT,4h,full,78,68,0.6176470588235294,0.3759478056799424,0.040737338560171345,,
pen_5bp,ETC/USDT:USDT,4h,oos_warm,39,32,0.59375,0.14364456357608416,0.030935429095136923,,
pen_5bp,ETH/USDT:USDT,15m,full,1165,746,0.5750670241286864,2.2173723974728143,0.06325500413035924,,
pen_5bp,ETH/USDT:USDT,15m,oos_warm,441,275,0.5672727272727273,0.3425642541478324,0.056568915825917825,,
pen_5bp,ETH/USDT:USDT,1h,full,292,236,0.6016949152542372,0.9700533839832326,0.09820090438768521,,
pen_5bp,ETH/USDT:USDT,1h,oos_warm,104,85,0.6941176470588235,0.5041565787015837,0.021330275323461552,,
pen_5bp,ETH/USDT:USDT,2h,full,150,124,0.5483870967741935,0.3678108006954426,0.0485260599003262,,
pen_5bp,ETH/USDT:USDT,2h,oos_warm,63,48,0.5625,0.13381222966164005,0.025957895948020063,,
pen_5bp,ETH/USDT:USDT,4h,full,79,66,0.6060606060606061,0.3169563302385257,0.047115241178189715,,
pen_5bp,ETH/USDT:USDT,4h,oos_warm,30,25,0.64,0.1417019086764476,0.021524103488154343,,
pen_5bp,LINK/USDT:USDT,15m,full,1308,936,0.5523504273504274,2.851585856617378,0.08666370561110583,,
pen_5bp,LINK/USDT:USDT,15m,oos_warm,490,334,0.5538922155688623,0.4427063292003561,0.058759773825544766,,
pen_5bp,LINK/USDT:USDT,1h,full,314,254,0.5393700787401575,0.7415707431537728,0.06065686772608104,,
pen_5bp,LINK/USDT:USDT,1h,oos_warm,105,88,0.4659090909090909,0.043503344552021005,0.058516603183798074,,
pen_5bp,LINK/USDT:USDT,2h,full,139,114,0.5175438596491229,0.2519811057069981,0.08993710126884973,,
pen_5bp,LINK/USDT:USDT,2h,oos_warm,50,42,0.4523809523809524,0.023560992778123728,0.06479181431761467,,
pen_5bp,LINK/USDT:USDT,4h,full,62,55,0.6,0.27681678329969256,0.040913415986377606,,
pen_5bp,LINK/USDT:USDT,4h,oos_warm,19,18,0.7777777777777778,0.16945414933084704,0.010548949401307862,,
pen_5bp,LTC/USDT:USDT,15m,full,1358,883,0.5481313703284258,1.7026527857688845,0.09833249374798592,,
pen_5bp,LTC/USDT:USDT,15m,oos_warm,514,307,0.501628664495114,0.060283960257513355,0.09833249374798642,,
pen_5bp,LTC/USDT:USDT,1h,full,284,229,0.537117903930131,0.4806202923879084,0.09446372959460998,,
pen_5bp,LTC/USDT:USDT,1h,oos_warm,105,80,0.5,0.08033936377007704,0.09446372959461045,,
pen_5bp,LTC/USDT:USDT,2h,full,128,117,0.5897435897435898,0.46381305121541355,0.03849105001234716,,
pen_5bp,LTC/USDT:USDT,2h,oos_warm,51,46,0.5434782608695652,0.09242687272492003,0.038491050012347226,,
pen_5bp,LTC/USDT:USDT,4h,full,63,51,0.5882352941176471,0.22847236824402042,0.04105361843524239,,
pen_5bp,LTC/USDT:USDT,4h,oos_warm,33,23,0.5652173913043478,0.08106601113900179,0.04105361843524245,,
pen_5bp,SOL/USDT:USDT,15m,full,1468,1070,0.5495327102803739,3.614614465678829,0.11442688535279333,,
pen_5bp,SOL/USDT:USDT,15m,oos_warm,512,363,0.5482093663911846,0.4861328261755061,0.05931680802170806,,
pen_5bp,SOL/USDT:USDT,1h,full,333,265,0.5509433962264151,1.0042346977009613,0.07652605392855447,,
pen_5bp,SOL/USDT:USDT,1h,oos_warm,116,88,0.5909090909090909,0.3446175741196554,0.04095675731964185,,
pen_5bp,SOL/USDT:USDT,2h,full,159,132,0.6212121212121212,0.8513960239660758,0.04959658835281744,,
pen_5bp,SOL/USDT:USDT,2h,oos_warm,53,44,0.6363636363636364,0.22651715191053737,0.049596588352817675,,
pen_5bp,SOL/USDT:USDT,4h,full,87,75,0.56,0.28534131385169165,0.05095858272436255,,
pen_5bp,SOL/USDT:USDT,4h,oos_warm,44,38,0.5263157894736842,0.10100179364555933,0.050958582724362565,,
pen_5bp,THETA/USDT:USDT,15m,full,1476,1120,0.5276785714285714,2.4305188439448395,0.11571914003615555,,
pen_5bp,THETA/USDT:USDT,15m,oos_warm,538,408,0.5171568627450981,0.28812795463522706,0.08674030729653569,,
pen_5bp,THETA/USDT:USDT,1h,full,333,256,0.53125,0.7499673100309326,0.06478674779368314,,
pen_5bp,THETA/USDT:USDT,1h,oos_warm,134,105,0.5428571428571428,0.29652144629663124,0.06478674779368304,,
pen_5bp,THETA/USDT:USDT,2h,full,155,120,0.5416666666666666,0.35739170941503107,0.07108216595713095,,
pen_5bp,THETA/USDT:USDT,2h,oos_warm,69,52,0.5192307692307693,0.09724431424657232,0.07108216595713118,,
pen_5bp,THETA/USDT:USDT,4h,full,87,71,0.5492957746478874,0.2383138075278699,0.03628600266011709,,
pen_5bp,THETA/USDT:USDT,4h,oos_warm,47,37,0.5405405405405406,0.10050049683174621,0.03309485467435103,,
pen_5bp,TRX/USDT:USDT,15m,full,1035,484,0.5268595041322314,0.49381579740506315,0.10310782813545898,,
pen_5bp,TRX/USDT:USDT,15m,oos_warm,296,69,0.4782608695652174,0.005769999626611025,0.05239614347735675,,
pen_5bp,TRX/USDT:USDT,1h,full,297,211,0.6113744075829384,0.8621888351363468,0.03997905408746955,,
pen_5bp,TRX/USDT:USDT,1h,oos_warm,93,59,0.5254237288135594,0.04883118134778542,0.03997905408746925,,
pen_5bp,TRX/USDT:USDT,2h,full,147,122,0.5737704918032787,0.380846954000175,0.05259096915375238,,
pen_5bp,TRX/USDT:USDT,2h,oos_warm,53,41,0.5609756097560976,0.08066705999079532,0.021629133067798373,,
pen_5bp,TRX/USDT:USDT,4h,full,84,69,0.6521739130434783,0.4300277813750861,0.03174749222355513,,
pen_5bp,TRX/USDT:USDT,4h,oos_warm,35,26,0.5,0.0386721627878278,0.0226441336220704,,
pen_5bp,VET/USDT:USDT,15m,full,1455,1042,0.5393474088291746,2.9832518540429627,0.1583946424841991,,
pen_5bp,VET/USDT:USDT,15m,oos_warm,507,345,0.4927536231884058,0.13102988362612014,0.15839464248419924,,
pen_5bp,VET/USDT:USDT,1h,full,341,279,0.5591397849462365,1.1133738241066902,0.08721243050438707,,
pen_5bp,VET/USDT:USDT,1h,oos_warm,117,103,0.47572815533980584,0.05971054122971109,0.08721243050438748,,
pen_5bp,VET/USDT:USDT,2h,full,149,117,0.5726495726495726,0.49628131607264914,0.06109343747146252,,
pen_5bp,VET/USDT:USDT,2h,oos_warm,36,30,0.5,0.04438130293953182,0.061093437471462564,,
pen_5bp,VET/USDT:USDT,4h,full,79,59,0.559322033898305,0.22151019633089983,0.06114995610804511,,
pen_5bp,VET/USDT:USDT,4h,oos_warm,27,20,0.5,0.036957950703010826,0.06114995610804505,,
pen_5bp,XLM/USDT:USDT,15m,full,1218,821,0.5481120584652862,2.046841466216481,0.07703191414450479,,
pen_5bp,XLM/USDT:USDT,15m,oos_warm,422,279,0.5483870967741935,0.4132313618956972,0.04699147022770885,,
pen_5bp,XLM/USDT:USDT,1h,full,274,224,0.5803571428571429,0.9986400879949401,0.06252260445418951,,
pen_5bp,XLM/USDT:USDT,1h,oos_warm,89,73,0.5342465753424658,0.16330967068936605,0.06252260445418974,,
pen_5bp,XLM/USDT:USDT,2h,full,128,88,0.5568181818181818,0.2771516518730063,0.05480941042700506,,
pen_5bp,XLM/USDT:USDT,2h,oos_warm,50,37,0.4864864864864865,0.04539992180382323,0.054809410427004865,,
pen_5bp,XLM/USDT:USDT,4h,full,48,40,0.35,-0.07448472929631116,0.13682034097354798,,
pen_5bp,XLM/USDT:USDT,4h,oos_warm,14,13,0.46153846153846156,0.011791311492457681,0.021195010208774692,,
pen_5bp,XMR/USDT:USDT,15m,full,1542,1046,0.5793499043977055,4.309289807979635,0.12423493129896067,,
pen_5bp,XMR/USDT:USDT,15m,oos_warm,568,396,0.5454545454545454,0.5546505121657578,0.09485440717313431,,
pen_5bp,XMR/USDT:USDT,1h,full,410,312,0.5801282051282052,1.1965546362699189,0.07429727012274412,,
pen_5bp,XMR/USDT:USDT,1h,oos_warm,161,133,0.6015037593984962,0.4687832193715294,0.07429727012274398,,
pen_5bp,XMR/USDT:USDT,2h,full,206,165,0.6484848484848484,1.1547918674657291,0.07085372814746212,,
pen_5bp,XMR/USDT:USDT,2h,oos_warm,70,58,0.603448275862069,0.21687453938952075,0.07085372814746219,,
pen_5bp,XMR/USDT:USDT,4h,full,94,76,0.6447368421052632,0.4735516383057013,0.0391322523980921,,
pen_5bp,XMR/USDT:USDT,4h,oos_warm,36,30,0.7666666666666667,0.26968847013148023,0.020603139504072634,,
pen_5bp,XRP/USDT:USDT,15m,full,1237,852,0.5927230046948356,4.7610009183663955,0.06055125379186399,,
pen_5bp,XRP/USDT:USDT,15m,oos_warm,451,285,0.5473684210526316,0.361716518249139,0.06055125379186418,,
pen_5bp,XRP/USDT:USDT,1h,full,292,223,0.600896860986547,1.135748346541056,0.116575222484823,,
pen_5bp,XRP/USDT:USDT,1h,oos_warm,119,85,0.5176470588235295,0.1093186421208602,0.11657522248482255,,
pen_5bp,XRP/USDT:USDT,2h,full,122,93,0.6021505376344086,0.43641731041706644,0.06974037269805314,,
pen_5bp,XRP/USDT:USDT,2h,oos_warm,43,33,0.5151515151515151,0.04916268544648247,0.05239627381833593,,
pen_5bp,XRP/USDT:USDT,4h,full,69,58,0.5862068965517241,0.23558748846234248,0.04197993634679853,,
pen_5bp,XRP/USDT:USDT,4h,oos_warm,31,25,0.44,0.0006997777355762082,0.04197993634679837,,
