source,label,segment,entry_fee_r,phantom_entry_slippage_r,gross_r_before,slippage_r_before,cost_r_before,gross_r_after,slippage_r_after,cost_r_after,net_r_unchanged,identity_abs,independent_gross_delta
wan370_cost_decomposition.csv,taker_tp,full,0.030699,0.076708,0.095518,0.153464,0.245840,0.018809,0.076756,0.169132,-0.150322,1.799e-14,
wan370_cost_decomposition.csv,taker_tp · axis=timeframe · bucket=15m,full,0.036029,0.090028,0.112812,0.180112,0.288635,0.022784,0.090084,0.198607,-0.175823,2.068e-14,
wan370_cost_decomposition.csv,taker_tp · axis=timeframe · bucket=1h,full,0.023346,0.058337,0.067610,0.116707,0.186912,0.009274,0.058371,0.128575,-0.119301,1.250e-14,
wan370_cost_decomposition.csv,taker_tp · axis=timeframe · bucket=2h,full,0.017436,0.043569,0.065903,0.087171,0.139490,0.022334,0.043602,0.095921,-0.073587,9.534e-15,
wan370_cost_decomposition.csv,taker_tp · axis=timeframe · bucket=4h,full,0.012634,0.031569,0.026467,0.063150,0.100191,-0.005102,0.031582,0.068622,-0.073724,6.745e-15,
wan370_cost_decomposition.csv,taker_tp · axis=stop_width · bucket=0.30~0.40%,full,0.057703,0.144186,0.156744,0.288451,0.461586,0.012558,0.144264,0.317400,-0.304842,3.153e-14,
wan370_cost_decomposition.csv,taker_tp · axis=stop_width · bucket=0.40~0.50%,full,0.044727,0.111761,0.107831,0.223576,0.357848,-0.003930,0.111815,0.246087,-0.250017,2.379e-14,
wan370_cost_decomposition.csv,taker_tp · axis=stop_width · bucket=0.50~0.75%,full,0.033079,0.082655,0.114676,0.165368,0.264965,0.032020,0.082713,0.182310,-0.150289,1.843e-14,
wan370_cost_decomposition.csv,taker_tp · axis=stop_width · bucket=0.75~1.00%,full,0.023313,0.058253,0.087099,0.116549,0.186871,0.028846,0.058296,0.128618,-0.099772,1.285e-14,
wan370_cost_decomposition.csv,taker_tp · axis=stop_width · bucket=1.00~1.50%,full,0.016650,0.041605,0.045593,0.083233,0.133313,0.003988,0.041628,0.091708,-0.087720,9.159e-15,
wan370_cost_decomposition.csv,taker_tp · axis=stop_width · bucket=≥1.50%,full,0.008945,0.022351,0.048961,0.044726,0.072142,0.026610,0.022375,0.049791,-0.023180,5.031e-15,
wan370_cost_decomposition.csv,taker_tp,is,0.029194,0.072948,0.097276,0.145945,0.234023,0.024327,0.072997,0.161074,-0.136747,1.582e-14,
wan370_cost_decomposition.csv,taker_tp · axis=timeframe · bucket=15m,is,0.034416,0.085996,0.109198,0.172047,0.275827,0.023201,0.086051,0.189831,-0.166630,1.985e-14,
wan370_cost_decomposition.csv,taker_tp · axis=timeframe · bucket=1h,is,0.021743,0.054330,0.076481,0.108697,0.174430,0.022152,0.054368,0.120101,-0.097949,1.157e-14,
wan370_cost_decomposition.csv,taker_tp · axis=timeframe · bucket=2h,is,0.015691,0.039209,0.071509,0.078453,0.126123,0.032300,0.039245,0.086914,-0.054615,8.604e-15,
wan370_cost_decomposition.csv,taker_tp · axis=timeframe · bucket=4h,is,0.011332,0.028316,0.061895,0.056664,0.090361,0.033578,0.028347,0.062044,-0.028466,6.141e-15,
wan370_cost_decomposition.csv,taker_tp · axis=stop_width · bucket=0.30~0.40%,is,0.057686,0.144142,0.158647,0.288363,0.461720,0.014505,0.144221,0.317578,-0.303073,3.231e-14,
wan370_cost_decomposition.csv,taker_tp · axis=stop_width · bucket=0.40~0.50%,is,0.044629,0.111518,0.101431,0.223086,0.357261,-0.010087,0.111568,0.245743,-0.255830,2.409e-14,
wan370_cost_decomposition.csv,taker_tp · axis=stop_width · bucket=0.50~0.75%,is,0.033050,0.082583,0.101986,0.165218,0.265001,0.019403,0.082634,0.182417,-0.163014,1.910e-14,
wan370_cost_decomposition.csv,taker_tp · axis=stop_width · bucket=0.75~1.00%,is,0.023304,0.058230,0.106313,0.116514,0.186961,0.048083,0.058283,0.128731,-0.080648,1.268e-14,
wan370_cost_decomposition.csv,taker_tp · axis=stop_width · bucket=1.00~1.50%,is,0.016648,0.041600,0.046581,0.083223,0.133443,0.004981,0.041623,0.091843,-0.086862,9.090e-15,
wan370_cost_decomposition.csv,taker_tp · axis=stop_width · bucket=≥1.50%,is,0.008815,0.022026,0.077237,0.044091,0.071268,0.055211,0.022065,0.049242,0.005969,4.954e-15,
wan370_cost_decomposition.csv,taker_tp,oos_warm,0.033977,0.084901,0.091838,0.169848,0.271590,0.006937,0.084947,0.186689,-0.179752,1.735e-14,
wan370_cost_decomposition.csv,taker_tp · axis=timeframe · bucket=15m,oos_warm,0.039633,0.099032,0.120883,0.198125,0.317237,0.021851,0.099093,0.218205,-0.196354,2.057e-14,
wan370_cost_decomposition.csv,taker_tp · axis=timeframe · bucket=1h,oos_warm,0.026825,0.067029,0.049172,0.134083,0.213987,-0.017857,0.067054,0.146958,-0.164815,1.540e-14,
wan370_cost_decomposition.csv,taker_tp · axis=timeframe · bucket=2h,oos_warm,0.020979,0.052422,0.054521,0.104872,0.166630,0.002099,0.052449,0.114208,-0.112110,1.137e-14,
wan370_cost_decomposition.csv,taker_tp · axis=timeframe · bucket=4h,oos_warm,0.015033,0.037564,-0.038839,0.075108,0.118311,-0.076402,0.037544,0.080747,-0.157149,8.299e-15,
wan370_cost_decomposition.csv,taker_tp · axis=stop_width · bucket=0.30~0.40%,oos_warm,0.057730,0.144253,0.153843,0.288584,0.461381,0.009590,0.144330,0.317128,-0.307538,3.147e-14,
wan370_cost_decomposition.csv,taker_tp · axis=stop_width · bucket=0.40~0.50%,oos_warm,0.044886,0.112159,0.118316,0.224378,0.358809,0.006157,0.112218,0.246650,-0.240493,2.448e-14,
wan370_cost_decomposition.csv,taker_tp · axis=stop_width · bucket=0.50~0.75%,oos_warm,0.033133,0.082792,0.138810,0.165654,0.264896,0.056018,0.082862,0.182104,-0.126086,1.926e-14,
wan370_cost_decomposition.csv,taker_tp · axis=stop_width · bucket=0.75~1.00%,oos_warm,0.023333,0.058304,0.038933,0.116627,0.186617,-0.019370,0.058323,0.128314,-0.147684,1.285e-14,
wan370_cost_decomposition.csv,taker_tp · axis=stop_width · bucket=1.00~1.50%,oos_warm,0.016656,0.041620,0.042923,0.083261,0.132964,0.001303,0.041641,0.091344,-0.090041,8.923e-15,
wan370_cost_decomposition.csv,taker_tp · axis=stop_width · bucket=≥1.50%,oos_warm,0.009438,0.023583,-0.058338,0.047136,0.075458,-0.081921,0.023554,0.051875,-0.133796,5.107e-15,
wan370_cost_decomposition.csv,taker_tp,oos,0.034233,0.085540,0.087979,0.171123,0.273630,0.002439,0.085584,0.188091,-0.185652,1.735e-14,
wan370_cost_decomposition.csv,taker_tp · axis=timeframe · bucket=15m,oos,0.039746,0.099316,0.119297,0.198692,0.318151,0.019980,0.099376,0.218835,-0.198854,2.057e-14,
wan370_cost_decomposition.csv,taker_tp · axis=timeframe · bucket=1h,oos,0.026937,0.067308,0.038818,0.134636,0.214847,-0.028490,0.067328,0.147539,-0.176029,1.549e-14,
wan370_cost_decomposition.csv,taker_tp · axis=timeframe · bucket=2h,oos,0.021361,0.053375,0.052278,0.106777,0.169637,-0.001098,0.053401,0.116262,-0.117359,1.156e-14,
wan370_cost_decomposition.csv,taker_tp · axis=timeframe · bucket=4h,oos,0.015413,0.038514,-0.061905,0.076996,0.121268,-0.100418,0.038483,0.082754,-0.183173,8.521e-15,
wan370_cost_decomposition.csv,taker_tp · axis=stop_width · bucket=0.30~0.40%,oos,0.057742,0.144283,0.148603,0.288640,0.461466,0.004320,0.144357,0.317183,-0.312864,3.147e-14,
wan370_cost_decomposition.csv,taker_tp · axis=stop_width · bucket=0.40~0.50%,oos,0.044876,0.112134,0.110138,0.224323,0.358716,-0.001996,0.112189,0.246582,-0.248578,2.442e-14,
wan370_cost_decomposition.csv,taker_tp · axis=stop_width · bucket=0.50~0.75%,oos,0.033107,0.082726,0.141424,0.165523,0.264683,0.058698,0.082797,0.181957,-0.123259,1.943e-14,
wan370_cost_decomposition.csv,taker_tp · axis=stop_width · bucket=0.75~1.00%,oos,0.023351,0.058349,0.021004,0.116708,0.186746,-0.037344,0.058359,0.128397,-0.165741,1.288e-14,
wan370_cost_decomposition.csv,taker_tp · axis=stop_width · bucket=1.00~1.50%,oos,0.016669,0.041651,0.044337,0.083325,0.133063,0.002686,0.041674,0.091411,-0.088726,9.021e-15,
wan370_cost_decomposition.csv,taker_tp · axis=stop_width · bucket=≥1.50%,oos,0.009520,0.023788,-0.071351,0.047541,0.076160,-0.095140,0.023752,0.052371,-0.147511,5.128e-15,
wan370_cost_decomposition.csv,maker_tp,full,0.030697,0.076705,0.095545,0.121958,0.201742,0.018840,0.045252,0.125037,-0.106197,1.439e-14,
wan370_cost_decomposition.csv,maker_tp · axis=timeframe · bucket=15m,full,0.036028,0.090026,0.112832,0.143190,0.236958,0.022806,0.053164,0.146932,-0.124125,1.635e-14,
wan370_cost_decomposition.csv,maker_tp · axis=timeframe · bucket=1h,full,0.023344,0.058330,0.067687,0.092782,0.153422,0.009357,0.034452,0.095092,-0.085735,9.881e-15,
wan370_cost_decomposition.csv,maker_tp · axis=timeframe · bucket=2h,full,0.017436,0.043569,0.065903,0.068961,0.114003,0.022334,0.025392,0.070434,-0.048100,7.550e-15,
wan370_cost_decomposition.csv,maker_tp · axis=timeframe · bucket=4h,full,0.012634,0.031569,0.026467,0.049917,0.081669,-0.005102,0.018348,0.050101,-0.055203,5.461e-15,
wan370_cost_decomposition.csv,maker_tp · axis=stop_width · bucket=0.30~0.40%,full,0.057703,0.144186,0.156744,0.229643,0.379279,0.012558,0.085457,0.235093,-0.222535,2.584e-14,
wan370_cost_decomposition.csv,maker_tp · axis=stop_width · bucket=0.40~0.50%,full,0.044727,0.111761,0.107831,0.178731,0.295084,-0.003930,0.066970,0.183323,-0.187253,1.904e-14,
wan370_cost_decomposition.csv,maker_tp · axis=stop_width · bucket=0.50~0.75%,full,0.033078,0.082654,0.114866,0.130868,0.216678,0.032212,0.048215,0.134025,-0.101813,1.424e-14,
wan370_cost_decomposition.csv,maker_tp · axis=stop_width · bucket=0.75~1.00%,full,0.023313,0.058254,0.086868,0.092274,0.152896,0.028613,0.034020,0.094642,-0.066028,9.867e-15,
wan370_cost_decomposition.csv,maker_tp · axis=stop_width · bucket=1.00~1.50%,full,0.016650,0.041604,0.045707,0.066251,0.109543,0.004103,0.024647,0.067939,-0.063836,7.133e-15,
wan370_cost_decomposition.csv,maker_tp · axis=stop_width · bucket=≥1.50%,full,0.008945,0.022351,0.048961,0.035382,0.059063,0.026610,0.013031,0.036712,-0.010102,4.038e-15,
wan370_cost_decomposition.csv,maker_tp,is,0.029192,0.072945,0.097244,0.115958,0.192051,0.024300,0.043014,0.119107,-0.094807,1.356e-14,
wan370_cost_decomposition.csv,maker_tp · axis=timeframe · bucket=15m,is,0.034415,0.085995,0.109122,0.136901,0.226636,0.023128,0.050906,0.140642,-0.117514,1.565e-14,
wan370_cost_decomposition.csv,maker_tp · axis=timeframe · bucket=1h,is,0.021739,0.054321,0.076589,0.085993,0.142649,0.022267,0.031671,0.088327,-0.066060,9.076e-15,
wan370_cost_decomposition.csv,maker_tp · axis=timeframe · bucket=2h,is,0.015691,0.039209,0.071509,0.062190,0.103360,0.032300,0.022981,0.064151,-0.031852,6.758e-15,
wan370_cost_decomposition.csv,maker_tp · axis=timeframe · bucket=4h,is,0.011332,0.028316,0.061895,0.043919,0.072523,0.033578,0.015603,0.044207,-0.010629,4.829e-15,
wan370_cost_decomposition.csv,maker_tp · axis=stop_width · bucket=0.30~0.40%,is,0.057686,0.144142,0.158647,0.229393,0.379186,0.014505,0.085251,0.235044,-0.220539,2.534e-14,
wan370_cost_decomposition.csv,maker_tp · axis=stop_width · bucket=0.40~0.50%,is,0.044629,0.111518,0.101431,0.178644,0.295060,-0.010087,0.067127,0.183543,-0.193630,1.976e-14,
wan370_cost_decomposition.csv,maker_tp · axis=stop_width · bucket=0.50~0.75%,is,0.033050,0.082583,0.101986,0.131222,0.217420,0.019403,0.048638,0.134837,-0.115434,1.438e-14,
wan370_cost_decomposition.csv,maker_tp · axis=stop_width · bucket=0.75~1.00%,is,0.023305,0.058232,0.105986,0.091789,0.152357,0.047754,0.033557,0.094124,-0.046371,9.895e-15,
wan370_cost_decomposition.csv,maker_tp · axis=stop_width · bucket=1.00~1.50%,is,0.016647,0.041598,0.046736,0.066199,0.109614,0.005138,0.024601,0.068016,-0.062878,7.258e-15,
wan370_cost_decomposition.csv,maker_tp · axis=stop_width · bucket=≥1.50%,is,0.008815,0.022026,0.077237,0.034613,0.058002,0.055211,0.012587,0.035976,0.019235,3.893e-15,
wan370_cost_decomposition.csv,maker_tp,oos_warm,0.033977,0.084900,0.091994,0.135027,0.222854,0.007094,0.050128,0.137954,-0.130860,1.371e-14,
wan370_cost_decomposition.csv,maker_tp · axis=timeframe · bucket=15m,oos_warm,0.039631,0.099028,0.121116,0.157235,0.260006,0.022088,0.058207,0.160978,-0.138890,1.671e-14,
wan370_cost_decomposition.csv,maker_tp · axis=timeframe · bucket=1h,oos_warm,0.026825,0.067029,0.049172,0.107500,0.176781,-0.017857,0.040471,0.109752,-0.127609,1.242e-14,
wan370_cost_decomposition.csv,maker_tp · axis=timeframe · bucket=2h,oos_warm,0.020979,0.052422,0.054521,0.082709,0.135612,0.002099,0.030287,0.083190,-0.081091,8.757e-15,
wan370_cost_decomposition.csv,maker_tp · axis=timeframe · bucket=4h,oos_warm,0.015033,0.037564,-0.038839,0.060973,0.098528,-0.076402,0.023410,0.060964,-0.137367,6.863e-15,
wan370_cost_decomposition.csv,maker_tp · axis=stop_width · bucket=0.30~0.40%,oos_warm,0.057730,0.144253,0.153843,0.230023,0.379420,0.009590,0.085770,0.235167,-0.225577,2.554e-14,
wan370_cost_decomposition.csv,maker_tp · axis=stop_width · bucket=0.40~0.50%,oos_warm,0.044886,0.112159,0.118316,0.178874,0.295122,0.006157,0.066714,0.182962,-0.176806,1.890e-14,
wan370_cost_decomposition.csv,maker_tp · axis=stop_width · bucket=0.50~0.75%,oos_warm,0.033132,0.082788,0.139352,0.130197,0.215269,0.056565,0.047409,0.132481,-0.075916,1.504e-14,
wan370_cost_decomposition.csv,maker_tp · axis=stop_width · bucket=0.75~1.00%,oos_warm,0.023333,0.058304,0.038933,0.093488,0.154231,-0.019370,0.035184,0.095927,-0.115298,9.950e-15,
wan370_cost_decomposition.csv,maker_tp · axis=stop_width · bucket=1.00~1.50%,oos_warm,0.016656,0.041620,0.042923,0.066390,0.109352,0.001303,0.024771,0.067732,-0.066429,7.216e-15,
wan370_cost_decomposition.csv,maker_tp · axis=stop_width · bucket=≥1.50%,oos_warm,0.009438,0.023583,-0.058338,0.038299,0.063089,-0.081921,0.014716,0.039506,-0.121427,4.170e-15,
wan370_cost_decomposition.csv,maker_tp,oos,0.034232,0.085538,0.088139,0.136188,0.224735,0.002601,0.050650,0.139197,-0.136595,1.366e-14,
wan370_cost_decomposition.csv,maker_tp · axis=timeframe · bucket=15m,oos,0.039745,0.099312,0.119535,0.157781,0.260889,0.020224,0.058469,0.161578,-0.141354,1.668e-14,
wan370_cost_decomposition.csv,maker_tp · axis=timeframe · bucket=1h,oos,0.026937,0.067308,0.038818,0.108295,0.177980,-0.028490,0.040986,0.110672,-0.139162,1.252e-14,
wan370_cost_decomposition.csv,maker_tp · axis=timeframe · bucket=2h,oos,0.021361,0.053375,0.052278,0.084236,0.138088,-0.001098,0.030860,0.084713,-0.085811,8.923e-15,
wan370_cost_decomposition.csv,maker_tp · axis=timeframe · bucket=4h,oos,0.015413,0.038514,-0.061905,0.062876,0.101505,-0.100418,0.024363,0.062992,-0.163410,7.064e-15,
wan370_cost_decomposition.csv,maker_tp · axis=stop_width · bucket=0.30~0.40%,oos,0.057742,0.144283,0.148603,0.230362,0.379900,0.004320,0.086079,0.235617,-0.231297,2.542e-14,
wan370_cost_decomposition.csv,maker_tp · axis=stop_width · bucket=0.40~0.50%,oos,0.044876,0.112134,0.110138,0.179230,0.295604,-0.001996,0.067096,0.183469,-0.185465,1.898e-14,
wan370_cost_decomposition.csv,maker_tp · axis=stop_width · bucket=0.50~0.75%,oos,0.033105,0.082721,0.141978,0.130004,0.214969,0.059256,0.047282,0.132248,-0.072991,1.504e-14,
wan370_cost_decomposition.csv,maker_tp · axis=stop_width · bucket=0.75~1.00%,oos,0.023351,0.058349,0.021004,0.093939,0.154878,-0.037344,0.035590,0.096529,-0.133874,1.005e-14,
wan370_cost_decomposition.csv,maker_tp · axis=stop_width · bucket=1.00~1.50%,oos,0.016669,0.041651,0.044337,0.066412,0.109392,0.002686,0.024761,0.067741,-0.065055,7.258e-15,
wan370_cost_decomposition.csv,maker_tp · axis=stop_width · bucket=≥1.50%,oos,0.009520,0.023788,-0.071351,0.038690,0.063773,-0.095140,0.014902,0.039985,-0.135124,4.136e-15,
wan388_merge_x_retap_grid.csv,분리·매탭,full,0.026526,0.066282,0.076902,0.105393,0.175010,0.010621,0.039111,0.108728,-0.098108,1.137e-14,
wan388_merge_x_retap_grid.csv,분리·매탭,is,0.025096,0.062708,0.077055,0.099714,0.166035,0.014347,0.037006,0.103327,-0.088980,1.038e-14,
wan388_merge_x_retap_grid.csv,분리·매탭,oos_warm,0.029865,0.074624,0.076546,0.118649,0.195961,0.001922,0.044025,0.121337,-0.119415,1.246e-14,
wan388_merge_x_retap_grid.csv,분리·매탭,oos,0.030010,0.074988,0.072956,0.119360,0.197108,-0.002032,0.044372,0.122120,-0.124152,1.302e-14,
wan388_merge_x_retap_grid.csv,병합·매탭,full,0.025022,0.062524,0.072512,0.099441,0.165333,0.009988,0.036917,0.102809,-0.092820,1.017e-14,
wan388_merge_x_retap_grid.csv,병합·매탭,oos_warm,0.028135,0.070302,0.063257,0.112018,0.184943,-0.007044,0.041716,0.114641,-0.121685,1.141e-14,
wan388_merge_x_retap_grid.csv,분리·첫탭만,full,0.026297,0.065709,0.091848,0.103966,0.172781,0.026139,0.038257,0.107072,-0.080933,1.106e-14,
wan388_merge_x_retap_grid.csv,분리·첫탭만,oos_warm,0.029606,0.073978,0.089429,0.117232,0.193602,0.015451,0.043254,0.119624,-0.104173,1.245e-14,
wan388_merge_x_retap_grid.csv,병합·첫탭만,full,0.024747,0.061837,0.082860,0.097932,0.162966,0.021024,0.036095,0.101129,-0.080106,1.005e-14,
wan388_merge_x_retap_grid.csv,병합·첫탭만,oos_warm,0.027936,0.069804,0.079585,0.110727,0.182872,0.009781,0.040923,0.113068,-0.103287,1.131e-14,
wan388_leave_one_out.csv,분리·매탭 · exclude=-ADA,full,0.026542,0.066323,0.080090,0.105424,0.174933,0.013767,0.039101,0.108610,-0.094843,1.146e-14,
wan388_leave_one_out.csv,분리·매탭 · exclude=-ADA,oos_warm,0.029955,0.074849,0.080800,0.118956,0.196467,0.005950,0.044107,0.121618,-0.115667,1.270e-14,
wan388_leave_one_out.csv,분리·매탭 · exclude=-BCH,full,0.026570,0.066392,0.077270,0.105512,0.175388,0.010878,0.039120,0.108996,-0.098118,1.205e-14,
wan388_leave_one_out.csv,분리·매탭 · exclude=-BCH,oos_warm,0.029933,0.074794,0.071870,0.119021,0.196750,-0.002924,0.044227,0.121956,-0.124880,1.277e-14,
wan388_leave_one_out.csv,분리·매탭 · exclude=-BNB,full,0.026223,0.065524,0.075066,0.104182,0.173227,0.009541,0.038657,0.107703,-0.098161,1.155e-14,
wan388_leave_one_out.csv,분리·매탭 · exclude=-BNB,oos_warm,0.029450,0.073589,0.075608,0.117010,0.193258,0.002019,0.043421,0.119669,-0.117649,1.257e-14,
wan388_leave_one_out.csv,분리·매탭 · exclude=-BTC,full,0.026011,0.064995,0.071312,0.103487,0.171647,0.006316,0.038491,0.106652,-0.100335,1.142e-14,
wan388_leave_one_out.csv,분리·매탭 · exclude=-BTC,oos_warm,0.029285,0.073176,0.072606,0.116452,0.192080,-0.000570,0.043276,0.118904,-0.119474,1.256e-14,
wan388_leave_one_out.csv,분리·매탭 · exclude=-DOGE,full,0.026640,0.066566,0.075932,0.105847,0.175624,0.009366,0.039281,0.109058,-0.099693,1.128e-14,
wan388_leave_one_out.csv,분리·매탭 · exclude=-DOGE,oos_warm,0.029995,0.074950,0.081430,0.119081,0.196630,0.006479,0.044131,0.121679,-0.115200,1.277e-14,
wan388_leave_one_out.csv,분리·매탭 · exclude=-DOT,full,0.026687,0.066684,0.077653,0.106097,0.176180,0.010969,0.039413,0.109496,-0.098527,1.170e-14,
wan388_leave_one_out.csv,분리·매탭 · exclude=-DOT,oos_warm,0.029959,0.074859,0.077112,0.119134,0.196790,0.002253,0.044275,0.121930,-0.119677,1.316e-14,
wan388_leave_one_out.csv,분리·매탭 · exclude=-ETH,full,0.026295,0.065704,0.077204,0.104464,0.173380,0.011500,0.038760,0.107676,-0.096176,1.173e-14,
wan388_leave_one_out.csv,분리·매탭 · exclude=-ETH,oos_warm,0.029642,0.074067,0.068708,0.117932,0.194590,-0.005359,0.043865,0.120523,-0.125882,1.255e-14,
wan388_leave_one_out.csv,분리·매탭 · exclude=-LINK,full,0.026703,0.066724,0.076844,0.106181,0.176139,0.010120,0.039457,0.109415,-0.099295,1.206e-14,
wan388_leave_one_out.csv,분리·매탭 · exclude=-LINK,oos_warm,0.029932,0.074793,0.078951,0.118935,0.196299,0.004158,0.044142,0.121506,-0.117348,1.253e-14,
wan388_leave_one_out.csv,분리·매탭 · exclude=-LTC,full,0.026533,0.066301,0.078257,0.105414,0.174927,0.011956,0.039113,0.108627,-0.096670,1.184e-14,
wan388_leave_one_out.csv,분리·매탭 · exclude=-LTC,oos_warm,0.029843,0.074571,0.077292,0.118601,0.195758,0.002721,0.044030,0.121187,-0.118466,1.249e-14,
wan388_leave_one_out.csv,분리·매탭 · exclude=-SOL,full,0.026744,0.066826,0.071998,0.106437,0.176738,0.005172,0.039611,0.109912,-0.104740,1.163e-14,
wan388_leave_one_out.csv,분리·매탭 · exclude=-SOL,oos_warm,0.029815,0.074500,0.070104,0.118611,0.195842,-0.004396,0.044110,0.121341,-0.125737,1.299e-14,
wan388_leave_one_out.csv,분리·매탭 · exclude=-TRX,full,0.026132,0.065298,0.081010,0.103656,0.172477,0.015712,0.038358,0.107179,-0.091467,1.102e-14,
wan388_leave_one_out.csv,분리·매탭 · exclude=-TRX,oos_warm,0.029423,0.073520,0.080770,0.116660,0.193152,0.007251,0.043140,0.119632,-0.112381,1.239e-14,
wan388_leave_one_out.csv,분리·매탭 · exclude=-XRP,full,0.026521,0.066269,0.080157,0.105323,0.174841,0.013888,0.039054,0.108572,-0.094684,1.224e-14,
wan388_leave_one_out.csv,분리·매탭 · exclude=-XRP,oos_warm,0.029771,0.074389,0.082421,0.118194,0.195156,0.008031,0.043804,0.120766,-0.112735,1.242e-14,
wan388_leave_one_out.csv,분리·매탭 · exclude=-new3,full,0.026922,0.067270,0.078735,0.107040,0.177175,0.011465,0.039770,0.109904,-0.098439,1.155e-14,
wan388_leave_one_out.csv,분리·매탭 · exclude=-new3,oos_warm,0.030199,0.075461,0.088665,0.119933,0.197651,0.013204,0.044472,0.122190,-0.108986,1.260e-14,
wan388_leave_one_out.csv,병합·매탭 · exclude=-ADA,full,0.025057,0.062611,0.075121,0.099545,0.165371,0.012509,0.036934,0.102760,-0.090250,1.033e-14,
wan388_leave_one_out.csv,병합·매탭 · exclude=-ADA,oos_warm,0.028253,0.070597,0.067923,0.112418,0.185621,-0.002675,0.041821,0.115024,-0.117699,1.120e-14,
wan388_leave_one_out.csv,병합·매탭 · exclude=-BCH,full,0.025070,0.062643,0.075891,0.099478,0.165617,0.013248,0.036835,0.102975,-0.089726,1.021e-14,
wan388_leave_one_out.csv,병합·매탭 · exclude=-BCH,oos_warm,0.028172,0.070395,0.069538,0.112049,0.185200,-0.000857,0.041654,0.114805,-0.115662,1.116e-14,
wan388_leave_one_out.csv,병합·매탭 · exclude=-BNB,full,0.024767,0.061886,0.073743,0.098341,0.163756,0.011857,0.036455,0.101870,-0.090013,9.867e-15,
wan388_leave_one_out.csv,병합·매탭 · exclude=-BNB,oos_warm,0.027773,0.069399,0.068413,0.110386,0.182317,-0.000986,0.040987,0.112918,-0.113904,1.117e-14,
wan388_leave_one_out.csv,병합·매탭 · exclude=-BTC,full,0.024546,0.061334,0.068737,0.097618,0.162112,0.007403,0.036283,0.100778,-0.093376,9.701e-15,
wan388_leave_one_out.csv,병합·매탭 · exclude=-BTC,oos_warm,0.027616,0.069006,0.064577,0.109903,0.181232,-0.004428,0.040897,0.112226,-0.116655,1.102e-14,
wan388_leave_one_out.csv,병합·매탭 · exclude=-DOGE,full,0.025131,0.062795,0.071708,0.099856,0.165863,0.008913,0.037061,0.103068,-0.094155,1.017e-14,
wan388_leave_one_out.csv,병합·매탭 · exclude=-DOGE,oos_warm,0.028280,0.070665,0.069798,0.112504,0.185658,-0.000866,0.041839,0.114994,-0.115860,1.095e-14,
wan388_leave_one_out.csv,병합·매탭 · exclude=-DOT,full,0.025165,0.062880,0.074645,0.100041,0.166323,0.011764,0.037160,0.103443,-0.091679,1.005e-14,
wan388_leave_one_out.csv,병합·매탭 · exclude=-DOT,oos_warm,0.028203,0.070472,0.068456,0.112310,0.185485,-0.002016,0.041838,0.115013,-0.117029,1.137e-14,
wan388_leave_one_out.csv,병합·매탭 · exclude=-ETH,full,0.024812,0.061999,0.073375,0.098570,0.163814,0.011376,0.036571,0.101814,-0.090438,9.728e-15,
wan388_leave_one_out.csv,병합·매탭 · exclude=-ETH,oos_warm,0.027993,0.069947,0.057792,0.111540,0.183956,-0.012155,0.041593,0.114009,-0.126164,1.109e-14,
wan388_leave_one_out.csv,병합·매탭 · exclude=-LINK,full,0.025193,0.062950,0.073295,0.100186,0.166390,0.010344,0.037236,0.103439,-0.093095,1.037e-14,
wan388_leave_one_out.csv,병합·매탭 · exclude=-LINK,oos_warm,0.028172,0.070395,0.066838,0.112226,0.185143,-0.003556,0.041831,0.114748,-0.118305,1.099e-14,
wan388_leave_one_out.csv,병합·매탭 · exclude=-LTC,full,0.025027,0.062535,0.074796,0.099422,0.165186,0.012261,0.036887,0.102650,-0.090390,1.027e-14,
wan388_leave_one_out.csv,병합·매탭 · exclude=-LTC,oos_warm,0.028136,0.070304,0.066944,0.111950,0.184730,-0.003360,0.041646,0.114426,-0.117786,1.117e-14,
wan388_leave_one_out.csv,병합·매탭 · exclude=-SOL,full,0.025208,0.062990,0.068545,0.100326,0.166844,0.005555,0.037336,0.103855,-0.098300,1.034e-14,
wan388_leave_one_out.csv,병합·매탭 · exclude=-SOL,oos_warm,0.028089,0.070186,0.060396,0.112000,0.184886,-0.009790,0.041814,0.114700,-0.124491,1.125e-14,
wan388_leave_one_out.csv,병합·매탭 · exclude=-TRX,full,0.024633,0.061552,0.075409,0.097729,0.162928,0.013857,0.036177,0.101376,-0.087519,9.576e-15,
wan388_leave_one_out.csv,병합·매탭 · exclude=-TRX,oos_warm,0.027682,0.069171,0.068465,0.109951,0.182129,-0.000707,0.040779,0.112958,-0.113665,1.087e-14,
wan388_leave_one_out.csv,병합·매탭 · exclude=-XRP,full,0.024997,0.062460,0.076549,0.099248,0.164974,0.014089,0.036788,0.102514,-0.088424,1.005e-14,
wan388_leave_one_out.csv,병합·매탭 · exclude=-XRP,oos_warm,0.028055,0.070103,0.068821,0.111629,0.184249,-0.001282,0.041526,0.114145,-0.115428,1.116e-14,
wan388_leave_one_out.csv,병합·매탭 · exclude=-new3,full,0.025424,0.063527,0.076522,0.101023,0.167355,0.012995,0.037496,0.103828,-0.090833,1.113e-14,
wan388_leave_one_out.csv,병합·매탭 · exclude=-new3,oos_warm,0.028473,0.071147,0.080326,0.113190,0.186402,0.009179,0.042043,0.115256,-0.106076,1.160e-14,
wan388_leave_one_out.csv,분리·첫탭만 · exclude=-ADA,full,0.026289,0.065689,0.093034,0.103918,0.172589,0.027345,0.038229,0.106900,-0.079555,1.087e-14,
wan388_leave_one_out.csv,분리·첫탭만 · exclude=-ADA,oos_warm,0.029711,0.074241,0.094213,0.117555,0.194134,0.019973,0.043314,0.119893,-0.099920,1.278e-14,
wan388_leave_one_out.csv,분리·첫탭만 · exclude=-BCH,full,0.026301,0.065720,0.093221,0.103918,0.172898,0.027501,0.038198,0.107179,-0.079678,1.109e-14,
wan388_leave_one_out.csv,분리·첫탭만 · exclude=-BCH,oos_warm,0.029652,0.074093,0.083158,0.117579,0.194324,0.009064,0.043486,0.120231,-0.111167,1.241e-14,
wan388_leave_one_out.csv,분리·첫탭만 · exclude=-BNB,full,0.025973,0.064900,0.091493,0.102628,0.170837,0.026592,0.037728,0.105936,-0.079344,1.023e-14,
wan388_leave_one_out.csv,분리·첫탭만 · exclude=-BNB,oos_warm,0.029194,0.072948,0.087846,0.115532,0.190824,0.014898,0.042584,0.117876,-0.102978,1.228e-14,
wan388_leave_one_out.csv,분리·첫탭만 · exclude=-BTC,full,0.025776,0.064408,0.087159,0.101989,0.169317,0.022751,0.037582,0.104909,-0.082158,1.024e-14,
wan388_leave_one_out.csv,분리·첫탭만 · exclude=-BTC,oos_warm,0.029060,0.072614,0.088321,0.115035,0.189752,0.015707,0.042421,0.117138,-0.101431,1.206e-14,
wan388_leave_one_out.csv,분리·첫탭만 · exclude=-DOGE,full,0.026390,0.065943,0.090102,0.104375,0.173316,0.024159,0.038431,0.107372,-0.083214,1.066e-14,
wan388_leave_one_out.csv,분리·첫탭만 · exclude=-DOGE,oos_warm,0.029784,0.074424,0.093907,0.117833,0.194547,0.019483,0.043409,0.120124,-0.100640,1.260e-14,
wan388_leave_one_out.csv,분리·첫탭만 · exclude=-DOT,full,0.026434,0.066053,0.093718,0.104516,0.173714,0.027665,0.038463,0.107662,-0.079996,1.046e-14,
wan388_leave_one_out.csv,분리·첫탭만 · exclude=-DOT,oos_warm,0.029741,0.074315,0.090767,0.117832,0.194670,0.016452,0.043517,0.120355,-0.103902,1.264e-14,
wan388_leave_one_out.csv,분리·첫탭만 · exclude=-ETH,full,0.026087,0.065186,0.092285,0.103121,0.171296,0.027099,0.037935,0.106110,-0.079011,1.084e-14,
wan388_leave_one_out.csv,분리·첫탭만 · exclude=-ETH,oos_warm,0.029420,0.073513,0.082110,0.116651,0.192438,0.008597,0.043138,0.118925,-0.110327,1.239e-14,
wan388_leave_one_out.csv,분리·첫탭만 · exclude=-LINK,full,0.026452,0.066098,0.091227,0.104664,0.173771,0.025129,0.038567,0.107673,-0.082544,1.063e-14,
wan388_leave_one_out.csv,분리·첫탭만 · exclude=-LINK,oos_warm,0.029630,0.074039,0.089431,0.117440,0.193790,0.015392,0.043401,0.119752,-0.104360,1.260e-14,
wan388_leave_one_out.csv,분리·첫탭만 · exclude=-LTC,full,0.026285,0.065680,0.095660,0.103816,0.172438,0.029980,0.038135,0.106757,-0.076778,1.089e-14,
wan388_leave_one_out.csv,분리·첫탭만 · exclude=-LTC,oos_warm,0.029560,0.073864,0.091089,0.116987,0.193083,0.017225,0.043124,0.119219,-0.101994,1.243e-14,
wan388_leave_one_out.csv,분리·첫탭만 · exclude=-SOL,full,0.026499,0.066215,0.089365,0.104866,0.174307,0.023151,0.038652,0.108093,-0.084942,1.076e-14,
wan388_leave_one_out.csv,분리·첫탭만 · exclude=-SOL,oos_warm,0.029579,0.073910,0.085109,0.117209,0.193534,0.011199,0.043299,0.119624,-0.108425,1.261e-14,
wan388_leave_one_out.csv,분리·첫탭만 · exclude=-TRX,full,0.025930,0.064794,0.095857,0.102320,0.170458,0.031064,0.037526,0.105665,-0.074601,1.027e-14,
wan388_leave_one_out.csv,분리·첫탭만 · exclude=-TRX,oos_warm,0.029208,0.072985,0.093235,0.115435,0.191208,0.020250,0.042450,0.118224,-0.097973,1.241e-14,
wan388_leave_one_out.csv,분리·첫탭만 · exclude=-XRP,full,0.026268,0.065638,0.093497,0.103840,0.172497,0.027859,0.038202,0.106859,-0.079000,1.071e-14,
wan388_leave_one_out.csv,분리·첫탭만 · exclude=-XRP,oos_warm,0.029532,0.073794,0.094068,0.116842,0.192914,0.020274,0.043048,0.119120,-0.098846,1.242e-14,
wan388_leave_one_out.csv,분리·첫탭만 · exclude=-new3,full,0.026658,0.066612,0.095186,0.105359,0.174585,0.028575,0.038748,0.107974,-0.079399,1.125e-14,
wan388_leave_one_out.csv,분리·첫탭만 · exclude=-new3,oos_warm,0.029905,0.074726,0.098457,0.118313,0.195000,0.023731,0.043587,0.120274,-0.096543,1.295e-14,
wan388_leave_one_out.csv,병합·첫탭만 · exclude=-ADA,full,0.024810,0.061994,0.085465,0.098135,0.163160,0.023471,0.036141,0.101166,-0.077695,1.073e-14,
wan388_leave_one_out.csv,병합·첫탭만 · exclude=-ADA,oos_warm,0.028131,0.070292,0.083674,0.111459,0.184069,0.013382,0.041167,0.113777,-0.100395,1.157e-14,
wan388_leave_one_out.csv,병합·첫탭만 · exclude=-BCH,full,0.024782,0.061923,0.085959,0.097936,0.163187,0.024036,0.036013,0.101263,-0.077227,1.071e-14,
wan388_leave_one_out.csv,병합·첫탭만 · exclude=-BCH,oos_warm,0.027960,0.069864,0.079061,0.110859,0.183272,0.009197,0.040995,0.113408,-0.104211,1.148e-14,
wan388_leave_one_out.csv,병합·첫탭만 · exclude=-BNB,full,0.024483,0.061177,0.085908,0.096736,0.161286,0.024731,0.035559,0.100109,-0.075378,1.073e-14,
wan388_leave_one_out.csv,병합·첫탭만 · exclude=-BNB,oos_warm,0.027568,0.068885,0.084556,0.109031,0.180164,0.015671,0.040146,0.111279,-0.095608,1.148e-14,
wan388_leave_one_out.csv,병합·첫탭만 · exclude=-BTC,full,0.024246,0.060585,0.079334,0.096015,0.159600,0.018749,0.035430,0.099016,-0.080267,1.023e-14,
wan388_leave_one_out.csv,병합·첫탭만 · exclude=-BTC,oos_warm,0.027415,0.068504,0.079969,0.108642,0.179204,0.011466,0.040138,0.110701,-0.099235,1.127e-14,
wan388_leave_one_out.csv,병합·첫탭만 · exclude=-DOGE,full,0.024834,0.062054,0.081302,0.098295,0.163406,0.019248,0.036240,0.101351,-0.082103,1.071e-14,
wan388_leave_one_out.csv,병합·첫탭만 · exclude=-DOGE,oos_warm,0.028101,0.070218,0.083274,0.111344,0.183794,0.013055,0.041126,0.113576,-0.100521,1.160e-14,
wan388_leave_one_out.csv,병합·첫탭만 · exclude=-DOT,full,0.024886,0.062183,0.086199,0.098479,0.163885,0.024016,0.036296,0.101702,-0.077686,1.067e-14,
wan388_leave_one_out.csv,병합·첫탭만 · exclude=-DOT,oos_warm,0.028034,0.070050,0.084733,0.111121,0.183592,0.014683,0.041070,0.113542,-0.098859,1.181e-14,
wan388_leave_one_out.csv,병합·첫탭만 · exclude=-ETH,full,0.024539,0.061316,0.082809,0.097094,0.161481,0.021493,0.035778,0.100164,-0.078672,1.023e-14,
wan388_leave_one_out.csv,병합·첫탭만 · exclude=-ETH,oos_warm,0.027817,0.069507,0.071732,0.110420,0.182125,0.002225,0.040913,0.112618,-0.110393,1.121e-14,
wan388_leave_one_out.csv,병합·첫탭만 · exclude=-LINK,full,0.024914,0.062253,0.084140,0.098617,0.163933,0.021887,0.036365,0.101680,-0.079793,1.069e-14,
wan388_leave_one_out.csv,병합·첫탭만 · exclude=-LINK,oos_warm,0.027949,0.069838,0.081560,0.110861,0.182970,0.011722,0.041023,0.113131,-0.101410,1.128e-14,
wan388_leave_one_out.csv,병합·첫탭만 · exclude=-LTC,full,0.024758,0.061864,0.086462,0.097873,0.162762,0.024598,0.036009,0.100897,-0.076300,1.038e-14,
wan388_leave_one_out.csv,병합·첫탭만 · exclude=-LTC,oos_warm,0.027912,0.069744,0.083050,0.110515,0.182412,0.013306,0.040771,0.112668,-0.099362,1.153e-14,
wan388_leave_one_out.csv,병합·첫탭만 · exclude=-SOL,full,0.024929,0.062291,0.080944,0.098758,0.164395,0.018653,0.036467,0.102105,-0.083451,1.066e-14,
wan388_leave_one_out.csv,병합·첫탭만 · exclude=-SOL,oos_warm,0.027883,0.069674,0.076708,0.110631,0.182711,0.007034,0.040957,0.113037,-0.106003,1.177e-14,
wan388_leave_one_out.csv,병합·첫탭만 · exclude=-TRX,full,0.024336,0.060810,0.086227,0.096127,0.160427,0.025417,0.035317,0.099617,-0.074200,1.020e-14,
wan388_leave_one_out.csv,병합·첫탭만 · exclude=-TRX,oos_warm,0.027470,0.068641,0.080270,0.108722,0.180175,0.011629,0.040082,0.111534,-0.099905,1.116e-14,
wan388_leave_one_out.csv,병합·첫탭만 · exclude=-XRP,full,0.024715,0.061757,0.086330,0.097750,0.162584,0.024573,0.035994,0.100827,-0.076254,1.071e-14,
wan388_leave_one_out.csv,병합·첫탭만 · exclude=-XRP,oos_warm,0.027909,0.069736,0.086937,0.110548,0.182486,0.017201,0.040811,0.112749,-0.095548,1.152e-14,
wan388_leave_one_out.csv,병합·첫탭만 · exclude=-new3,full,0.025131,0.062797,0.088209,0.099360,0.164773,0.025412,0.036564,0.101976,-0.076564,1.070e-14,
wan388_leave_one_out.csv,병합·첫탭만 · exclude=-new3,oos_warm,0.028266,0.070631,0.092971,0.111859,0.184310,0.022341,0.041229,0.113679,-0.091338,1.180e-14,
wan389_retap_attribution_grid.csv,분리·매탭·재진입 켬 · reentry=True,full,0.026526,0.066282,0.076902,0.105393,0.175010,0.010621,0.039111,0.108728,-0.098108,1.157e-14,
wan389_retap_attribution_grid.csv,분리·매탭·재진입 켬 · reentry=True,oos_warm,0.029865,0.074624,0.076546,0.118649,0.195961,0.001922,0.044025,0.121337,-0.119415,1.275e-14,
wan389_retap_attribution_grid.csv,분리·매탭·재진입 끔 · reentry=False,full,0.026034,0.065054,0.085652,0.103115,0.171456,0.020598,0.038062,0.106402,-0.085804,1.099e-14,
wan389_retap_attribution_grid.csv,분리·매탭·재진입 끔 · reentry=False,oos_warm,0.029272,0.073143,0.081953,0.116088,0.191782,0.008810,0.042945,0.118639,-0.109829,1.253e-14,
wan389_retap_attribution_grid.csv,분리·첫탭만·재진입 켬 · reentry=True,full,0.026297,0.065709,0.091848,0.103966,0.172781,0.026139,0.038257,0.107072,-0.080933,1.114e-14,
wan389_retap_attribution_grid.csv,분리·첫탭만·재진입 켬 · reentry=True,oos_warm,0.029606,0.073978,0.089429,0.117232,0.193602,0.015451,0.043254,0.119624,-0.104173,1.259e-14,
wan389_retap_attribution_grid.csv,분리·첫탭만·재진입 끔 · reentry=False,full,0.026035,0.065054,0.126642,0.102139,0.170132,0.061588,0.037086,0.105078,-0.043490,1.099e-14,
wan389_retap_attribution_grid.csv,분리·첫탭만·재진입 끔 · reentry=False,oos_warm,0.029204,0.072973,0.124159,0.114893,0.189989,0.051186,0.041920,0.117016,-0.065830,1.210e-14,
wan394_retap_reentry_tp_grid.csv,매탭·재진입켬·0.6R · multiple=0.6 · reentry=True,full,0.026389,0.065939,0.140971,0.086573,0.147807,0.075031,0.020634,0.081868,-0.006837,9.437e-15,4.900e-14
wan394_retap_reentry_tp_grid.csv,매탭·재진입켬·0.6R · multiple=0.6 · reentry=True,oos_warm,0.029632,0.074043,0.158104,0.096453,0.164550,0.084060,0.022409,0.090506,-0.006446,1.013e-14,3.490e-15
wan394_retap_reentry_tp_grid.csv,매탭·재진입켬·0.8R · multiple=0.8 · reentry=True,full,0.026449,0.066088,0.125197,0.092437,0.156228,0.059109,0.026348,0.090140,-0.031031,1.042e-14,2.200e-14
wan394_retap_reentry_tp_grid.csv,매탭·재진입켬·0.8R · multiple=0.8 · reentry=True,oos_warm,0.029687,0.074180,0.134834,0.103403,0.174292,0.060655,0.029223,0.100113,-0.039458,1.142e-14,1.561e-15
wan394_retap_reentry_tp_grid.csv,매탭·재진입켬·1R · multiple=1.0 · reentry=True,full,0.026482,0.066172,0.107600,0.097244,0.163150,0.041428,0.031073,0.096978,-0.055550,1.062e-14,3.001e-16
wan394_retap_reentry_tp_grid.csv,매탭·재진입켬·1R · multiple=1.0 · reentry=True,oos_warm,0.029746,0.074328,0.109924,0.109204,0.182518,0.035596,0.034877,0.108190,-0.072594,1.253e-14,3.995e-16
wan394_retap_reentry_tp_grid.csv,매탭·재진입켬·1.5R · multiple=1.5 · reentry=True,full,0.026526,0.066282,0.076902,0.105393,0.175010,0.010621,0.039111,0.108728,-0.098108,1.157e-14,2.741e-16
wan394_retap_reentry_tp_grid.csv,매탭·재진입켬·1.5R · multiple=1.5 · reentry=True,oos_warm,0.029865,0.074624,0.076546,0.118649,0.195961,0.001922,0.044025,0.121337,-0.119415,1.275e-14,2.984e-16
wan394_retap_reentry_tp_grid.csv,매탭·재진입끔·0.6R · multiple=0.6 · reentry=False,full,0.025728,0.064288,0.138671,0.084375,0.144108,0.074383,0.020088,0.079820,-0.005437,8.396e-15,4.521e-14
wan394_retap_reentry_tp_grid.csv,매탭·재진입끔·0.6R · multiple=0.6 · reentry=False,oos_warm,0.028833,0.072047,0.147436,0.094217,0.160607,0.075389,0.022170,0.088560,-0.013171,1.067e-14,6.668e-15
wan394_retap_reentry_tp_grid.csv,매탭·재진입끔·0.8R · multiple=0.8 · reentry=False,full,0.025879,0.064665,0.124542,0.090378,0.152835,0.059877,0.025712,0.088170,-0.028293,9.701e-15,2.047e-14
wan394_retap_reentry_tp_grid.csv,매탭·재진입끔·0.8R · multiple=0.8 · reentry=False,oos_warm,0.029010,0.072490,0.127041,0.101318,0.170685,0.054552,0.028829,0.098196,-0.043644,1.156e-14,9.333e-16
wan394_retap_reentry_tp_grid.csv,매탭·재진입끔·1R · multiple=1.0 · reentry=False,full,0.025978,0.064913,0.110336,0.095204,0.159878,0.045422,0.030291,0.094965,-0.049542,1.037e-14,6.106e-16
wan394_retap_reentry_tp_grid.csv,매탭·재진입끔·1R · multiple=1.0 · reentry=False,oos_warm,0.029140,0.072814,0.108141,0.106974,0.178791,0.035327,0.034160,0.105976,-0.070649,1.199e-14,1.481e-16
wan394_retap_reentry_tp_grid.csv,매탭·재진입끔·1.5R · multiple=1.5 · reentry=False,full,0.026034,0.065054,0.085652,0.103115,0.171456,0.020598,0.038062,0.106402,-0.085804,1.099e-14,4.996e-16
wan394_retap_reentry_tp_grid.csv,매탭·재진입끔·1.5R · multiple=1.5 · reentry=False,oos_warm,0.029272,0.073143,0.081953,0.116088,0.191782,0.008810,0.042945,0.118639,-0.109829,1.253e-14,3.469e-16
wan394_retap_reentry_tp_grid.csv,첫탭만·재진입켬·0.6R · multiple=0.6 · reentry=True,full,0.026006,0.064983,0.136440,0.085572,0.145959,0.071457,0.020589,0.080976,-0.009518,9.312e-15,3.615e-14
wan394_retap_reentry_tp_grid.csv,첫탭만·재진입켬·0.6R · multiple=0.6 · reentry=True,oos_warm,0.029142,0.072819,0.146612,0.095426,0.162548,0.073793,0.022607,0.089729,-0.015936,1.048e-14,5.829e-15
wan394_retap_reentry_tp_grid.csv,첫탭만·재진입켬·0.8R · multiple=0.8 · reentry=True,full,0.026119,0.065264,0.126439,0.091243,0.154178,0.061175,0.025979,0.088915,-0.027739,9.825e-15,2.058e-14
wan394_retap_reentry_tp_grid.csv,첫탭만·재진입켬·0.8R · multiple=0.8 · reentry=True,oos_warm,0.029310,0.073238,0.133890,0.102175,0.172095,0.060652,0.028937,0.098857,-0.038205,1.138e-14,2.047e-15
wan394_retap_reentry_tp_grid.csv,첫탭만·재진입켬·1R · multiple=1.0 · reentry=True,full,0.026197,0.065460,0.111492,0.096026,0.161119,0.046032,0.030566,0.095659,-0.049627,1.055e-14,1.041e-17
wan394_retap_reentry_tp_grid.csv,첫탭만·재진입켬·1R · multiple=1.0 · reentry=True,oos_warm,0.029428,0.073534,0.109829,0.108025,0.180458,0.036294,0.034491,0.106924,-0.070629,1.196e-14,2.060e-16
wan394_retap_reentry_tp_grid.csv,첫탭만·재진입켬·1.5R · multiple=1.5 · reentry=True,full,0.026297,0.065709,0.091848,0.103966,0.172781,0.026139,0.038257,0.107072,-0.080933,1.114e-14,3.123e-16
wan394_retap_reentry_tp_grid.csv,첫탭만·재진입켬·1.5R · multiple=1.5 · reentry=True,oos_warm,0.029606,0.073978,0.089429,0.117232,0.193602,0.015451,0.043254,0.119624,-0.104173,1.259e-14,1.908e-16
wan394_retap_reentry_tp_grid.csv,첫탭만·재진입끔·0.6R · multiple=0.6 · reentry=False,full,0.025966,0.064882,0.160823,0.084585,0.144582,0.095941,0.019702,0.079699,0.016242,8.771e-15,3.875e-14
wan394_retap_reentry_tp_grid.csv,첫탭만·재진입끔·0.6R · multiple=0.6 · reentry=False,oos_warm,0.028993,0.072447,0.164615,0.094278,0.160754,0.092168,0.021831,0.088307,0.003861,1.028e-14,5.801e-15
wan394_retap_reentry_tp_grid.csv,첫탭만·재진입끔·0.8R · multiple=0.8 · reentry=False,full,0.026007,0.064984,0.151792,0.090042,0.152444,0.086808,0.025057,0.087460,-0.000652,9.340e-15,2.243e-14
wan394_retap_reentry_tp_grid.csv,첫탭만·재진입끔·0.8R · multiple=0.8 · reentry=False,oos_warm,0.029077,0.072657,0.155510,0.100642,0.169678,0.082852,0.027984,0.097020,-0.014168,1.088e-14,3.123e-15
wan394_retap_reentry_tp_grid.csv,첫탭만·재진입끔·1R · multiple=1.0 · reentry=False,full,0.026024,0.065027,0.141805,0.094436,0.158813,0.076777,0.029409,0.093785,-0.017008,1.038e-14,3.678e-16
wan394_retap_reentry_tp_grid.csv,첫탭만·재진입끔·1R · multiple=1.0 · reentry=False,oos_warm,0.029115,0.072752,0.135972,0.106009,0.177291,0.063220,0.033257,0.104539,-0.041319,1.121e-14,1.214e-16
wan394_retap_reentry_tp_grid.csv,첫탭만·재진입끔·1.5R · multiple=1.5 · reentry=False,full,0.026035,0.065054,0.126642,0.102139,0.170132,0.061588,0.037086,0.105078,-0.043490,1.099e-14,3.643e-16
wan394_retap_reentry_tp_grid.csv,첫탭만·재진입끔·1.5R · multiple=1.5 · reentry=False,oos_warm,0.029204,0.072973,0.124159,0.114893,0.189989,0.051186,0.041920,0.117016,-0.065830,1.210e-14,2.047e-16
wan394_leave_one_out.csv,매탭·재진입켬·0.6R · multiple=0.6 · reentry=True · exclude=-ADA,full,0.026438,0.066062,0.140744,0.086760,0.148084,0.074682,0.020697,0.082022,-0.007340,9.090e-15,4.496e-14
wan394_leave_one_out.csv,매탭·재진입켬·0.6R · multiple=0.6 · reentry=True · exclude=-ADA,oos_warm,0.029758,0.074357,0.159231,0.096888,0.165278,0.084873,0.022531,0.090920,-0.006047,1.066e-14,5.593e-15
wan394_leave_one_out.csv,매탭·재진입켬·0.6R · multiple=0.6 · reentry=True · exclude=-BCH,full,0.026440,0.066066,0.141755,0.086666,0.148032,0.075689,0.020600,0.081965,-0.006277,9.437e-15,4.716e-14
wan394_leave_one_out.csv,매탭·재진입켬·0.6R · multiple=0.6 · reentry=True · exclude=-BCH,oos_warm,0.029753,0.074346,0.155664,0.096924,0.165376,0.081319,0.022578,0.091030,-0.009712,1.001e-14,7.570e-15
wan394_leave_one_out.csv,매탭·재진입켬·0.6R · multiple=0.6 · reentry=True · exclude=-BNB,full,0.026112,0.065246,0.141816,0.085594,0.146221,0.076570,0.020347,0.080974,-0.004404,9.825e-15,4.638e-14
wan394_leave_one_out.csv,매탭·재진입켬·0.6R · multiple=0.6 · reentry=True · exclude=-BNB,oos_warm,0.029329,0.073287,0.163744,0.095107,0.162376,0.090457,0.021820,0.089089,0.001368,9.950e-15,1.055e-15
wan394_leave_one_out.csv,매탭·재진입켬·0.6R · multiple=0.6 · reentry=True · exclude=-BTC,full,0.025938,0.064813,0.136554,0.085198,0.145369,0.071741,0.020385,0.080555,-0.008814,9.090e-15,4.364e-14
wan394_leave_one_out.csv,매탭·재진입켬·0.6R · multiple=0.6 · reentry=True · exclude=-BTC,oos_warm,0.029182,0.072920,0.155994,0.094969,0.161942,0.083075,0.022049,0.089022,-0.005948,1.027e-14,5.461e-15
wan394_leave_one_out.csv,매탭·재진입켬·0.6R · multiple=0.6 · reentry=True · exclude=-DOGE,full,0.026545,0.066329,0.141250,0.087087,0.148635,0.074922,0.020759,0.082307,-0.007385,9.340e-15,4.063e-14
wan394_leave_one_out.csv,매탭·재진입켬·0.6R · multiple=0.6 · reentry=True · exclude=-DOGE,oos_warm,0.029842,0.074568,0.161400,0.097132,0.165674,0.086832,0.022564,0.091106,-0.004274,1.027e-14,4.788e-15
wan394_leave_one_out.csv,매탭·재진입켬·0.6R · multiple=0.6 · reentry=True · exclude=-DOT,full,0.026532,0.066297,0.140426,0.087144,0.148762,0.074129,0.020848,0.082465,-0.008336,8.923e-15,4.485e-14
wan394_leave_one_out.csv,매탭·재진입켬·0.6R · multiple=0.6 · reentry=True · exclude=-DOT,oos_warm,0.029703,0.074221,0.154603,0.096957,0.165348,0.080383,0.022737,0.091128,-0.010745,1.076e-14,7.841e-15
wan394_leave_one_out.csv,매탭·재진입켬·0.6R · multiple=0.6 · reentry=True · exclude=-ETH,full,0.026221,0.065519,0.139171,0.086033,0.146842,0.073652,0.020514,0.081323,-0.007671,9.562e-15,4.574e-14
wan394_leave_one_out.csv,매탭·재진입켬·0.6R · multiple=0.6 · reentry=True · exclude=-ETH,oos_warm,0.029482,0.073668,0.149896,0.096276,0.164076,0.076228,0.022607,0.090407,-0.014179,1.019e-14,6.807e-15
wan394_leave_one_out.csv,매탭·재진입켬·0.6R · multiple=0.6 · reentry=True · exclude=-LINK,full,0.026574,0.066402,0.140897,0.087268,0.148905,0.074495,0.020866,0.082503,-0.008008,9.784e-15,4.548e-14
wan394_leave_one_out.csv,매탭·재진입켬·0.6R · multiple=0.6 · reentry=True · exclude=-LINK,oos_warm,0.029693,0.074196,0.156299,0.096817,0.165079,0.082103,0.022621,0.090883,-0.008780,1.051e-14,6.578e-15
wan394_leave_one_out.csv,매탭·재진입켬·0.6R · multiple=0.6 · reentry=True · exclude=-LTC,full,0.026409,0.065989,0.141941,0.086639,0.147868,0.075952,0.020650,0.081880,-0.005928,9.256e-15,4.513e-14
wan394_leave_one_out.csv,매탭·재진입켬·0.6R · multiple=0.6 · reentry=True · exclude=-LTC,oos_warm,0.029639,0.074061,0.160269,0.096467,0.164530,0.086208,0.022407,0.090469,-0.004261,1.037e-14,4.122e-15
wan394_leave_one_out.csv,매탭·재진입켬·0.6R · multiple=0.6 · reentry=True · exclude=-SOL,full,0.026608,0.066486,0.138438,0.087417,0.149212,0.071952,0.020931,0.082726,-0.010774,9.687e-15,4.605e-14
wan394_leave_one_out.csv,매탭·재진입켬·0.6R · multiple=0.6 · reentry=True · exclude=-SOL,oos_warm,0.029611,0.073990,0.156411,0.096390,0.164428,0.082421,0.022399,0.090438,-0.008017,1.042e-14,6.356e-15
wan394_leave_one_out.csv,매탭·재진입켬·0.6R · multiple=0.6 · reentry=True · exclude=-TRX,full,0.026061,0.065119,0.142629,0.085352,0.145894,0.077509,0.020232,0.080774,-0.003265,9.590e-15,4.856e-14
wan394_leave_one_out.csv,매탭·재진입켬·0.6R · multiple=0.6 · reentry=True · exclude=-TRX,oos_warm,0.029295,0.073201,0.162082,0.095014,0.162379,0.088881,0.021813,0.089178,-0.000297,9.978e-15,3.178e-15
wan394_leave_one_out.csv,매탭·재진입켬·0.6R · multiple=0.6 · reentry=True · exclude=-XRP,full,0.026394,0.065951,0.144697,0.086400,0.147549,0.078747,0.020449,0.081598,-0.002851,9.423e-15,4.762e-14
wan394_leave_one_out.csv,매탭·재진입켬·0.6R · multiple=0.6 · reentry=True · exclude=-XRP,oos_warm,0.029553,0.073845,0.162029,0.096048,0.163884,0.088183,0.022203,0.090038,-0.001855,1.019e-14,3.914e-15
wan394_leave_one_out.csv,매탭·재진입켬·0.6R · multiple=0.6 · reentry=True · exclude=-new3,full,0.026879,0.067163,0.142425,0.088299,0.150527,0.075261,0.021136,0.083364,-0.008102,1.006e-14,3.618e-14
wan394_leave_one_out.csv,매탭·재진입켬·0.6R · multiple=0.6 · reentry=True · exclude=-new3,oos_warm,0.030097,0.075205,0.162318,0.098210,0.167331,0.087113,0.023005,0.092125,-0.005012,1.045e-14,6.051e-15
wan394_leave_one_out.csv,매탭·재진입켬·1.5R · multiple=1.5 · reentry=True · exclude=-ADA,full,0.026542,0.066323,0.080090,0.105424,0.174933,0.013767,0.039101,0.108610,-0.094843,1.173e-14,1.978e-16
wan394_leave_one_out.csv,매탭·재진입켬·1.5R · multiple=1.5 · reentry=True · exclude=-ADA,oos_warm,0.029955,0.074849,0.080800,0.118956,0.196467,0.005950,0.044107,0.121618,-0.115667,1.280e-14,2.012e-16
wan394_leave_one_out.csv,매탭·재진입켬·1.5R · multiple=1.5 · reentry=True · exclude=-BCH,full,0.026570,0.066392,0.077270,0.105512,0.175388,0.010878,0.039120,0.108996,-0.098118,1.207e-14,4.302e-16
wan394_leave_one_out.csv,매탭·재진입켬·1.5R · multiple=1.5 · reentry=True · exclude=-BCH,oos_warm,0.029933,0.074794,0.071870,0.119021,0.196750,-0.002924,0.044227,0.121956,-0.124880,1.281e-14,4.302e-16
wan394_leave_one_out.csv,매탭·재진입켬·1.5R · multiple=1.5 · reentry=True · exclude=-BNB,full,0.026223,0.065524,0.075066,0.104182,0.173227,0.009541,0.038657,0.107703,-0.098161,1.162e-14,4.718e-16
wan394_leave_one_out.csv,매탭·재진입켬·1.5R · multiple=1.5 · reentry=True · exclude=-BNB,oos_warm,0.029450,0.073589,0.075608,0.117010,0.193258,0.002019,0.043421,0.119669,-0.117649,1.257e-14,1.596e-16
wan394_leave_one_out.csv,매탭·재진입켬·1.5R · multiple=1.5 · reentry=True · exclude=-BTC,full,0.026011,0.064995,0.071312,0.103487,0.171647,0.006316,0.038491,0.106652,-0.100335,1.153e-14,4.580e-16
wan394_leave_one_out.csv,매탭·재진입켬·1.5R · multiple=1.5 · reentry=True · exclude=-BTC,oos_warm,0.029285,0.073176,0.072606,0.116452,0.192080,-0.000570,0.043276,0.118904,-0.119474,1.252e-14,2.706e-16
wan394_leave_one_out.csv,매탭·재진입켬·1.5R · multiple=1.5 · reentry=True · exclude=-DOGE,full,0.026640,0.066566,0.075932,0.105847,0.175624,0.009366,0.039281,0.109058,-0.099693,1.138e-14,2.394e-16
wan394_leave_one_out.csv,매탭·재진입켬·1.5R · multiple=1.5 · reentry=True · exclude=-DOGE,oos_warm,0.029995,0.074950,0.081430,0.119081,0.196630,0.006479,0.044131,0.121679,-0.115200,1.284e-14,2.359e-16
wan394_leave_one_out.csv,매탭·재진입켬·1.5R · multiple=1.5 · reentry=True · exclude=-DOT,full,0.026687,0.066684,0.077653,0.106097,0.176180,0.010969,0.039413,0.109496,-0.098527,1.195e-14,5.516e-16
wan394_leave_one_out.csv,매탭·재진입켬·1.5R · multiple=1.5 · reentry=True · exclude=-DOT,oos_warm,0.029959,0.074859,0.077112,0.119134,0.196790,0.002253,0.044275,0.121930,-0.119677,1.329e-14,3.192e-16
wan394_leave_one_out.csv,매탭·재진입켬·1.5R · multiple=1.5 · reentry=True · exclude=-ETH,full,0.026295,0.065704,0.077204,0.104464,0.173380,0.011500,0.038760,0.107676,-0.096176,1.193e-14,6.106e-16
wan394_leave_one_out.csv,매탭·재진입켬·1.5R · multiple=1.5 · reentry=True · exclude=-ETH,oos_warm,0.029642,0.074067,0.068708,0.117932,0.194590,-0.005359,0.043865,0.120523,-0.125882,1.277e-14,2.359e-16
wan394_leave_one_out.csv,매탭·재진입켬·1.5R · multiple=1.5 · reentry=True · exclude=-LINK,full,0.026703,0.066724,0.076844,0.106181,0.176139,0.010120,0.039457,0.109415,-0.099295,1.228e-14,6.280e-16
wan394_leave_one_out.csv,매탭·재진입켬·1.5R · multiple=1.5 · reentry=True · exclude=-LINK,oos_warm,0.029932,0.074793,0.078951,0.118935,0.196299,0.004158,0.044142,0.121506,-0.117348,1.268e-14,1.457e-16
wan394_leave_one_out.csv,매탭·재진입켬·1.5R · multiple=1.5 · reentry=True · exclude=-LTC,full,0.026533,0.066301,0.078257,0.105414,0.174927,0.011956,0.039113,0.108627,-0.096670,1.203e-14,8.014e-16
wan394_leave_one_out.csv,매탭·재진입켬·1.5R · multiple=1.5 · reentry=True · exclude=-LTC,oos_warm,0.029843,0.074571,0.077292,0.118601,0.195758,0.002721,0.044030,0.121187,-0.118466,1.281e-14,1.249e-16
wan394_leave_one_out.csv,매탭·재진입켬·1.5R · multiple=1.5 · reentry=True · exclude=-SOL,full,0.026744,0.066826,0.071998,0.106437,0.176738,0.005172,0.039611,0.109912,-0.104740,1.167e-14,2.706e-16
wan394_leave_one_out.csv,매탭·재진입켬·1.5R · multiple=1.5 · reentry=True · exclude=-SOL,oos_warm,0.029815,0.074500,0.070104,0.118611,0.195842,-0.004396,0.044110,0.121341,-0.125737,1.311e-14,1.804e-16
wan394_leave_one_out.csv,매탭·재진입켬·1.5R · multiple=1.5 · reentry=True · exclude=-TRX,full,0.026132,0.065298,0.081010,0.103656,0.172477,0.015712,0.038358,0.107179,-0.091467,1.101e-14,9.368e-17
wan394_leave_one_out.csv,매탭·재진입켬·1.5R · multiple=1.5 · reentry=True · exclude=-TRX,oos_warm,0.029423,0.073520,0.080770,0.116660,0.193152,0.007251,0.043140,0.119632,-0.112381,1.242e-14,3.816e-16
wan394_leave_one_out.csv,매탭·재진입켬·1.5R · multiple=1.5 · reentry=True · exclude=-XRP,full,0.026521,0.066269,0.080157,0.105323,0.174841,0.013888,0.039054,0.108572,-0.094684,1.224e-14,2.845e-16
wan394_leave_one_out.csv,매탭·재진입켬·1.5R · multiple=1.5 · reentry=True · exclude=-XRP,oos_warm,0.029771,0.074389,0.082421,0.118194,0.195156,0.008031,0.043804,0.120766,-0.112735,1.261e-14,5.551e-16
wan394_leave_one_out.csv,매탭·재진입켬·1.5R · multiple=1.5 · reentry=True · exclude=-new3,full,0.026922,0.067270,0.078735,0.107040,0.177175,0.011465,0.039770,0.109904,-0.098439,1.163e-14,1.804e-16
wan394_leave_one_out.csv,매탭·재진입켬·1.5R · multiple=1.5 · reentry=True · exclude=-new3,oos_warm,0.030199,0.075461,0.088665,0.119933,0.197651,0.013204,0.044472,0.122190,-0.108986,1.266e-14,1.249e-16
wan394_leave_one_out.csv,첫탭만·재진입끔·0.6R · multiple=0.6 · reentry=False · exclude=-ADA,full,0.026063,0.065125,0.161303,0.084926,0.145121,0.096178,0.019801,0.079996,0.016182,9.229e-15,3.660e-14
wan394_leave_one_out.csv,첫탭만·재진입끔·0.6R · multiple=0.6 · reentry=False · exclude=-ADA,oos_warm,0.029238,0.073060,0.167318,0.095081,0.162092,0.094258,0.022022,0.089032,0.005226,9.964e-15,6.134e-15
wan394_leave_one_out.csv,첫탭만·재진입끔·0.6R · multiple=0.6 · reentry=False · exclude=-BCH,full,0.025966,0.064883,0.162566,0.084503,0.144510,0.097683,0.019620,0.079627,0.018056,9.326e-15,3.710e-14
wan394_leave_one_out.csv,첫탭만·재진입끔·0.6R · multiple=0.6 · reentry=False · exclude=-BCH,oos_warm,0.029065,0.072626,0.163032,0.094570,0.161275,0.090406,0.021943,0.088649,0.001757,1.005e-14,4.996e-15
wan394_leave_one_out.csv,첫탭만·재진입끔·0.6R · multiple=0.6 · reentry=False · exclude=-BNB,full,0.025723,0.064276,0.160789,0.083768,0.143269,0.096513,0.019492,0.078993,0.017519,8.951e-15,3.585e-14
wan394_leave_one_out.csv,첫탭만·재진입끔·0.6R · multiple=0.6 · reentry=False · exclude=-BNB,oos_warm,0.028692,0.071694,0.170872,0.092845,0.158475,0.099178,0.021151,0.086781,0.012397,9.909e-15,6.023e-15
wan394_leave_one_out.csv,첫탭만·재진입끔·0.6R · multiple=0.6 · reentry=False · exclude=-BTC,full,0.025516,0.063757,0.155846,0.083297,0.142253,0.092089,0.019540,0.078496,0.013593,8.479e-15,3.558e-14
wan394_leave_one_out.csv,첫탭만·재진입끔·0.6R · multiple=0.6 · reentry=False · exclude=-BTC,oos_warm,0.028492,0.071196,0.161573,0.092726,0.157992,0.090377,0.021531,0.086797,0.003581,9.714e-15,5.482e-15
wan394_leave_one_out.csv,첫탭만·재진입끔·0.6R · multiple=0.6 · reentry=False · exclude=-DOGE,full,0.026104,0.065227,0.160451,0.085044,0.145326,0.095224,0.019817,0.080099,0.015125,9.381e-15,3.662e-14
wan394_leave_one_out.csv,첫탭만·재진입끔·0.6R · multiple=0.6 · reentry=False · exclude=-DOGE,oos_warm,0.029262,0.073118,0.166599,0.095167,0.162234,0.093481,0.022048,0.089116,0.004365,1.009e-14,5.565e-15
wan394_leave_one_out.csv,첫탭만·재진입끔·0.6R · multiple=0.6 · reentry=False · exclude=-DOT,full,0.026187,0.065435,0.160326,0.085392,0.145959,0.094891,0.019957,0.080523,0.014368,8.854e-15,3.590e-14
wan394_leave_one_out.csv,첫탭만·재진입끔·0.6R · multiple=0.6 · reentry=False · exclude=-DOT,oos_warm,0.029226,0.073029,0.158196,0.095392,0.162587,0.085167,0.022363,0.089558,-0.004391,1.010e-14,4.288e-15
wan394_leave_one_out.csv,첫탭만·재진입끔·0.6R · multiple=0.6 · reentry=False · exclude=-ETH,full,0.025827,0.064535,0.157945,0.084232,0.143905,0.093409,0.019696,0.079370,0.014039,9.201e-15,3.682e-14
wan394_leave_one_out.csv,첫탭만·재진입끔·0.6R · multiple=0.6 · reentry=False · exclude=-ETH,oos_warm,0.028943,0.072322,0.154697,0.094597,0.161067,0.082375,0.022275,0.088744,-0.006369,9.909e-15,3.574e-15
wan394_leave_one_out.csv,첫탭만·재진입끔·0.6R · multiple=0.6 · reentry=False · exclude=-LINK,full,0.026223,0.065526,0.162478,0.085423,0.145959,0.096952,0.019898,0.080433,0.016519,9.076e-15,3.712e-14
wan394_leave_one_out.csv,첫탭만·재진입끔·0.6R · multiple=0.6 · reentry=False · exclude=-LINK,oos_warm,0.029195,0.072951,0.163781,0.095018,0.161942,0.090830,0.022067,0.088991,0.001839,9.839e-15,4.857e-15
wan394_leave_one_out.csv,첫탭만·재진입끔·0.6R · multiple=0.6 · reentry=False · exclude=-LTC,full,0.025988,0.064937,0.162995,0.084622,0.144602,0.098058,0.019685,0.079665,0.018393,9.437e-15,3.753e-14
wan394_leave_one_out.csv,첫탭만·재진입끔·0.6R · multiple=0.6 · reentry=False · exclude=-LTC,oos_warm,0.029005,0.072477,0.167181,0.094336,0.160799,0.094704,0.021859,0.088322,0.006382,9.895e-15,5.482e-15
wan394_leave_one_out.csv,첫탭만·재진입끔·0.6R · multiple=0.6 · reentry=False · exclude=-SOL,full,0.026244,0.065577,0.158702,0.085569,0.146242,0.093125,0.019992,0.080666,0.012460,9.298e-15,3.623e-14
wan394_leave_one_out.csv,첫탭만·재진입끔·0.6R · multiple=0.6 · reentry=False · exclude=-SOL,oos_warm,0.029052,0.072594,0.165338,0.094294,0.160809,0.092744,0.021701,0.088216,0.004528,1.002e-14,4.927e-15
wan394_leave_one_out.csv,첫탭만·재진입끔·0.6R · multiple=0.6 · reentry=False · exclude=-TRX,full,0.025617,0.064011,0.165112,0.083182,0.142429,0.101100,0.019171,0.078417,0.022683,8.785e-15,3.797e-14
wan394_leave_one_out.csv,첫탭만·재진입끔·0.6R · multiple=0.6 · reentry=False · exclude=-TRX,oos_warm,0.028553,0.071346,0.170597,0.092399,0.157942,0.099251,0.021053,0.086595,0.012655,9.728e-15,7.425e-15
wan394_leave_one_out.csv,첫탭만·재진입끔·0.6R · multiple=0.6 · reentry=False · exclude=-XRP,full,0.025950,0.064843,0.162040,0.084407,0.144294,0.097197,0.019564,0.079451,0.017746,9.256e-15,3.759e-14
wan394_leave_one_out.csv,첫탭만·재진입끔·0.6R · multiple=0.6 · reentry=False · exclude=-XRP,oos_warm,0.029004,0.072474,0.167323,0.094211,0.160651,0.094849,0.021737,0.088177,0.006672,9.812e-15,5.745e-15
wan394_leave_one_out.csv,첫탭만·재진입끔·0.6R · multiple=0.6 · reentry=False · exclude=-new3,full,0.026497,0.066208,0.164918,0.086297,0.147327,0.098710,0.020089,0.081119,0.017591,9.617e-15,3.132e-14
wan394_leave_one_out.csv,첫탭만·재진입끔·0.6R · multiple=0.6 · reentry=False · exclude=-new3,oos_warm,0.029599,0.073960,0.169310,0.096419,0.164191,0.095350,0.022459,0.090231,0.005119,1.005e-14,3.345e-15
wan394_leave_one_out.csv,첫탭만·재진입끔·1.5R · multiple=1.5 · reentry=False · exclude=-ADA,full,0.026107,0.065235,0.127896,0.102483,0.170534,0.062661,0.037248,0.105300,-0.042638,1.128e-14,2.394e-16
wan394_leave_one_out.csv,첫탭만·재진입끔·1.5R · multiple=1.5 · reentry=False · exclude=-ADA,oos_warm,0.029438,0.073558,0.125212,0.115919,0.191617,0.051655,0.042362,0.118060,-0.066405,1.213e-14,3.816e-17
wan394_leave_one_out.csv,첫탭만·재진입끔·1.5R · multiple=1.5 · reentry=False · exclude=-BCH,full,0.026013,0.065000,0.129347,0.101991,0.170070,0.064347,0.036991,0.105071,-0.040723,1.150e-14,4.267e-16
wan394_leave_one_out.csv,첫탭만·재진입끔·1.5R · multiple=1.5 · reentry=False · exclude=-BCH,oos_warm,0.029249,0.073085,0.117071,0.115364,0.190837,0.043985,0.042279,0.117751,-0.073766,1.234e-14,2.604e-16
wan394_leave_one_out.csv,첫탭만·재진입끔·1.5R · multiple=1.5 · reentry=False · exclude=-BNB,full,0.025783,0.064424,0.126867,0.101130,0.168759,0.062443,0.036706,0.104334,-0.041891,1.123e-14,1.978e-16
wan394_leave_one_out.csv,첫탭만·재진입끔·1.5R · multiple=1.5 · reentry=False · exclude=-BNB,oos_warm,0.028803,0.071972,0.130502,0.113018,0.186974,0.058530,0.041047,0.115003,-0.056473,1.210e-14,2.082e-17
wan394_leave_one_out.csv,첫탭만·재진입끔·1.5R · multiple=1.5 · reentry=False · exclude=-BTC,full,0.025560,0.063867,0.121747,0.100361,0.166968,0.057881,0.036494,0.103101,-0.045220,1.048e-14,2.776e-16
wan394_leave_one_out.csv,첫탭만·재진입끔·1.5R · multiple=1.5 · reentry=False · exclude=-BTC,oos_warm,0.028647,0.071581,0.127040,0.112525,0.185838,0.055459,0.040944,0.114258,-0.058798,1.199e-14,1.665e-16
wan394_leave_one_out.csv,첫탭만·재진입끔·1.5R · multiple=1.5 · reentry=False · exclude=-DOGE,full,0.026148,0.065337,0.121353,0.102693,0.170852,0.056016,0.037356,0.105515,-0.049500,1.155e-14,2.880e-16
wan394_leave_one_out.csv,첫탭만·재진입끔·1.5R · multiple=1.5 · reentry=False · exclude=-DOGE,oos_warm,0.029422,0.073519,0.127449,0.115693,0.191247,0.053930,0.042174,0.117728,-0.063798,1.230e-14,2.168e-16
wan394_leave_one_out.csv,첫탭만·재진입끔·1.5R · multiple=1.5 · reentry=False · exclude=-DOT,full,0.026237,0.065559,0.128469,0.102956,0.171539,0.062910,0.037397,0.105980,-0.043070,1.067e-14,3.157e-16
wan394_leave_one_out.csv,첫탭만·재진입끔·1.5R · multiple=1.5 · reentry=False · exclude=-DOT,oos_warm,0.029377,0.073406,0.123949,0.115677,0.191396,0.050543,0.042271,0.117990,-0.067447,1.224e-14,1.388e-16
wan394_leave_one_out.csv,첫탭만·재진입끔·1.5R · multiple=1.5 · reentry=False · exclude=-ETH,full,0.025893,0.064701,0.124339,0.101656,0.169228,0.059639,0.036955,0.104527,-0.044889,1.114e-14,3.782e-16
wan394_leave_one_out.csv,첫탭만·재진입끔·1.5R · multiple=1.5 · reentry=False · exclude=-ETH,oos_warm,0.029144,0.072825,0.119255,0.114862,0.189729,0.046430,0.042038,0.116904,-0.070474,1.207e-14,1.128e-16
wan394_leave_one_out.csv,첫탭만·재진입끔·1.5R · multiple=1.5 · reentry=False · exclude=-LINK,full,0.026275,0.065655,0.127500,0.103115,0.171580,0.061844,0.037459,0.105924,-0.044080,1.102e-14,3.886e-16
wan394_leave_one_out.csv,첫탭만·재진입끔·1.5R · multiple=1.5 · reentry=False · exclude=-LINK,oos_warm,0.029349,0.073335,0.125576,0.115525,0.190907,0.052241,0.042191,0.117573,-0.065331,1.213e-14,8.847e-17
wan394_leave_one_out.csv,첫탭만·재진입끔·1.5R · multiple=1.5 · reentry=False · exclude=-LTC,full,0.026047,0.065086,0.130896,0.102111,0.169966,0.065810,0.037025,0.104880,-0.039071,1.110e-14,3.123e-17
wan394_leave_one_out.csv,첫탭만·재진입끔·1.5R · multiple=1.5 · reentry=False · exclude=-LTC,oos_warm,0.029182,0.072920,0.130913,0.114656,0.189489,0.057994,0.041737,0.116570,-0.058576,1.212e-14,1.422e-16
wan394_leave_one_out.csv,첫탭만·재진입끔·1.5R · multiple=1.5 · reentry=False · exclude=-SOL,full,0.026306,0.065733,0.123536,0.103314,0.172116,0.057803,0.037581,0.106384,-0.048581,1.124e-14,3.400e-16
wan394_leave_one_out.csv,첫탭만·재진입끔·1.5R · multiple=1.5 · reentry=False · exclude=-SOL,oos_warm,0.029224,0.073023,0.122424,0.115028,0.190202,0.049401,0.042004,0.117179,-0.067778,1.237e-14,1.344e-16
wan394_leave_one_out.csv,첫탭만·재진입끔·1.5R · multiple=1.5 · reentry=False · exclude=-TRX,full,0.025684,0.064177,0.131429,0.100529,0.167888,0.067252,0.036352,0.103711,-0.036459,1.081e-14,4.476e-16
wan394_leave_one_out.csv,첫탭만·재진입끔·1.5R · multiple=1.5 · reentry=False · exclude=-TRX,oos_warm,0.028760,0.071863,0.129485,0.112866,0.187214,0.057622,0.041003,0.115351,-0.057729,1.171e-14,2.706e-16
wan394_leave_one_out.csv,첫탭만·재진입끔·1.5R · multiple=1.5 · reentry=False · exclude=-XRP,full,0.026029,0.065039,0.125695,0.102125,0.170033,0.060656,0.037087,0.104995,-0.044339,1.127e-14,5.898e-17
wan394_leave_one_out.csv,첫탭만·재진입끔·1.5R · multiple=1.5 · reentry=False · exclude=-XRP,oos_warm,0.029210,0.072989,0.127390,0.114870,0.189866,0.054401,0.041881,0.116877,-0.062476,1.205e-14,3.730e-16
wan394_leave_one_out.csv,첫탭만·재진입끔·1.5R · multiple=1.5 · reentry=False · exclude=-new3,full,0.026488,0.066186,0.125624,0.104029,0.172668,0.059438,0.037843,0.106482,-0.047044,1.141e-14,2.012e-16
wan394_leave_one_out.csv,첫탭만·재진입끔·1.5R · multiple=1.5 · reentry=False · exclude=-new3,oos_warm,0.029666,0.074128,0.134744,0.116638,0.192474,0.060617,0.042510,0.118346,-0.057729,1.216e-14,3.782e-16
