arm,guard,multiple,segment,adopted_point,num_cells,num_symbols,num_trades,win_rate,mean_net_r,mean_gross_r,total_return_flat,max_drawdown,return_over_mdd,peak_concurrency,max_concurrent_risk,max_effective_concurrent_risk,clamp_rate,mean_effective_risk,liquidation_events,guard_cut,guard_kept,symbols_below_gate,min_symbol_trades,lens,net_r_stderr,gross_r,cost_r,breakeven_win_rate,breakeven_win_rate_zero_cost,win_rate_margin,same_step_tp_trades,same_step_tp_trade_share,same_step_tp_net_r_share,exclude
기준,0.003,1.5,full,False,44,11,46015,0.40551993915027706,-0.09484302238913869,-0.025333980847863247,-25.871911460164437,16.938501348552098,-1.5274026271737415,22,97.21662296151227,97.21662296151227,0.6068238617842008,0.052121395425067246,40453,16704,95866,0,3090,baseline,0.0059393047142002,0.013767036757219814,0.10861005914635952,0.4434440236585438,0.4,-0.03792408450826673,3946,0.08575464522438335,,-ADA
기준,0.003,1.5,oos_warm,False,44,11,13779,0.4024239785180347,-0.11566746470399684,-0.03815689896394379,-9.653442749466135,9.326154680902626,-1.0350935706903623,16,470.70724377587294,470.70724377587294,0.6976558531098048,0.04872024678330066,11376,16704,95866,0,685,baseline,0.01088321163217058,0.005950373494699921,0.12161783819869688,0.4486471352794788,0.4,-0.04622315676144412,936,0.06792945787067277,,-ADA
기준,0.003,1.5,full,False,44,11,45782,0.4043510549997816,-0.09811771353495244,-0.028242293070895416,-27.264965409177115,17.264002209220607,-1.5792957553385303,23,61.55465650322021,61.55465650322021,0.6077716132978026,0.04368180611080264,40482,16564,95938,0,3109,baseline,0.005950687532624894,0.010877927871606064,0.10899564140655907,0.44359825656262364,0.4,-0.03924720156284206,3830,0.08365733257612162,,-BCH
기준,0.003,1.5,oos_warm,False,44,11,13675,0.39882998171846434,-0.12488040219129397,-0.0471513318014577,-10.59689744761624,8.306907617164761,-1.2756729623090568,16,27.104636608003826,27.104636608003826,0.6992321755027422,0.023151111693537358,10947,16564,95938,0,688,baseline,0.010906169693879716,-0.0029240735782180044,0.12195632861307598,0.4487825314452304,0.4,-0.04995254972676605,892,0.06522851919561243,,-BCH
기준,0.003,1.5,full,False,44,11,46579,0.40380858326713753,-0.09816131866427345,-0.029115946364546452,-27.86616830678141,19.46988445727754,-1.4312446675237187,24,131.5573183437847,131.5573183437847,0.5971145795315486,0.08904299267655011,41464,15874,97253,0,3096,baseline,0.005895527502895154,0.009541289508428056,0.10770260817270194,0.44308104326908077,0.4,-0.03927246000194323,3986,0.08557504454797227,,-BNB
기준,0.003,1.5,oos_warm,False,44,11,14075,0.4007815275310835,-0.11764942293843529,-0.04140162085006543,-10.389213410186223,9.797747667490752,-1.0603675214721004,16,567.4723169103185,567.4723169103185,0.688809946714032,0.0830381193070313,11636,15874,97253,0,687,baseline,0.010753220702602834,0.002019447532012094,0.11966887047044743,0.447867548188179,0.4,-0.047086020657095495,935,0.06642984014209591,,-BNB
기준,0.003,1.5,full,False,44,11,46850,0.4025186766275347,-0.10033517050426746,-0.0321748147157445,-28.577941258282582,26.57806445572647,-1.075245389139886,24,160.5905347808735,160.5905347808735,0.5933617929562434,0.14979595764541814,43918,15596,96843,0,3114,baseline,0.005875086304923079,0.006316408196650378,0.10665157870091847,0.44266063148036744,0.4,-0.04014195485283273,3958,0.08448239060832444,,-BTC
기준,0.003,1.5,oos_warm,False,44,11,14159,0.39974574475598557,-0.11947398606511178,-0.0438460536405425,-10.34104131171008,9.144690527654117,-1.1308246332052598,16,66.60575092197855,66.60575092197855,0.6851472561621583,0.05740338339384349,11492,15596,96843,0,691,baseline,0.01071557754859411,-0.0005703987560512279,0.11890358730906055,0.4475614349236242,0.4,-0.04781569016763865,936,0.06610636344374603,,-BTC
기준,0.003,1.5,full,False,44,11,45849,0.40373835852472245,-0.0996926751599447,-0.029915644107822274,-27.80291301555335,25.515280264550153,-1.0896573632460365,22,307.39402241084366,307.39402241084366,0.6084756483238457,0.10196227871442136,43991,16746,95723,0,3104,baseline,0.005946067664755077,0.00936575345580496,0.1090584286157501,0.44362337144630004,0.4,-0.03988501292157759,3837,0.08368775763920697,,-DOGE
기준,0.003,1.5,oos_warm,False,44,11,13722,0.4025652237283195,-0.11519993898367421,-0.03765154094231135,-9.47674154467485,8.49083562825963,-1.1161141211041559,16,100.15123073810003,100.15123073810003,0.6999708497303601,0.04888473691573967,11219,16746,95723,0,695,baseline,0.010909038966081731,0.006479407534995014,0.12167934651866942,0.4486717386074678,0.4,-0.0461065148791483,913,0.06653549045328669,,-DOGE
기준,0.003,1.5,full,False,44,11,45675,0.4044006568144499,-0.09852720886830595,-0.028443963499611435,-26.827943584818147,20.06140848084553,-1.3372911284087183,21,382.1138418403372,382.1138418403372,0.607991242474001,0.09659302798197009,41194,16557,95695,0,3080,baseline,0.005960541380711726,0.01096858667506229,0.1094957955433691,0.4437983182173476,0.4,-0.03939766140289769,3891,0.0851888341543514,,-DOT
기준,0.003,1.5,oos_warm,False,44,11,13755,0.400945110868775,-0.11967707743824867,-0.04202192624399377,-9.988390475727707,8.740381870978773,-1.1427865078633204,16,81.14821599255887,81.14821599255887,0.6949472918938567,0.05627907464857279,11079,16557,95695,0,686,baseline,0.010888220764697221,0.0022530131867299166,0.12193009062497866,0.4487720362499915,0.4,-0.04782692538121652,910,0.06615776081424936,,-DOT
기준,0.003,1.5,full,False,44,11,46217,0.4046130211826817,-0.0961759175112619,-0.027260415475098193,-26.893293288051105,21.900930460292482,-1.2279520880087735,24,315.032227879577,315.032227879577,0.5988056342904127,0.11753345414390713,41259,16244,96209,0,3119,baseline,0.005921961866492076,0.011499885245331153,0.10767580275659393,0.44307032110263755,0.4,-0.038457299919955834,3876,0.0838652443905922,,-ETH
기준,0.003,1.5,oos_warm,False,44,11,13717,0.3979004155427572,-0.12588222697943022,-0.04922370816638612,-10.835460309981794,10.191858579363618,-1.063148612748742,17,117.40040990501547,117.40040990501547,0.6889990522709047,0.053851462822326106,11207,16244,96209,0,698,baseline,0.010881061696826691,-0.005359029205841575,0.1205231977735886,0.4482092791094354,0.4,-0.05030886356667824,881,0.06422687176496318,,-ETH
기준,0.003,1.5,full,False,44,11,45847,0.4040613344384584,-0.09929478363611195,-0.029336418530824155,-26.916957583185507,19.395145776025508,-1.3878192973655177,24,3268.931257534906,3268.931257534906,0.6100944445656205,0.20700164274082564,41649,16637,95965,0,3082,baseline,0.0059485457647100205,0.01012040474586059,0.10941518838197299,0.44376607535278917,0.4,-0.039704740914330794,3937,0.08587257617728532,,-LINK
기준,0.003,1.5,oos_warm,False,44,11,13826,0.4017069289743961,-0.11734822086606284,-0.039984203904019085,-9.865725388488837,8.82884346447075,-1.1174425538509922,16,154.3637470941669,154.3637470941669,0.6963691595544627,0.04523796265884856,11298,16637,95965,0,686,baseline,0.010862425325968173,0.0041581221165535994,0.12150634298261644,0.44860253719304655,0.4,-0.046895608218650464,938,0.06784319398235208,,-LINK
기준,0.003,1.5,full,False,44,11,45875,0.40479564032697546,-0.09667040132165511,-0.027157230215917923,-26.64021032145935,20.146525143919206,-1.3223228388593913,22,107.61369091678797,107.61369091678797,0.6061471389645776,0.10015438748943735,41326,16383,95854,0,3090,baseline,0.005946476206496114,0.01195618956694212,0.10862659088859834,0.44345063635543935,0.4,-0.038654996028463895,3882,0.08462125340599455,,-LTC
기준,0.003,1.5,oos_warm,False,44,11,13776,0.4011324041811847,-0.11846572701324096,-0.0413085133093951,-9.978337789623357,8.923027411181703,-1.1182681986518628,17,111.09731538029575,111.09731538029575,0.6955574912891986,0.061088708136875884,11058,16383,95854,0,689,baseline,0.010877621638397492,0.002721413790902279,0.12118714080414332,0.44847485632165734,0.4,-0.04734245214047267,920,0.06678281068524972,,-LTC
기준,0.003,1.5,full,False,44,11,45906,0.4020607328018124,-0.10474003800547953,-0.03443942651779167,-28.86611924858184,15.705978942827036,-1.8379064019925402,23,1049.8624719418183,1049.8624719418183,0.6121204199886725,0.10007144012235851,39345,16748,96023,0,3073,baseline,0.005939669483470197,0.005171954080361379,0.10991199208584192,0.4439647968343368,0.4,-0.04190406403252439,3903,0.08502156580839106,,-SOL
기준,0.003,1.5,oos_warm,False,44,11,13666,0.3982145470510757,-0.12573728467948272,-0.0485062063238062,-10.722438205432175,9.633969262614881,-1.1129823973013027,16,219.58008811418853,219.58008811418853,0.6943509439484853,0.10107496418546633,11377,16748,96023,0,684,baseline,0.010906033599452563,-0.004396039513166237,0.12134124516631642,0.4485364980665266,0.4,-0.05032195101545095,879,0.06432021074198742,,-SOL
기준,0.003,1.5,full,False,44,11,47128,0.4062977423187914,-0.09146690002104471,-0.022645423305840313,-26.50191695620677,17.36099766502294,-1.5265203917168866,21,370.34267494122753,370.34267494122753,0.597500424376167,0.12224580394507581,41298,15275,99027,0,3729,baseline,0.005865837670718134,0.01571231956339055,0.10717921958443663,0.4428716878337746,0.4,-0.03657394551498322,4057,0.08608470548294007,,-TRX
기준,0.003,1.5,oos_warm,False,44,11,14342,0.402942406916748,-0.11238135345927186,-0.035889423028436264,-10.230847724618792,9.173637786736586,-1.115244351527672,17,194.2458438018091,194.2458438018091,0.6892344163993864,0.046397326487367004,11431,15275,99027,0,1053,baseline,0.010659050835900396,0.00725074580835802,0.11963209926762985,0.4478528397070519,0.4,-0.044910432790303934,962,0.06707572165667271,,-TRX
기준,0.003,1.5,full,False,44,11,45795,0.40556829348182116,-0.09468401289595602,-0.02516583589927488,-25.868409822577117,24.14685828670634,-1.071295052773741,22,243.82503848047145,243.82503848047145,0.6065072606179714,0.11102458667725101,41333,16505,96177,0,3083,baseline,0.005953499371952297,0.01388776496087935,0.10857177785683608,0.4434287111427344,0.4,-0.03786041766091325,3861,0.08431051424828039,,-XRP
기준,0.003,1.5,oos_warm,False,44,11,13882,0.4032560149834318,-0.11273488065573509,-0.03577300671991181,-9.655161397482923,8.875286345560257,-1.087870410210797,16,50.26481251232389,50.26481251232389,0.6960812563031263,0.03671933478183961,11095,16505,96177,0,689,baseline,0.010844848926221463,0.008031277653325924,0.12076615830906094,0.44830646332362434,0.4,-0.04505044834019256,940,0.06771358593862556,,-XRP
기준,0.003,1.5,full,False,36,9,38109,0.40457634679472043,-0.09843926481136657,-0.028305217930455942,-21.984351496449825,20.63190877435389,-1.065551022781618,19,6129.113952899195,6129.113952899195,0.6073630900837073,1.4322084585323032,36151,14160,77256,0,3193,baseline,0.006529086607021562,0.011464757149103949,0.10990402196047064,0.4439616087841882,0.4,-0.03938526198946779,3122,0.08192290535044215,,-new3
기준,0.003,1.5,oos_warm,False,36,9,11467,0.40524984738815734,-0.10898639373538445,-0.031268456390596125,-6.991174711290171,6.245102427700304,-1.1194651796711363,14,44.90725274152493,44.90725274152493,0.6946891078747711,0.030833024767031977,9021,14160,77256,0,713,baseline,0.01195694573260107,0.013204014144519128,0.1221904078799036,0.44887616315196144,0.4,-0.0436263157638041,766,0.06680038370977588,,-new3
기준,0.003,0.4,full,False,44,11,70066,0.7695458567636229,0.004554183082830794,0.06297729964241323,6.202136843284913,0.5919440771498654,10.477572261804534,19,0.07225009986557845,0.07225009986557845,0.5777552593269203,0.0013726165302681663,0,16704,95866,0,4509,baseline,0.002369292891540599,0.07737056346450544,0.07281638038170535,0.766297414558361,0.7142857142857143,0.003248442205261881,30190,0.43087945651243115,32.03791273779619,-ADA
기준,0.003,0.4,oos_warm,False,44,11,20887,0.7762723224972471,0.006266139637106133,0.07149923584670073,1.1474273982554284,1.0722713815235267,1.0700904808492762,15,95.89060703068209,95.89060703068209,0.6712787858476564,0.01861330016937628,856,16704,95866,0,941,baseline,0.004310642894492893,0.08680259968911878,0.08053646005198829,0.7718117571799916,0.7142857142857143,0.0044605653172554716,8289,0.3968497151338153,20.87611778164285,-ADA
기준,0.003,0.4,full,False,44,11,69877,0.7707686363181018,0.006384670024979881,0.06480313569615787,6.701117321801452,0.583858571273273,11.477295447059587,18,0.061316267686600034,0.061316267686600034,0.5773287347768221,0.0012376893417207348,0,16564,95938,0,4517,baseline,0.0023675553880593155,0.07908247205380535,0.07269780202886035,0.7662127157349004,0.7142857142857143,0.004555920583201423,30042,0.42992687150278347,22.7872965003506,-BCH
기준,0.003,0.4,oos_warm,False,44,11,20624,0.7757951900698216,0.005546158362671938,0.07084231197451285,0.9032354111731271,1.1436854562630367,0.7897585881037833,15,21.030295112390725,21.030295112390725,0.6712567882079131,0.010398280681605277,2826,16564,95938,0,945,baseline,0.004340070240115416,0.08613488652572683,0.080588728163032,0.7718490915450229,0.7142857142857143,0.003946098524798658,8146,0.3949767261442979,23.44955286259491,-BCH
기준,0.003,0.4,full,False,44,11,70921,0.769292593167045,0.005081178172634744,0.06282047591397188,6.260471842484229,0.6279000723116764,9.970490717473053,20,0.06447074677703848,0.06447074677703848,0.5684776018386656,0.0013834480383239612,0,15874,97253,0,4513,baseline,0.0023536612002287966,0.07701591770708444,0.07193473953447885,0.7656676710960564,0.7142857142857143,0.0036249220709886343,30514,0.43025338052198925,28.71429169854616,-BNB
기준,0.003,0.4,oos_warm,False,44,11,21293,0.7782369792889682,0.010507511638813513,0.07467567010860213,1.7270292784046148,1.0556753140587167,1.6359473934885982,15,158.2522502398453,158.2522502398453,0.6616258864415535,0.01598903615937821,457,15874,97253,0,940,baseline,0.004250354067830217,0.0895527121451533,0.07904520050630973,0.7707465717902213,0.7142857142857143,0.007490407498746854,8494,0.3989104400507209,12.545998373294973,-BNB
기준,0.003,0.4,full,False,44,11,70889,0.767820113134619,0.003441629907279996,0.06075815499912714,5.2424857865817405,0.7023200887220741,7.464524895081459,17,0.06828828787862724,0.06828828787862724,0.5658141601658931,0.0014827309594342278,0,15596,96843,0,4521,baseline,0.002358493029429051,0.07495444849983557,0.0715128185925744,0.7653662989946961,0.7142857142857143,0.0024538141399228497,30546,0.4308990111300766,42.502900154489666,-BTC
기준,0.003,0.4,oos_warm,False,44,11,21313,0.7758175761272463,0.007191226391976247,0.07115578874110147,1.2450776010050981,1.1594047934526182,1.0738937841522571,15,62.17256232711898,62.17256232711898,0.6596443485196828,0.010746838173319036,2371,15596,96843,0,944,baseline,0.004264251529360085,0.08616552806768663,0.07897430167568734,0.7706959297683482,0.7142857142857143,0.005121646358898113,8564,0.4018204851499085,18.48441064973268,-BTC
기준,0.003,0.4,full,False,44,11,69623,0.769329101015469,0.003909528715635616,0.06260607886587843,5.454294400015212,0.6353007801766114,8.585373369916116,20,0.0701754547207772,0.0701754547207772,0.5809861683639027,0.001500163652223923,0,16746,95723,0,4513,baseline,0.002377926551008124,0.07706074142163197,0.0731512127060222,0.7665365805043017,0.7142857142857143,0.0027925205111672957,29675,0.42622409261307326,36.8656692310644,-DOGE
기준,0.003,0.4,oos_warm,False,44,11,20641,0.7768034494452788,0.0066667956456005675,0.07214689891151024,1.2338956157417535,1.0594488316960071,1.1646580550440413,15,22.1993144108292,22.1993144108292,0.6736107746717698,0.01256390543664192,472,16746,95723,0,939,baseline,0.004335645979906152,0.08752482922341297,0.08085803357778934,0.7720414525555639,0.7142857142857143,0.004761996889714903,8092,0.39203526960903057,19.364605983927547,-DOGE
기준,0.003,0.4,full,False,44,11,69685,0.7690177226088828,0.003462434678377611,0.06214782046491344,5.361887225071078,0.6224404398446719,8.61429766100853,19,0.05975661043791649,0.05975661043791649,0.5804549042118103,0.0013882811373160718,0,16557,95695,0,4514,baseline,0.0023783154692730906,0.07663121044276489,0.07316877576441735,0.7665491255460124,0.7142857142857143,0.0024685970628703924,29898,0.4290449881610103,41.927576973788305,-DOT
기준,0.003,0.4,oos_warm,False,44,11,20821,0.7737860813601652,0.0027535898260348606,0.06789625310508245,0.5893387314926462,1.160026283500989,0.5080391193499572,15,145.6182730484015,145.6182730484015,0.6675952163680899,0.020818829017722577,2669,16557,95695,0,941,baseline,0.004333661069320373,0.08332192976833917,0.08056833994228155,0.7718345285302012,0.7142857142857143,0.001951552829964065,8193,0.39349695019451514,47.11362187068502,-DOT
기준,0.003,0.4,full,False,44,11,70051,0.7683544845897988,0.0034844790640918295,0.061414905819054434,5.1353240471792505,0.6709504504808325,7.653805200516748,18,0.0680857463187195,0.0680857463187195,0.5708269689226421,0.0013751030729173155,0,16244,96209,0,4518,baseline,0.002371667296391492,0.07570264378387292,0.07221816471981125,0.7658701176570081,0.7142857142857143,0.002484366932790749,29914,0.4270317340223551,41.533435895074696,-ETH
기준,0.003,0.4,oos_warm,False,44,11,20472,0.7720789370847988,0.0007638311678608988,0.06555579639611632,0.14639332937056915,1.3140068598577523,0.11140986690618719,18,4.897447739607878,4.897447739607878,0.664126611957796,0.010409786324376473,5373,16244,96209,0,944,baseline,0.00437768717729519,0.08093229287350924,0.08016846170563062,0.7715489012183077,0.7142857142857143,0.0005300358664911409,7931,0.38740719030871434,167.17508912452357,-ETH
기준,0.003,0.4,full,False,44,11,69959,0.7694506782544062,0.003972875838987391,0.06272239199509988,5.84654473433667,0.6357723798130861,9.195971577210582,19,0.07666809734335037,0.07666809734335037,0.5815834989065024,0.001438081144473724,0,16637,95965,0,4507,baseline,0.0023727796618537205,0.0772373232851263,0.0732644474461678,0.7666174624615485,0.7142857142857143,0.0028332157928576684,30142,0.4308523563801655,36.69440975251645,-LINK
기준,0.003,0.4,oos_warm,False,44,11,20920,0.776338432122371,0.0064133986817254815,0.07155866740921556,1.2461004519222136,1.1068913758278034,1.125765797018972,15,28.937461677958876,28.937461677958876,0.6698374760994263,0.018546364859378217,1153,16637,95965,0,939,baseline,0.0043082036902583045,0.08689511948884321,0.08048172080709481,0.7717726577193534,0.7142857142857143,0.004565774403017531,8332,0.3982791586998088,20.487806369205213,-LINK
기준,0.003,0.4,full,False,44,11,69783,0.7702592321912214,0.005655801743762342,0.0640068552155056,6.871970498766109,0.5710312715517931,12.034315528975045,20,0.06809106474433924,0.06809106474433924,0.5775475402318616,0.0013617364502076178,0,16383,95854,0,4513,baseline,0.0023718618392990732,0.07836931487187361,0.07271351312814357,0.766223937948674,0.7142857142857143,0.004035294242547338,29918,0.42872906008626743,25.661971329108272,-LTC
기준,0.003,0.4,oos_warm,False,44,11,20770,0.777130476649013,0.007829239196714579,0.07274827735592237,1.6523796064566956,1.0473198817158638,1.5777219885767275,15,13.275091010855729,13.275091010855729,0.6672123254694271,0.008905357895365881,378,16383,95854,0,942,baseline,0.004318244011977839,0.08800413575862262,0.08017489656188521,0.7715534975442038,0.7142857142857143,0.005576979104809254,8239,0.3966779008184882,16.71433569442778,-LTC
기준,0.003,0.4,full,False,44,11,69905,0.7671840354767184,0.0005457775186437473,0.05943280213949612,3.724626343163135,0.7811765452745634,4.767970013556955,19,0.06619239349303727,0.06619239349303727,0.5823474715685574,0.0016151237105262227,0,16748,96023,0,4506,baseline,0.002381313777709642,0.07406402831993697,0.07351825080130765,0.7667987505723627,0.7142857142857143,0.0003852849043557427,29939,0.42828123882411845,265.43710598704087,-SOL
기준,0.003,0.4,oos_warm,False,44,11,20671,0.7746601519036331,0.004297000778014168,0.06924823760979579,0.8431781267461349,1.1459092277294753,0.7358158101377915,15,209.97031939259534,209.97031939259534,0.6665860384113008,0.022207632816719964,3190,16748,96023,0,937,baseline,0.004341596556322582,0.08454578393433117,0.08024878315629533,0.7716062736830681,0.7142857142857143,0.0030538782205650206,8117,0.3926757292825698,30.131515510459053,-SOL
기준,0.003,0.4,full,False,44,11,72058,0.7711010574814733,0.007936645838446735,0.06552565541690468,7.693981841138457,0.5674347180156629,13.559237030903843,20,0.06885110953869589,0.06885110953869589,0.5686391517943878,0.00124106321126572,0,15275,99027,0,5755,baseline,0.0023278302741489443,0.07954766854066687,0.07161102270225879,0.7654364447873278,0.7142857142857143,0.005664612694145532,31046,0.43084737294956843,18.408124756330466,-TRX
기준,0.003,0.4,oos_warm,False,44,11,21847,0.7792831967775896,0.012151635807441266,0.07633122824045854,1.8782286011943674,1.0687755125128113,1.7573649276249237,15,46.34130735666825,46.34130735666825,0.6620588639172427,0.013172349000766087,698,15275,99027,0,1568,baseline,0.004185619734579654,0.09101688560016516,0.07886524979269226,0.7706180355662088,0.7142857142857143,0.008665161211380834,8769,0.4013823408248272,10.904930072320935,-TRX
기준,0.003,0.4,full,False,44,11,69860,0.7719725164614945,0.00838770659484503,0.06661431833065519,7.718349432772369,0.5214756774833069,14.800976854801522,19,0.0695097881904993,0.0695097881904993,0.5766676209561981,0.0012801155252239783,0,16505,96177,0,4507,baseline,0.0023627485824977298,0.08076790580737807,0.07238019921257234,0.7659858565804089,0.7142857142857143,0.005986659881085599,29985,0.42921557400515314,17.321376335125795,-XRP
기준,0.003,0.4,oos_warm,False,44,11,20997,0.7772538934133447,0.008349402277646025,0.07306419298357686,1.5290242301067534,1.079636415528802,1.4162399564466734,15,62.02249356722425,62.02249356722425,0.6673810544363481,0.01732704767988537,1153,16505,96177,0,937,baseline,0.004290297593828499,0.08817668713181055,0.07982728485414016,0.771305203467243,0.7142857142857143,0.0059486899461017595,8366,0.39843787207696335,15.756822692340103,-XRP
기준,0.003,0.4,full,False,36,9,56600,0.7701413427561837,0.0039791522168691855,0.06346718683007091,5.066481814374524,0.5712538238429993,8.869055405687703,19,0.08831179767789062,0.08831179767789062,0.5887455830388693,0.0018303439378971858,0,14160,77256,0,4532,baseline,0.0026384641070546465,0.0781978798586916,0.07421872764178841,0.7672990911727061,0.7142857142857143,0.0028422515834776174,24046,0.42484098939929327,36.03113794332882,-new3
기준,0.003,0.4,oos_warm,False,36,9,16824,0.7781740370898717,0.007651830710759891,0.07376420975958146,1.5541260113360869,0.8496062787858124,1.8292308450887584,13,0.16018820685769558,0.16018820685769558,0.6761174512601046,0.004897211948525905,0,14160,77256,0,941,baseline,0.004803138943955888,0.08944365192582467,0.08179182121506079,0.7727084437250434,0.7142857142857143,0.005465593364828214,6608,0.3927722301474085,16.89131092572023,-new3
