scenario,k,variant,scope,segment,exclude,num_cells,num_symbols,num_trades,win_rate,total_return,max_drawdown,peak_concurrency,max_concurrent_risk,max_effective_concurrent_risk,max_open_notional_ratio,liquidation_events
k1.00_pure,1.0,pure,4h,full,,12,12,883,0.5866364665911665,26.016379856437254,0.15868281230649592,7,0.06999999999999999,0.06999999999999999,3.4278398192736965,0
k1.00_pure,1.0,pure,4h,oos_warm,,12,12,334,0.5508982035928144,1.5156507483786468,0.08282456378986311,6,0.060000000000000005,0.060000000000000005,3.4278398192736965,0
k1.00_pure,1.0,pure,4h,oos,,12,12,301,0.5282392026578073,0.9553985381493261,0.1041516191514626,6,0.06,0.06,3.4278398192736965,0
k1.00_observed,1.0,observed,4h,full,,12,12,883,0.5866364665911665,26.016379856437254,0.15868281230649592,7,0.06999999999999999,0.06999999999999999,3.4278398192736965,0
k1.00_observed,1.0,observed,4h,oos_warm,,12,12,334,0.5508982035928144,1.5156507483786468,0.08282456378986311,6,0.060000000000000005,0.060000000000000005,3.4278398192736965,0
k1.00_observed,1.0,observed,4h,oos,,12,12,301,0.5282392026578073,0.9553985381493261,0.1041516191514626,6,0.06,0.06,3.4278398192736965,0
k1.25_pure,1.25,pure,4h,full,,12,12,883,0.5866364665911665,9.869824747685518,0.21744356865376366,7,0.07000000000000002,0.08750000000000002,3.4278398192736965,0
k1.25_pure,1.25,pure,4h,oos_warm,,12,12,334,0.5508982035928144,0.742651685238595,0.12597496047502205,6,0.060000000000000005,0.07500000000000001,3.4278398192736965,0
k1.25_pure,1.25,pure,4h,oos,,12,12,301,0.5282392026578073,0.38274155761224704,0.14684667328519874,6,0.060000000000000005,0.075,3.427839819273697,0
k1.25_observed,1.25,observed,4h,full,,12,12,883,0.5866364665911665,16.73445297027018,0.18421219822265444,7,0.06999999999999999,0.0875,3.427839819273697,0
k1.25_observed,1.25,observed,4h,oos_warm,,12,12,334,0.5508982035928144,1.1316702012765119,0.1028968822013331,6,0.06000000000000001,0.07500000000000001,3.4278398192736965,0
k1.25_observed,1.25,observed,4h,oos,,12,12,301,0.5282392026578073,0.6668657376054398,0.12585087777196785,6,0.060000000000000005,0.07500000000000001,3.427839819273697,0
k1.50_pure,1.5,pure,4h,full,,12,12,883,0.5866364665911665,3.352120832038614,0.33919585115694445,7,0.06999999999999999,0.105,3.427839819273696,0
k1.50_pure,1.5,pure,4h,oos_warm,,12,12,334,0.5508982035928144,0.20473932320998084,0.17097678781203818,6,0.060000000000000005,0.09000000000000001,3.4278398192736974,0
k1.50_pure,1.5,pure,4h,oos,,12,12,301,0.5282392026578073,-0.024008973503151173,0.2147188449103771,6,0.06000000000000001,0.09000000000000002,3.4278398192736965,0
k1.50_observed,1.5,observed,4h,full,,12,12,883,0.5866364665911665,14.294008913059015,0.1920745536576931,7,0.07,0.10500000000000001,3.4278398192736965,0
k1.50_observed,1.5,observed,4h,oos_warm,,12,12,334,0.5508982035928144,0.9952808054639805,0.1117231010193809,6,0.06000000000000001,0.09000000000000001,3.427839819273697,0
k1.50_observed,1.5,observed,4h,oos,,12,12,301,0.5282392026578073,0.5642198466123187,0.1344512508425596,6,0.060000000000000005,0.09,3.4278398192736965,0
k2.00_pure,2.0,pure,4h,full,,12,12,883,0.5866364665911665,-0.3129754595468309,0.5714995599701782,7,0.07,0.14,3.427839819273697,0
k2.00_pure,2.0,pure,4h,oos_warm,,12,12,334,0.5508982035928144,-0.42777254761702577,0.49229292656822105,6,0.06,0.12,3.427839819273697,0
k2.00_pure,2.0,pure,4h,oos,,12,12,301,0.5282392026578073,-0.516493100770692,0.5451108085065536,6,0.060000000000000005,0.12000000000000001,3.427839819273697,0
k2.00_observed,2.0,observed,4h,full,,12,12,883,0.5866364665911665,13.250038223249042,0.19529220886709928,7,0.06999999999999999,0.13999999999999999,3.4278398192736965,0
k2.00_observed,2.0,observed,4h,oos_warm,,12,12,334,0.5508982035928144,0.9171814528166189,0.11216912511162641,6,0.06000000000000002,0.12000000000000004,3.4278398192736965,0
k2.00_observed,2.0,observed,4h,oos,,12,12,301,0.5282392026578073,0.5049802965116637,0.13488586261235835,6,0.060000000000000005,0.12000000000000001,3.427839819273697,0
k1.00_pure,1.0,pure,2h,full,,12,12,1742,0.6010332950631458,432.4577351703131,0.10215613826893502,6,0.05368703270611671,0.05368703270611671,3.6382294284558623,0
k1.00_pure,1.0,pure,2h,oos_warm,,12,12,609,0.5747126436781609,4.015004601229107,0.08436900476612406,6,0.05948415681179408,0.05948415681179408,3.6209246260557397,0
k1.00_pure,1.0,pure,2h,oos,,12,12,577,0.5684575389948007,3.190771978437303,0.09155203582743549,6,0.05948415681179407,0.05948415681179407,3.62092462605574,0
k1.00_observed,1.0,observed,2h,full,,12,12,1742,0.6010332950631458,432.4577351703131,0.10215613826893502,6,0.05368703270611671,0.05368703270611671,3.6382294284558623,0
k1.00_observed,1.0,observed,2h,oos_warm,,12,12,609,0.5747126436781609,4.015004601229107,0.08436900476612406,6,0.05948415681179408,0.05948415681179408,3.6209246260557397,0
k1.00_observed,1.0,observed,2h,oos,,12,12,577,0.5684575389948007,3.190771978437303,0.09155203582743549,6,0.05948415681179407,0.05948415681179407,3.62092462605574,0
k1.25_pure,1.25,pure,2h,full,,12,12,1742,0.6010332950631458,99.54755994838155,0.13638394972806758,6,0.05948415681179407,0.0743551960147426,3.6388189041600945,0
k1.25_pure,1.25,pure,2h,oos_warm,,12,12,609,0.5747126436781609,1.74426974589065,0.11638894639106119,6,0.05948415681179407,0.0743551960147426,3.6236059839544206,0
k1.25_pure,1.25,pure,2h,oos,,12,12,577,0.5684575389948007,1.3521808282659087,0.11638894639106147,6,0.05948415681179407,0.0743551960147426,3.6236059839544206,0
k1.25_observed,1.25,observed,2h,full,,12,12,1742,0.6010332950631458,230.2022409063417,0.11726873328046027,6,0.05657400951553292,0.07071751189441615,3.638461519280319,0
k1.25_observed,1.25,observed,2h,oos_warm,,12,12,609,0.5747126436781609,2.8616571948041383,0.09397492288705198,6,0.05948415681179408,0.0743551960147426,3.621219085775962,0
k1.25_observed,1.25,observed,2h,oos,,12,12,577,0.5684575389948007,2.26087509413895,0.0967271540744352,6,0.05948415681179408,0.0743551960147426,3.621219085775962,0
k1.50_pure,1.5,pure,2h,full,,12,12,1742,0.6010332950631458,18.638473112177813,0.2754911404105976,6,0.05948415681179407,0.0892262352176911,3.6394101188873704,0
k1.50_pure,1.5,pure,2h,oos_warm,,12,12,609,0.5747126436781609,0.4973986234865286,0.24125702951905018,6,0.059484156811794066,0.0892262352176911,3.6263278699528985,0
k1.50_pure,1.5,pure,2h,oos,,12,12,577,0.5684575389948007,0.3166678373934694,0.2604975311077737,6,0.05948415681179408,0.08922623521769113,3.626327869952898,0
k1.50_observed,1.5,observed,2h,full,,12,12,1742,0.6010332950631458,180.4765024442574,0.12961446984434447,6,0.058087270149739446,0.08713090522460917,3.638461519280319,0
k1.50_observed,1.5,observed,2h,oos_warm,,12,12,609,0.5747126436781609,2.582798633469904,0.09885527191239518,6,0.05948415681179407,0.0892262352176911,3.621219085775962,0
k1.50_observed,1.5,observed,2h,oos,,12,12,577,0.5684575389948007,2.027033237492853,0.09885527191239522,6,0.05948415681179409,0.08922623521769112,3.621219085775962,0
k2.00_pure,2.0,pure,2h,full,,12,12,1742,0.6010332950631458,-0.3102715612590243,0.7204597130395468,6,0.05948415681179408,0.11896831362358816,3.6405977962840725,0
k2.00_pure,2.0,pure,2h,oos_warm,,12,12,609,0.5747126436781609,-0.5580669391286661,0.5930897773141717,6,0.05948415681179408,0.11896831362358816,3.631896958091878,0
k2.00_pure,2.0,pure,2h,oos,,12,12,577,0.5684575389948007,-0.5908228936523586,0.606316860051523,6,0.05948415681179407,0.11896831362358815,3.631896958091878,0
k2.00_observed,2.0,observed,2h,full,,12,12,1742,0.6010332950631458,146.70344934276096,0.1431315442894894,6,0.05948415681179407,0.11896831362358815,3.6384615192803196,0
k2.00_observed,2.0,observed,2h,oos_warm,,12,12,609,0.5747126436781609,2.3382838815195006,0.1072174769636728,6,0.05948415681179407,0.11896831362358815,3.621219085775962,0
k2.00_observed,2.0,observed,2h,oos,,12,12,577,0.5684575389948007,1.8204477279705475,0.10721747696367277,6,0.05948415681179407,0.11896831362358815,3.6212190857759623,0
k1.00_pure,1.0,pure,1h,full,,12,12,3515,0.5914651493598863,4349.77353527363,0.10790841617228433,6,0.05915434518222158,0.05915434518222158,5.0,0
k1.00_pure,1.0,pure,1h,oos_warm,,12,12,1220,0.5516393442622951,9.863602228194488,0.10841149907492657,6,0.05958692181920321,0.05958692181920321,4.817277512557705,0
k1.00_pure,1.0,pure,1h,oos,,12,12,1181,0.5444538526672311,7.428712907213418,0.10841149907492642,6,0.05958692181920322,0.05958692181920322,4.817277512557705,0
k1.00_observed,1.0,observed,1h,full,,12,12,3515,0.5914651493598863,4349.77353527363,0.10790841617228433,6,0.05915434518222158,0.05915434518222158,5.0,0
k1.00_observed,1.0,observed,1h,oos_warm,,12,12,1220,0.5516393442622951,9.863602228194488,0.10841149907492657,6,0.05958692181920321,0.05958692181920321,4.817277512557705,0
k1.00_observed,1.0,observed,1h,oos,,12,12,1181,0.5444538526672311,7.428712907213418,0.10841149907492642,6,0.05958692181920322,0.05958692181920322,4.817277512557705,0
k1.25_pure,1.25,pure,1h,full,,12,12,3515,0.5914651493598863,827.1437783381397,0.17381421120620652,6,0.05915434518222158,0.07394293147777697,5.0,0
k1.25_pure,1.25,pure,1h,oos_warm,,12,12,1220,0.5516393442622951,2.531892567896723,0.17198348408954625,6,0.05968479536580451,0.07460599420725564,4.8277781771971355,0
k1.25_pure,1.25,pure,1h,oos,,12,12,1181,0.5444538526672311,1.7982843467647558,0.18881925954805903,6,0.0596847953658045,0.07460599420725562,4.827778177197136,0
k1.25_observed,1.25,observed,1h,full,,12,12,3515,0.5914651493598863,1902.7828116631817,0.13760544801580343,6,0.059154345182221575,0.07394293147777697,5.0,0
k1.25_observed,1.25,observed,1h,oos_warm,,12,12,1220,0.5516393442622951,5.262618709441137,0.13567938309359892,6,0.059592565127195025,0.07449070640899377,4.819414254484454,0
k1.25_observed,1.25,observed,1h,oos,,12,12,1181,0.5444538526672311,3.9035405899979763,0.1356793830935988,6,0.05959256512719502,0.07449070640899377,4.819414254484453,0
k1.50_pure,1.5,pure,1h,full,,12,12,3515,0.5914651493598863,55.2942231427038,0.38566599652107175,6,0.05978315407128115,0.08967473110692173,5.0,0
k1.50_pure,1.5,pure,1h,oos_warm,,12,12,1220,0.5516393442622951,0.14263894192728094,0.3989646330615363,6,0.059783154071281146,0.08967473110692172,4.838444070005911,0
k1.50_pure,1.5,pure,1h,oos,,12,12,1181,0.5444538526672311,-0.07546166816243458,0.4453272823674948,6,0.05978315407128113,0.08967473110692172,4.838444070005911,0
k1.50_observed,1.5,observed,1h,full,,12,12,3515,0.5914651493598863,1366.7035835204442,0.14805214421204682,6,0.059154345182221575,0.08873151777333237,5.0,0
k1.50_observed,1.5,observed,1h,oos_warm,,12,12,1220,0.5516393442622951,4.328084029620121,0.15367967130356017,6,0.059592565127195025,0.08938884769079254,4.819414254484454,0
k1.50_observed,1.5,observed,1h,oos,,12,12,1181,0.5444538526672311,3.1771305694492025,0.15367967130355942,6,0.05959256512719502,0.08938884769079253,4.819414254484453,0
k2.00_pure,2.0,pure,1h,full,,12,12,3515,0.5914651493598863,-0.9035196710797582,0.9492582474095953,6,0.05998134146033071,0.11996268292066142,5.0,0
k2.00_pure,2.0,pure,1h,oos_warm,,12,12,1220,0.5516393442622951,-0.8821835192479354,0.9008224015773447,6,0.05998134146033071,0.11996268292066142,4.860287388720777,0
k2.00_pure,2.0,pure,1h,oos,,12,12,1181,0.5444538526672311,-0.9005533262902979,0.9066419632431215,6,0.05998134146033072,0.11996268292066144,4.860287388720777,0
k2.00_observed,2.0,observed,1h,full,,12,12,3515,0.5914651493598863,1031.1047028453522,0.1559047015252175,6,0.05915434518222157,0.11830869036444314,5.0,0
k2.00_observed,2.0,observed,1h,oos_warm,,12,12,1220,0.5516393442622951,3.70080965495567,0.1726700570428052,6,0.059592565127195025,0.11918513025439005,4.819414254484453,0
k2.00_observed,2.0,observed,1h,oos,,12,12,1181,0.5444538526672311,2.693901320690367,0.1726700570428055,6,0.05959256512719501,0.11918513025439002,4.819414254484452,0
k1.00_pure,1.0,pure,both,full,,36,12,6134,0.5935767851320508,72285.93865651812,0.13750353523653688,14,0.11655353250233695,0.11655353250233695,5.0,0
k1.00_pure,1.0,pure,both,oos_warm,,36,12,2132,0.5548780487804879,85.18675444676366,0.1957517082588918,13,0.11759377189031484,0.11759377189031484,5.000000000000001,0
k1.00_pure,1.0,pure,both,oos,,36,12,2028,0.5453648915187377,46.583547703499605,0.19575170825889177,10,0.09054292399399912,0.09054292399399912,5.000000000000001,0
k1.00_observed,1.0,observed,both,full,,36,12,6134,0.5935767851320508,72285.93865651812,0.13750353523653688,14,0.11655353250233695,0.11655353250233695,5.0,0
k1.00_observed,1.0,observed,both,oos_warm,,36,12,2132,0.5548780487804879,85.18675444676366,0.1957517082588918,13,0.11759377189031484,0.11759377189031484,5.000000000000001,0
k1.00_observed,1.0,observed,both,oos,,36,12,2028,0.5453648915187377,46.583547703499605,0.19575170825889177,10,0.09054292399399912,0.09054292399399912,5.000000000000001,0
k1.25_pure,1.25,pure,both,full,,36,12,6131,0.5937041265698907,20908.272982078983,0.2732354129612412,14,0.11668000137328657,0.14585000171660822,5.000000000000001,0
k1.25_pure,1.25,pure,both,oos_warm,,36,12,2127,0.5543018335684062,10.057991605497573,0.24922547036074338,13,0.11765854652112111,0.1470731831514014,5.0,0
k1.25_pure,1.25,pure,both,oos,,36,12,2027,0.5451406018746917,5.343476137902038,0.24922547036074405,10,0.09067086144714391,0.11333857680892989,5.0,0
k1.25_observed,1.25,observed,both,full,,36,12,6134,0.5935767851320508,41948.283291557695,0.19763097308657207,14,0.1165671302308339,0.14570891278854237,5.0,0
k1.25_observed,1.25,observed,both,oos_warm,,36,12,2127,0.5543018335684062,32.542314087466416,0.22048614881168888,13,0.11764389269651976,0.1470548658706497,5.0,0
k1.25_observed,1.25,observed,both,oos,,36,12,2027,0.5451406018746917,17.57228912474435,0.22048614881168907,10,0.0905864281071993,0.11323303513399914,5.000000000000001,0
k1.50_pure,1.5,pure,both,full,,36,12,6127,0.5934388771013547,2214.314020711699,0.5357364639941583,14,0.11681065007340755,0.17521597511011133,5.0,0
k1.50_pure,1.5,pure,both,oos_warm,,36,12,2127,0.5543018335684062,0.35922197402651546,0.41450171823655413,13,0.11772420277468278,0.17658630416202417,5.0,0
k1.50_pure,1.5,pure,both,oos,,36,12,2027,0.5451406018746917,-0.16771685564358121,0.49988630562175596,10,0.09079944823069772,0.13619917234604656,5.0,0
k1.50_observed,1.5,observed,both,full,,36,12,6134,0.5935767851320508,33308.111748349926,0.2321258412380288,14,0.11656713023083394,0.17485069534625092,5.000000000000001,0
k1.50_observed,1.5,observed,both,oos_warm,,36,12,2127,0.5543018335684062,24.100333518045666,0.22612029972104172,13,0.11764977270291158,0.17647465905436735,5.000000000000001,0
k1.50_observed,1.5,observed,both,oos,,36,12,2027,0.5451406018746917,12.908788614531808,0.2261202997210413,10,0.0905864281071993,0.13587964216079895,5.0,0
k2.00_pure,2.0,pure,both,full,,36,12,6087,0.5924100542138985,-0.9809026311272883,0.9948609082925315,13,0.11785823227995582,0.23571646455991163,5.000000000000001,0
k2.00_pure,2.0,pure,both,oos_warm,,36,12,2126,0.5540921919096896,-0.9805769388681942,0.9821023265754673,13,0.1178582322799558,0.2357164645599116,5.0,0
k2.00_pure,2.0,pure,both,oos,,36,12,2026,0.5449160908193484,-0.9864130219340427,0.9867936156279926,10,0.09105858966347048,0.18211717932694096,5.000000000000001,0
k2.00_observed,2.0,observed,both,full,,36,12,6132,0.593607305936073,27657.64666172045,0.2541166643018405,14,0.11656713023083393,0.23313426046166785,5.0,0
k2.00_observed,2.0,observed,both,oos_warm,,36,12,2127,0.5543018335684062,19.0226549364189,0.22804736184419422,13,0.11764977270291155,0.2352995454058231,5.000000000000001,0
k2.00_observed,2.0,observed,both,oos,,36,12,2027,0.5451406018746917,10.135169193753331,0.2280473618441945,10,0.0905864281071993,0.1811728562143986,5.000000000000001,0
