window_index,symbol,timeframe,variant,is_start_time,is_end_time,oos_start_time,oos_end_time,is_num_bars,oos_num_bars,is_total_return,is_max_drawdown,is_win_rate,is_profit_factor,is_sharpe,is_num_trades,is_avg_trade_return,is_fill_rate,is_num_penetrations,oos_total_return,oos_max_drawdown,oos_win_rate,oos_profit_factor,oos_sharpe,oos_num_trades,oos_avg_trade_return,oos_fill_rate,oos_num_penetrations,return_gap,profit_factor_gap
0,BTC/USDT:USDT,4h,A,1689249600000,1720800000000,1720814400000,1728691200000,2192,548,-0.07379580280352985,0.09528034579595442,0.4444444444444444,0.42054965792736265,-14.51865227299742,9,-0.008168046189231417,,,0.00411868719139693,0.0,1.0,,,1,0.004205374926041115,,,-0.07791448999492678,
0,BTC/USDT:USDT,4h,B,1689249600000,1720800000000,1720814400000,1728691200000,2192,548,-0.06901127189520102,0.13632712043789857,0.38461538461538464,0.64616688684645,-8.286248191237881,13,-0.00510165373036311,0.34210526315789475,0.0,0.04395191851421951,0.0194016386232851,0.75,3.2138914434190218,20.90207616993337,4,0.011038212996283369,0.4,0.0,-0.11296319040942053,-2.5677245565725717
1,BTC/USDT:USDT,4h,A,1697140800000,1728691200000,1728705600000,1736582400000,2192,548,-0.09709191125675898,0.0976832848727594,0.2857142857142857,0.23872178697932273,-23.33058526499307,7,-0.01378024656706176,,,-0.052416583086156605,0.052416583086156605,0.0,0.0,-40.954182523981956,2,-0.026328610813034427,,,-0.04467532817060237,0.23872178697932273
1,BTC/USDT:USDT,4h,B,1697140800000,1728691200000,1728705600000,1736582400000,2192,548,-0.061404415923526176,0.13646963411988708,0.42857142857142855,0.7027488986155895,-6.348268226956608,14,-0.004093881043977492,0.4,0.0,-0.0461879658079104,0.0461879658079104,0.3333333333333333,0.18115301862040262,-29.73150526874039,3,-0.015439994237092742,0.375,0.0,-0.015216450115615773,0.521595879995187
2,BTC/USDT:USDT,4h,A,1705032000000,1736582400000,1736596800000,1744473600000,2192,548,-0.13386585403232584,0.13386585403232584,0.25,0.18287092831487223,-28.669824652754635,8,-0.01744346604341244,,,0.022682243129971722,0.0,1.0,,,1,0.023815929051829828,,,-0.15654809716229756,
2,BTC/USDT:USDT,4h,B,1705032000000,1736582400000,1736596800000,1744473600000,2192,548,-0.14308834646968152,0.14308834646968152,0.3333333333333333,0.4239811527983571,-16.201193979935056,15,-0.009863871536030699,0.4166666666666667,0.0,0.03997351073299651,0.013951376830732443,0.6666666666666666,3.86520185197364,18.194252620312795,3,0.013546116852499396,0.3,0.0,-0.18306185720267804,-3.441220699175283
3,BTC/USDT:USDT,4h,A,1712923200000,1744473600000,1744488000000,1752364800000,2192,548,-0.08784118793931721,0.10978785089058783,0.2857142857142857,0.20029656136946583,-26.213544489107562,7,-0.012424377339501016,,,-0.030104517534193475,0.030104517534193475,0.0,0.0,-34.252128168002216,2,-0.015059818163101804,,,-0.05773667040512373,0.20029656136946583
3,BTC/USDT:USDT,4h,B,1712923200000,1744473600000,1744488000000,1752364800000,2192,548,-0.043776415996506696,0.09350493197004471,0.42857142857142855,0.7236937292894065,-5.157052608647273,14,-0.0028786175628796942,0.3888888888888889,0.0,-0.0172167451322317,0.019277722453625832,0.3333333333333333,0.5410864431629192,-11.513312670497369,3,-0.005599990938586771,0.3333333333333333,0.0,-0.026559670864274996,0.18260728612648724
4,BTC/USDT:USDT,4h,A,1720814400000,1752364800000,1752379200000,1760256000000,2192,548,-0.053962140758500574,0.05784259240544002,0.3333333333333333,0.32779368076074267,-16.750133148316596,6,-0.009125925662400251,,,-0.030429677331365382,0.030429677331365382,0.0,0.0,-145.79838128964658,2,-0.015334122910403234,,,-0.023532463427135192,0.32779368076074267
4,BTC/USDT:USDT,4h,B,1720814400000,1752364800000,1752379200000,1760256000000,2192,548,0.017876901551504308,0.05949088705043568,0.5384615384615384,1.1359603937082254,2.99104009245569,13,0.0016797885665142006,0.3611111111111111,0.0,-0.021293715435075317,0.029655959741867844,0.25,0.2881101051689104,-25.49843593001965,4,-0.005330561920969826,0.36363636363636365,0.0,0.03917061698657963,0.8478502885393151
5,BTC/USDT:USDT,4h,A,1728705600000,1760256000000,1760270400000,1768147200000,2192,548,-0.08770221388314475,0.08770221388314475,0.14285714285714285,0.2046578555221434,-26.43598599610575,7,-0.0128041678173213,,,0.00014730154282860896,0.0,1.0,,,1,0.00014906857269348078,,,-0.08784951542597336,
5,BTC/USDT:USDT,4h,B,1728705600000,1760256000000,1760270400000,1768147200000,2192,548,-0.04641612522046944,0.05949495692261171,0.38461538461538464,0.6588974326038869,-6.999779648295091,13,-0.003411805699819515,0.34210526315789475,0.0,0.015210727893432885,0.02013598484692702,0.6666666666666666,1.7554002453351236,9.237038254802668,3,0.005281633632765094,0.3333333333333333,0.0,-0.06162685311390232,-1.0965028127312366
6,BTC/USDT:USDT,4h,A,1736596800000,1768147200000,1768161600000,1776038400000,2192,548,-0.015183392775769244,0.056857501160584814,0.42857142857142855,0.7388798764264637,-4.994977195081375,7,-0.0021223372307534257,,,-0.007190042661019834,0.007190042661019834,0.0,0.0,,1,-0.007188971011372067,,,-0.007993350114749411,0.7388798764264637
6,BTC/USDT:USDT,4h,B,1736596800000,1768147200000,1768161600000,1776038400000,2192,548,0.07194334562793919,0.0408378996262354,0.5,1.6866276152332145,9.507398413661795,14,0.0052823790679229375,0.358974358974359,0.0,0.00023313590967900382,0.0,1.0,,,1,0.00023313590967898428,0.2,0.0,0.07171020971826018,
0,BTC/USDT:USDT,1h,A,1689256800000,1720810800000,1720814400000,1728702000000,8766,2192,-0.029749596096493223,0.07757725726816658,0.5384615384615384,0.7987423405773155,-7.301723315578562,26,-0.0010697718919449495,,,0.044481438733558754,0.017163745887440476,0.6666666666666666,2.590760821508605,37.78337548542273,12,0.00356055098111985,,,-0.07423103483005197,-1.7920184809312896
0,BTC/USDT:USDT,1h,B,1689256800000,1720810800000,1720814400000,1728702000000,8766,2192,-0.08008570603815643,0.15474672806535547,0.47619047619047616,0.7222559421017154,-11.690638990704029,42,-0.0018756799296806791,0.2781456953642384,0.0,0.05040590350861075,0.02631060227169585,0.5,1.7492324447766878,21.446892504343232,14,0.003634292021696724,0.35,0.0,-0.1304916095467672,-1.0269765026749724
1,BTC/USDT:USDT,1h,A,1697148000000,1728702000000,1728705600000,1736593200000,8766,2192,0.058556996707803045,0.07808069533584219,0.6111111111111112,1.3477519468402914,10.592614494955617,36,0.0016755197973289287,,,-0.014863370211224719,0.019656588811861258,0.6666666666666666,0.44743180264439264,-26.25765817533111,6,-0.0024306001049187805,,,0.07342036691902776,0.9003201441958988
1,BTC/USDT:USDT,1h,B,1697148000000,1728702000000,1728705600000,1736593200000,8766,2192,0.10020672132293658,0.14689796294579519,0.46153846153846156,1.2951092947085674,7.621735420503784,52,0.00216343329916364,0.33548387096774196,0.0,0.005891584229394539,0.04423943236263943,0.5454545454545454,1.0874730426889012,4.15814257138454,11,0.000623917145079815,0.23404255319148937,0.0,0.09431513709354204,0.20763625201966618
2,BTC/USDT:USDT,1h,A,1705039200000,1736593200000,1736596800000,1744484400000,8766,2192,0.0859788134107328,0.05307381448057877,0.6410256410256411,1.5678233031857165,15.540292849764127,39,0.00224207806754232,,,-0.03525392035234891,0.04684032991146505,0.3333333333333333,0.5342159412295145,-24.35033445895946,9,-0.003910096293262803,,,0.1212327337630817,1.0336073619562018
2,BTC/USDT:USDT,1h,B,1705039200000,1736593200000,1736596800000,1744484400000,8766,2192,0.15595668244792124,0.13744402260018088,0.49122807017543857,1.4203212383869823,10.361262069153529,57,0.002853203988249375,0.3275862068965517,0.0,-0.06990160337775032,0.08764282605080942,0.1875,0.4378795934053096,-32.67321928451883,16,-0.004443395562294199,0.4,0.0,0.22585828582567158,0.9824416449816727
3,BTC/USDT:USDT,1h,A,1712930400000,1744484400000,1744488000000,1752375600000,8766,2192,0.14097079345998428,0.06115888572868351,0.627906976744186,1.759114469785265,20.478449374998796,43,0.0031726369931230004,,,-0.018921245926315895,0.024976208203878993,0.5,0.5720119170891873,-21.588833593244882,10,-0.0019444404058159195,,,0.15989203938630017,1.1871025526960777
3,BTC/USDT:USDT,1h,B,1712930400000,1744484400000,1744488000000,1752375600000,8766,2192,0.15702691445769323,0.11924908732712793,0.4126984126984127,1.3479904618343974,9.57874143864638,63,0.0026229810970275764,0.3539325842696629,0.0,-0.022156951401209154,0.033235720371986646,0.3,0.5407888724365808,-23.27641352206967,10,-0.002202947758494472,0.23809523809523808,0.0,0.1791838658589024,0.8072015893978166
4,BTC/USDT:USDT,1h,A,1720821600000,1752375600000,1752379200000,1760266800000,8766,2192,0.016482915572593446,0.0743035193450567,0.5675675675675675,1.0913413853598553,3.7698685348322614,37,0.0005057124134501117,,,-0.02312453434127492,0.04350613769679302,0.5555555555555556,0.47800522220796493,-21.040811368453394,9,-0.0025567731127124245,,,0.039607449913868366,0.6133361631518903
4,BTC/USDT:USDT,1h,B,1720821600000,1752375600000,1752379200000,1760266800000,8766,2192,0.016548307809616743,0.11794723023629299,0.40384615384615385,1.0514525209114112,2.6111815674162786,52,0.0004317402878006625,0.3076923076923077,0.0,-0.005486896283029819,0.05988950336592111,0.38461538461538464,0.9207497499212755,-2.9148872537954764,13,-0.0003612822396732426,0.35135135135135137,0.0,0.022035204092646563,0.13070277099013572
5,BTC/USDT:USDT,1h,A,1728712800000,1760266800000,1760270400000,1768158000000,8766,2192,-0.04250881001555354,0.06640290303081704,0.5294117647058824,0.7659816209309086,-8.48990724321948,34,-0.00117907297374879,,,0.02503705076057013,0.014199448398085186,0.5555555555555556,2.0617161421982617,24.848816122269024,9,0.0028360534424531764,,,-0.06754586077612366,-1.2957345212673532
5,BTC/USDT:USDT,1h,B,1728712800000,1760266800000,1760270400000,1768158000000,8766,2192,-0.025667291271559953,0.11794723031645789,0.37254901960784315,0.9145601108104416,-2.7340488223850934,51,-0.00041292077020987304,0.3072289156626506,0.0,0.03043751960127447,0.02205386330851049,0.5833333333333334,1.6922947308720444,17.414473954955085,12,0.0025896522270816903,0.36363636363636365,0.0,-0.05610481087283442,-0.7777346200616028
6,BTC/USDT:USDT,1h,A,1736604000000,1768158000000,1768161600000,1776049200000,8766,2192,-0.028488193717872673,0.06767010151261947,0.5135135135135135,0.8354868615953049,-5.909212481190074,37,-0.0007227430068929775,,,-0.01897653905395,0.03918927902818419,0.42857142857142855,0.6309602137518125,-14.98032068102129,7,-0.0025589567195922758,,,-0.009511654663922672,0.2045266478434924
6,BTC/USDT:USDT,1h,B,1736604000000,1768158000000,1768161600000,1776049200000,8766,2192,-0.013284399897202093,0.09057410979450695,0.38461538461538464,0.94951192032591,-1.2704657268101762,52,-0.00017570531161088717,0.34210526315789475,0.0,0.01976493617898632,0.030275046327713967,0.5555555555555556,1.374936320695881,12.909391545458673,9,0.002299818704853824,0.24324324324324326,0.0,-0.033049336076188415,-0.42542440036997087
0,BTC/USDT:USDT,15m,A,1689257700000,1720814400000,1720815300000,1728703800000,35064,8766,-0.09048129437217595,0.1444807682261988,0.4672897196261682,0.7517998168602334,-18.741652099814637,107,-0.000850333378677682,,,-0.10933992723590581,0.11403656961495781,0.28125,0.3278409121949532,-70.1905411535826,32,-0.003645719596985114,,,0.018858632863729866,0.42395890466528025
0,BTC/USDT:USDT,15m,B,1689257700000,1720814400000,1720815300000,1728703800000,35064,8766,0.17475543446534084,0.1008395040909072,0.4678362573099415,1.311099826554928,20.481466085102976,171,0.000981974638648735,0.2775974025974026,1.0,-0.006923907305339344,0.05127761165219027,0.42857142857142855,0.9539912083429286,-2.7063981786134965,49,-0.00011236585941090735,0.28488372093023256,0.0,0.18167934177068018,0.35710861821199946
1,BTC/USDT:USDT,15m,A,1697147100000,1728703800000,1728704700000,1736593200000,35064,8766,-0.17664674352618384,0.22280254366665403,0.4188034188034188,0.6307789583234967,-32.331116034363994,117,-0.0016364052720951392,,,-0.05962273198651037,0.059771617811921536,0.46875,0.5377062566176188,-44.88681462236442,32,-0.0019249624465427376,,,-0.11702401153967347,0.09307270170587789
1,BTC/USDT:USDT,15m,B,1697147100000,1728703800000,1728704700000,1736593200000,35064,8766,0.10239569610053059,0.10083950409090685,0.44086021505376344,1.160508383690361,11.634064339962004,186,0.0005649636322541758,0.2897196261682243,0.0,-0.044320772617425064,0.09730600083113025,0.35555555555555557,0.7267439608458568,-25.47073611157313,45,-0.0009815234360110478,0.2647058823529412,0.0,0.14671646871795566,0.4337644228445041
2,BTC/USDT:USDT,15m,A,1705036500000,1736593200000,1736594100000,1744482600000,35064,8766,-0.21784137197020353,0.22490596513265382,0.4186046511627907,0.5569897306289672,-42.23453177342579,129,-0.0019771929116172795,,,0.015704222192403906,0.02882174131540427,0.4883720930232558,1.1420625567620484,10.71820918853674,43,0.0004019234084945166,,,-0.23354559416260745,-0.5850728261330812
2,BTC/USDT:USDT,15m,B,1705036500000,1736593200000,1736594100000,1744482600000,35064,8766,0.02499230499848254,0.10083950409090722,0.41836734693877553,1.0355336479397348,3.4675786304171736,196,0.00016514170021081806,0.29429429429429427,0.0,0.13141839785480278,0.041999333565453684,0.46875,1.6555721627433846,37.59484759283788,64,0.001978627887699492,0.3764705882352941,0.0,-0.10642609285632024,-0.6200385148036498
3,BTC/USDT:USDT,15m,A,1712925900000,1744482600000,1744483500000,1752372000000,35064,8766,-0.22931117685203525,0.26188525421761394,0.4155844155844156,0.5756659544007819,-37.12519633342445,154,-0.0016166496722148213,,,-0.054752761603085676,0.06484436656633559,0.29411764705882354,0.3910035839446948,-65.30242003661337,34,-0.0016054486413147496,,,-0.17455841524894958,0.18466237045608713
3,BTC/USDT:USDT,15m,B,1712925900000,1744482600000,1744483500000,1752372000000,35064,8766,0.05450271021903536,0.1014469206504695,0.4125560538116592,1.075254080250295,5.7840501959737205,223,0.00027793983724682287,0.3217893217893218,0.0,-0.025636577821559512,0.037901493722861064,0.34146341463414637,0.7430445404187479,-22.659281124445688,41,-0.0006204554397474352,0.2789115646258503,0.0,0.08013928804059488,0.3322095398315471
4,BTC/USDT:USDT,15m,A,1720815300000,1752372000000,1752372900000,1760261400000,35064,8766,-0.18710768206902476,0.18805748444620995,0.3888888888888889,0.5804069446109327,-35.86962463574418,144,-0.0014427122212664443,,,-0.12210279328452343,0.12210279328452343,0.2857142857142857,0.19216124024189396,-106.97598522275638,42,-0.0032113920767867813,,,-0.06500488878450132,0.3882457043690387
4,BTC/USDT:USDT,15m,B,1720815300000,1752372000000,1752372900000,1760261400000,35064,8766,0.036229099200015116,0.10144692065046974,0.40594059405940597,1.057741898616231,4.8587369790742585,202,0.00020798017636853238,0.30559757942511345,0.0,-0.05008452481856348,0.05825620030635291,0.3225806451612903,0.6792277423140404,-28.527640416753844,62,-0.0008144069515880134,0.3795180722891566,0.0,0.08631362401857859,0.37851415630219065
5,BTC/USDT:USDT,15m,A,1728704700000,1760261400000,1760262300000,1768150800000,35064,8766,-0.2011986672897914,0.2011986672897914,0.38311688311688313,0.5626161475616673,-42.24889102220509,154,-0.0014673116882070734,,,-0.04833334547421764,0.056578994391524404,0.38095238095238093,0.41274375761024346,-68.50094896763261,21,-0.0025413630185289683,,,-0.15286532181557377,0.14987238995142388
5,BTC/USDT:USDT,15m,B,1728704700000,1760261400000,1760262300000,1768150800000,35064,8766,-0.00880701448316413,0.10144692065046962,0.3767441860465116,0.9863072509227282,-0.34889827794667005,215,-1.3838643073855265e-05,0.3297709923664122,0.0,0.0557280087289997,0.048447270309525364,0.48717948717948717,1.5350643299616964,33.39624866263104,39,0.0014222821732412677,0.25161290322580643,1.0,-0.06453502321216384,-0.5487570790389682
6,BTC/USDT:USDT,15m,A,1736594100000,1768150800000,1768151700000,1776040200000,35064,8766,-0.1936807695993195,0.2131897574052515,0.36551724137931035,0.5440862028535739,-46.341250141205684,145,-0.0015362034754822361,,,-0.08897955142241426,0.08929324043546112,0.4,0.28979652543923945,-84.83482059213465,35,-0.002785708034355632,,,-0.10470121817690525,0.25428967741433445
6,BTC/USDT:USDT,15m,B,1736594100000,1768150800000,1768151700000,1776040200000,35064,8766,0.060160495179517964,0.09292548133202125,0.39622641509433965,1.093178439079558,7.468385940769141,212,0.00030443207935254546,0.3307453416149068,1.0,-0.025013797863767468,0.05511146901121249,0.3829787234042553,0.8532486173306252,-10.588421464869375,47,-0.0005007713341171184,0.2909090909090909,0.0,0.08517429304328543,0.23992982174893285
0,BTC/USDT:USDT,1d,A,1689292800000,1720742400000,1720828800000,1728604800000,365,91,0.04128775648089522,0.0,1.0,,,1,0.041287756480895284,,,0.0,0.0,0.0,,,0,,,,0.04128775648089522,
0,BTC/USDT:USDT,1d,B,1689292800000,1720742400000,1720828800000,1728604800000,365,91,-0.04380960119449901,0.076332336743421,0.5,0.4260676003964341,-4.980389013062337,2,-0.020560953399554608,0.5,0.0,0.0,0.0,0.0,,,0,,0.0,0.0,-0.04380960119449901,
1,BTC/USDT:USDT,1d,A,1697155200000,1728604800000,1728691200000,1736467200000,365,91,0.04123514803544622,0.0,1.0,,,1,0.04123514803544614,,,0.0,0.0,0.0,,,0,,,,0.04123514803544622,
1,BTC/USDT:USDT,1d,B,1697155200000,1728604800000,1728691200000,1736467200000,365,91,-0.04386285161426349,0.076332336743421,0.5,0.4253699875361944,-4.989950357918008,2,-0.020589778929495005,0.3333333333333333,0.0,0.0,0.0,0.0,,,0,,0.0,0.0,-0.04386285161426349,
2,BTC/USDT:USDT,1d,A,1705017600000,1736467200000,1736553600000,1744329600000,365,91,0.043735899210707974,0.0,1.0,,,1,0.04373589921070798,,,0.0,0.0,0.0,,,0,,,,0.043735899210707974,
2,BTC/USDT:USDT,1d,B,1705017600000,1736467200000,1736553600000,1744329600000,365,91,-0.04133158408352447,0.076332336743421,0.5,0.4585311304899005,-4.546125032504666,2,-0.01921955258541443,0.2857142857142857,0.0,0.0,0.0,0.0,,,0,,,0.0,-0.04133158408352447,
3,BTC/USDT:USDT,1d,A,1712880000000,1744329600000,1744416000000,1752192000000,365,91,0.0543199891696775,0.0,1.0,,,1,0.05431998916967755,,,0.0,0.0,0.0,,,0,,,,0.0543199891696775,
3,BTC/USDT:USDT,1d,B,1712880000000,1744329600000,1744416000000,1752192000000,365,91,-0.07139545490728706,0.07139545490728706,0.0,0.0,,1,-0.07139545490728698,0.16666666666666666,0.0,0.0,0.0,0.0,,,0,,0.0,0.0,-0.07139545490728706,
4,BTC/USDT:USDT,1d,A,1720742400000,1752192000000,1752278400000,1760054400000,365,91,-0.06370594090077139,0.06370594090077139,0.0,0.0,,1,-0.06370594090077147,,,0.0,0.0,0.0,,,0,,,,-0.06370594090077139,
4,BTC/USDT:USDT,1d,B,1720742400000,1752192000000,1752278400000,1760054400000,365,91,-0.10671171345011608,0.10671171345011608,0.0,0.0,,1,-0.10671171345011608,0.16666666666666666,0.0,-0.06561413925267516,0.06561413925267516,0.0,0.0,,1,-0.06561413925267509,0.3333333333333333,0.0,-0.04109757419744092,0.0
5,BTC/USDT:USDT,1d,A,1728604800000,1760054400000,1760140800000,1767916800000,365,91,-0.06370594090077139,0.06370594090077139,0.0,0.0,,1,-0.06370594090077147,,,0.0,0.0,0.0,,,0,,,,-0.06370594090077139,
5,BTC/USDT:USDT,1d,B,1728604800000,1760054400000,1760140800000,1767916800000,365,91,-0.16532405547658363,0.16532405547658363,0.0,0.0,-56.64553492219472,2,-0.08616292635139558,0.3333333333333333,0.0,0.0,0.0,0.0,,,0,,,0.0,-0.16532405547658363,
6,BTC/USDT:USDT,1d,A,1736467200000,1767916800000,1768003200000,1775779200000,365,91,0.010457055505926837,0.06370594090077139,0.5,1.1641456881111707,1.4654578928278534,2,0.007751572420497933,,,0.0,0.0,0.0,,,0,,,,0.010457055505926837,
6,BTC/USDT:USDT,1d,B,1736467200000,1767916800000,1768003200000,1775779200000,365,91,-0.06966695549328415,0.16532405547658363,0.3333333333333333,0.5786036382155428,-3.122595483134739,3,-0.019240658287137263,0.5,0.0,0.0,0.0,0.0,,,0,,0.0,0.0,-0.06966695549328415,
7,BTC/USDT:USDT,1d,A,1744329600000,1775779200000,1775865600000,1783641600000,365,91,0.07920908574176265,0.0,1.0,,,1,0.07920908574176273,,,0.0,0.0,0.0,,,0,,,,0.07920908574176265,
7,BTC/USDT:USDT,1d,B,1744329600000,1775779200000,1775865600000,1783641600000,365,91,0.12032086624315524,0.06561413925267516,0.5,2.8337643016211596,6.809492365364164,2,0.06668876678706821,0.2222222222222222,0.0,0.0,0.0,0.0,,,0,,,0.0,0.12032086624315524,
0,ETH/USDT:USDT,4h,A,1689249600000,1720800000000,1720814400000,1728691200000,2192,548,-0.10818790010258089,0.10818790010258089,0.0,0.0,-32.358034784550696,6,-0.018587684330753116,,,0.011511038707668559,0.01633776493876012,0.5,1.7045663070080992,8.873978053421178,2,0.006464888833614055,,,-0.11969893881024946,-1.7045663070080992
0,ETH/USDT:USDT,4h,B,1689249600000,1720800000000,1720814400000,1728691200000,2192,548,-0.1454216145421431,0.1454216145421431,0.1,0.13728215327128307,-41.16749060802861,10,-0.015451922319410085,0.37037037037037035,0.0,0.033445915052751116,0.03216794720816069,0.3333333333333333,2.039727988743601,11.36399290827637,3,0.011789501690193294,0.3,0.0,-0.17886752959489421,-1.9024458354723177
1,ETH/USDT:USDT,4h,A,1697140800000,1728691200000,1728705600000,1736582400000,2192,548,-0.09233689386563128,0.11922815464275718,0.16666666666666666,0.22554455243981686,-22.015609720106497,6,-0.015544775528671987,,,0.0006389962035302232,0.08972349461383997,0.5,1.0066957863290962,1.3485556428412981,4,0.0021596707048964366,,,-0.0929758900691615,-0.7811512338892793
1,ETH/USDT:USDT,4h,B,1697140800000,1728691200000,1728705600000,1736582400000,2192,548,-0.06479486030072712,0.14612687810892394,0.3,0.5677005710014522,-9.16773808732486,10,-0.006229878526883022,0.3333333333333333,0.0,0.21149632079703243,0.01165779434767026,0.8333333333333334,15.800339208149845,50.450479316281104,6,0.03287081328131495,0.6,0.0,-0.2762911810977595,-15.232638637148392
2,ETH/USDT:USDT,4h,A,1705032000000,1736582400000,1736596800000,1744473600000,2192,548,-0.07282913824983533,0.13988832588193728,0.3,0.6252115018643097,-6.044954223182192,10,-0.006409906717681416,,,0.042632176437925044,0.0070402345892258845,0.5,6.767012620819893,24.925794271668018,2,0.020834997647275463,,,-0.11546131468776039,-6.141801118955583
2,ETH/USDT:USDT,4h,B,1705032000000,1736582400000,1736596800000,1744473600000,2192,548,0.05460979439932344,0.14612687810892422,0.35294117647058826,1.2765611680532354,4.952376422428775,17,0.0036945163110037446,0.4857142857142857,0.0,0.021379117501638394,0.03580008346795571,0.5,1.5637490853486673,8.17755448222853,2,0.011751071063901063,0.2,0.0,0.033230676897685045,-0.2871879172954319
3,ETH/USDT:USDT,4h,A,1712923200000,1744473600000,1744488000000,1752364800000,2192,548,-0.033943530336764706,0.13933223303697687,0.36363636363636365,0.8306300559476453,-1.8643330406766057,11,-0.0019882722148465235,,,-0.12539389438864326,0.12539389438864326,0.0,0.0,-78.58330367347588,3,-0.0437537756941043,,,0.09145036405187856,0.8306300559476453
3,ETH/USDT:USDT,4h,B,1712923200000,1744473600000,1744488000000,1752364800000,2192,548,0.17970921096492,0.06481750235419913,0.4375,2.0902063068403387,14.272765580091065,16,0.010976362925918678,0.41025641025641024,0.0,-0.010025789796974459,0.10507457923483143,0.4,0.9045840595319655,-0.9871330954301396,5,-0.001042527710080482,0.45454545454545453,0.0,0.18973500076189448,1.1856222473083733
4,ETH/USDT:USDT,4h,A,1720814400000,1752364800000,1752379200000,1760256000000,2192,548,-0.07186813300672457,0.12334231586423311,0.3333333333333333,0.701700995337377,-5.388365337988823,12,-0.005576784749257953,,,0.024668830535956657,0.0,1.0,,,1,0.024668830535956567,,,-0.09653696354268122,
4,ETH/USDT:USDT,4h,B,1720814400000,1752364800000,1752379200000,1760256000000,2192,548,0.2252637253892057,0.13711298399581986,0.5,1.8949429640641846,14.022212401552435,18,0.012111727419077858,0.4186046511627907,0.0,0.034775737704382116,0.02020452991000766,0.5,2.7211851925917476,15.56991424557325,2,0.017954747601575984,0.4,0.0,0.19048798768482358,-0.826242228527563
5,ETH/USDT:USDT,4h,A,1728705600000,1760256000000,1760270400000,1768147200000,2192,548,-0.10325778578525333,0.1635777796908658,0.36363636363636365,0.6129185093679905,-8.200908962784414,11,-0.009030814562385024,,,0.016689736793938936,0.022291214665437126,0.5,1.7200071871963085,9.357741258423493,2,0.008567590384192888,,,-0.11994752257919226,-1.107088677828318
5,ETH/USDT:USDT,4h,B,1728705600000,1760256000000,1760270400000,1768147200000,2192,548,0.3102272994307803,0.1371129839958199,0.625,2.3978297437637646,20.048858300751906,16,0.01783781853582474,0.43243243243243246,0.0,0.03657217632263964,0.018113484874675775,0.6666666666666666,2.9125400591829167,17.726851113058228,3,0.012396406111025602,0.3,0.0,0.27365512310814066,-0.5147103154191521
6,ETH/USDT:USDT,4h,A,1736596800000,1768147200000,1768161600000,1776038400000,2192,548,-0.09622188949498868,0.17464726831557845,0.3333333333333333,0.5287816613652263,-11.674108559347028,9,-0.010093606915270583,,,0.0,0.0,0.0,,,0,,,,-0.09622188949498868,
6,ETH/USDT:USDT,4h,B,1736596800000,1768147200000,1768161600000,1776038400000,2192,548,0.12104795207131501,0.1371129839958198,0.5384615384615384,1.6302080593001866,10.697603735588416,13,0.009643820192437914,0.35135135135135137,0.0,0.02337986262486702,0.010767953861610658,0.5,3.171244688205784,17.354864383259905,2,0.01187578361768206,0.25,0.0,0.09766808944644799,-1.5410366289055974
0,ETH/USDT:USDT,1h,A,1689238800000,1720792800000,1720796400000,1728684000000,8766,2192,-0.17607537609511964,0.17607537609511964,0.40625,0.3908887933874636,-30.62932227203799,32,-0.005875117807307145,,,-0.0027391413048870163,0.028693871207352867,0.4,0.9488234039384987,-1.4927465162794207,10,-0.00020740807395161514,,,-0.17333623479023264,-0.5579346105510352
0,ETH/USDT:USDT,1h,B,1689238800000,1720792800000,1720796400000,1728684000000,8766,2192,-0.14836063734826602,0.14992276780172084,0.40425531914893614,0.5756578361548714,-19.857308849851734,47,-0.0032931096550632716,0.31333333333333335,0.0,-0.0065750679278822645,0.05531876980672944,0.26666666666666666,0.9372656052617855,-1.6069315106035,15,-0.00029946919191369713,0.45454545454545453,0.0,-0.14178556942038376,-0.36160776910691406
1,ETH/USDT:USDT,1h,A,1697130000000,1728684000000,1728687600000,1736575200000,8766,2192,-0.193875135841088,0.22324217145845765,0.45714285714285713,0.43285036597095483,-27.21062794803525,35,-0.0061247495029137875,,,-0.028951774512231895,0.05942792227696567,0.5,0.6802141322275572,-11.445814029154006,8,-0.003331774546519818,,,-0.1649233613288561,-0.2473637662566024
1,ETH/USDT:USDT,1h,B,1697130000000,1728684000000,1728687600000,1736575200000,8766,2192,-0.11635891975655177,0.1422614067318686,0.3888888888888889,0.7215262268668636,-11.735376675055491,54,-0.0021449470821571365,0.35526315789473684,0.0,0.010568298054694605,0.05842718482422671,0.6,1.1527864778237662,6.191192311757805,10,0.0011999911913751758,0.23809523809523808,0.0,-0.12692721781124638,-0.43126025095690257
2,ETH/USDT:USDT,1h,A,1705021200000,1736575200000,1736578800000,1744466400000,8766,2192,-0.20499640564341015,0.20860788430728372,0.45,0.4866451033877365,-22.639666667380638,40,-0.005547477922278545,,,-0.007556369443895164,0.02027876400108279,0.6666666666666666,0.6321520203799623,-14.815602806378063,3,-0.002510168680770726,,,-0.197440036199515,-0.14550691699222584
2,ETH/USDT:USDT,1h,B,1705021200000,1736575200000,1736578800000,1744466400000,8766,2192,-0.13387827724222554,0.16997209669734073,0.39655172413793105,0.7225411068284304,-11.858734824876473,58,-0.002311999140109589,0.3493975903614458,0.0,-0.007103217898594266,0.033107296768465855,0.5,0.8604772096867084,-4.7500296907063815,4,-0.0014667012025173704,0.13793103448275862,0.0,-0.12677505934363126,-0.13793610285827795
3,ETH/USDT:USDT,1h,A,1712912400000,1744466400000,1744470000000,1752357600000,8766,2192,-0.14456369466631785,0.1586548439179955,0.4722222222222222,0.555105927468717,-18.527029412499203,36,-0.004163588491372758,,,-0.1842493964934226,0.18845156976161495,0.38461538461538464,0.0656329073201788,-70.46670594773524,13,-0.015450904842095882,,,0.039685701827104736,0.4894730201485382
3,ETH/USDT:USDT,1h,B,1712912400000,1744466400000,1744470000000,1752357600000,8766,2192,-0.124297004520669,0.16697783673969546,0.38461538461538464,0.7172798689986286,-12.394937122349674,52,-0.0023900609856865743,0.32098765432098764,0.0,-0.09362143812304348,0.1412613554615166,0.3333333333333333,0.5928936731924451,-21.415571705060614,18,-0.005201924144768669,0.375,0.0,-0.030675566397625517,0.12438619580618349
4,ETH/USDT:USDT,1h,A,1720803600000,1752357600000,1752361200000,1760248800000,8766,2192,-0.17364291891913963,0.20656360669159982,0.42857142857142855,0.47563562646007357,-25.018979468150494,35,-0.005475121318853631,,,-0.05370764702345059,0.06157482312281578,0.25,0.3279849961824018,-44.33250068249216,8,-0.007384698491471412,,,-0.11993527189568903,0.14765063027767178
4,ETH/USDT:USDT,1h,B,1720803600000,1752357600000,1752361200000,1760248800000,8766,2192,-0.08359448383551463,0.12855912669673222,0.38,0.8199469024971391,-7.2379412384146224,50,-0.001548552279605504,0.32051282051282054,0.0,-0.10113079090966166,0.10113079090966166,0.21428571428571427,0.2954813032933308,-49.22381538347367,14,-0.0074923457413288,0.3888888888888889,0.0,0.017536307074147037,0.5244655992038083
5,ETH/USDT:USDT,1h,A,1728694800000,1760248800000,1760252400000,1768140000000,8766,2192,-0.23411101274135926,0.25590751726633154,0.4117647058823529,0.38221044018906564,-33.409447571932,34,-0.007585928790817294,,,0.06372745900783193,0.01376761921424999,0.75,3.413385317127538,48.877524900806705,8,0.008372273166205502,,,-0.2978384717491912,-3.031174876938472
5,ETH/USDT:USDT,1h,B,1728694800000,1760248800000,1760252400000,1768140000000,8766,2192,-0.1447551027920279,0.1924463376555512,0.3673469387755102,0.7029667617381984,-14.106875531901293,49,-0.0029934236429704055,0.310126582278481,0.0,0.001938144208842459,0.06738533041691962,0.5,1.0129917151654095,1.615294454602456,14,0.0004415085115611715,0.35,0.0,-0.14669324700087036,-0.31002495342721115
6,ETH/USDT:USDT,1h,A,1736586000000,1768140000000,1768143600000,1776031200000,8766,2192,-0.1532707481635698,0.2156814649093098,0.47058823529411764,0.5064199367952688,-22.726442097031576,34,-0.004832035521164803,,,-0.10332469309901698,0.12394757770840126,0.3,0.20179605327861586,-64.41485560520411,10,-0.01022925971809331,,,-0.049946055064552825,0.3046238835166529
6,ETH/USDT:USDT,1h,B,1736586000000,1768140000000,1768143600000,1776031200000,8766,2192,-0.1520587607558291,0.2011326523296107,0.3584905660377358,0.7184340572523982,-12.414826336771869,53,-0.0028772923220488286,0.33974358974358976,0.0,0.053545574758896694,0.07758780777748724,0.5294117647058824,1.3927681044863416,13.991754252882906,17,0.0033007772321678353,0.4146341463414634,0.0,-0.2056043355147258,-0.6743340472339434
0,ETH/USDT:USDT,15m,A,1689257700000,1720814400000,1720815300000,1728703800000,35064,8766,-0.22853551149902743,0.22853551149902743,0.39166666666666666,0.48695492497744153,-50.07517751807652,120,-0.002128398917536663,,,-0.11785778736687534,0.1280083853960616,0.42857142857142855,0.38212719787958144,-65.8290796147525,35,-0.00370934986669749,,,-0.11067772413215209,0.10482772709786009
0,ETH/USDT:USDT,15m,B,1689257700000,1720814400000,1720815300000,1728703800000,35064,8766,-0.1065634019864754,0.20941245281595688,0.4049079754601227,0.8293300608640028,-12.877455224768795,163,-0.0006472338903657855,0.2554517133956386,1.0,-0.06369993359604686,0.10654715877928539,0.42857142857142855,0.7630507132466796,-20.929164877164162,56,-0.0011249500060194317,0.3181818181818182,0.0,-0.04286346839042854,0.06627934761732324
1,ETH/USDT:USDT,15m,A,1697147100000,1728703800000,1728704700000,1736593200000,35064,8766,-0.3063212522514391,0.30974664856926354,0.4153846153846154,0.4431270439862393,-49.09128720641878,130,-0.0029752226702372264,,,-0.031002381542638794,0.061719047304566566,0.5263157894736842,0.8190993930234262,-14.631094894845402,38,-0.0008373756889284036,,,-0.2753188707088003,-0.37597234903718685
1,ETH/USDT:USDT,15m,B,1697147100000,1728703800000,1728704700000,1736593200000,35064,8766,-0.21991884406564194,0.23630309744031705,0.3870967741935484,0.7129427449158837,-24.540152562413567,186,-0.001286576391845876,0.27379209370424595,1.0,0.03730114601719888,0.051558857404332116,0.4339622641509434,1.1911856451935043,14.714117088441423,53,0.0007337632466449466,0.3375796178343949,0.0,-0.2572199900828408,-0.4782429002776206
2,ETH/USDT:USDT,15m,A,1705036500000,1736593200000,1736594100000,1744482600000,35064,8766,-0.28899751330787815,0.31830862896294626,0.4657534246575342,0.531323306713652,-37.761497792002544,146,-0.0023389481582120697,,,-0.047037599578381745,0.06668850192523351,0.3793103448275862,0.5807026132609456,-40.2436515883298,29,-0.0016795136570075223,,,-0.2419599137294964,-0.04937930654729361
2,ETH/USDT:USDT,15m,B,1705036500000,1736593200000,1736594100000,1744482600000,35064,8766,-0.13837614545079485,0.19926028845770727,0.4029126213592233,0.8353585001889023,-12.427894220121237,206,-0.0006719155057086589,0.2974137931034483,0.0,-0.0008601704051037814,0.05220173788314409,0.4634146341463415,0.9952122294973704,0.8260537899712763,41,5.5612443817405104e-05,0.2887323943661972,0.0,-0.13751597504569107,-0.15985372930846808
3,ETH/USDT:USDT,15m,A,1712925900000,1744482600000,1744483500000,1752372000000,35064,8766,-0.2552415115158638,0.28433868365984905,0.4726027397260274,0.563844408503036,-33.5392024812594,146,-0.0020546919274898354,,,-0.08037366047633841,0.12005076943291408,0.2903225806451613,0.4782385381636035,-51.79095478240432,31,-0.002689977334446589,,,-0.17486785103952535,0.08560587033943245
3,ETH/USDT:USDT,15m,B,1712925900000,1744482600000,1744483500000,1752372000000,35064,8766,-0.0038846513070047877,0.1604313724657314,0.4326923076923077,0.9954373241928052,0.7094724698790099,208,4.212107150616927e-05,0.3171471927162367,0.0,-0.13714478832504848,0.16578173869987464,0.2826086956521739,0.4376557664471298,-66.73059885548896,46,-0.003163108650313168,0.2787878787878788,0.0,0.13326013701804368,0.5577815577456754
4,ETH/USDT:USDT,15m,A,1720815300000,1752372000000,1752372900000,1760261400000,35064,8766,-0.22128319320586934,0.2444639853772225,0.4295774647887324,0.6189863451749564,-34.45470687860643,142,-0.001810258904442119,,,-0.06739850982209318,0.09454147422935329,0.4642857142857143,0.5179224733335795,-43.25637147464325,28,-0.0025742211238568547,,,-0.15388468338377614,0.10106387184137688
4,ETH/USDT:USDT,15m,B,1720815300000,1752372000000,1752372900000,1760261400000,35064,8766,-0.11747346693417876,0.17948862366421664,0.39805825242718446,0.8746894941249104,-9.037002731018058,206,-0.0005439376069773997,0.3159509202453988,0.0,-0.013005655614859824,0.0716392629509515,0.5128205128205128,0.9235596663395823,-5.649362464816594,39,-0.00029048128546497093,0.24074074074074073,0.0,-0.10446781131931894,-0.048870172214671936
5,ETH/USDT:USDT,15m,A,1728704700000,1760261400000,1760262300000,1768150800000,35064,8766,-0.17125403444975346,0.19464242155537836,0.42748091603053434,0.6830133442491377,-28.10082720042181,131,-0.0015062040260068852,,,-0.014393519677703625,0.04171194316827968,0.5,0.8660187893356371,-9.748679484183057,28,-0.0005009013404537929,,,-0.15686051477204982,-0.1830054450864994
5,ETH/USDT:USDT,15m,B,1728704700000,1760261400000,1760262300000,1768150800000,35064,8766,-0.05013535892711461,0.19756148720484865,0.41847826086956524,0.9402990749576592,-3.6177288297793395,184,-0.00021733294283200877,0.2911392405063291,0.0,0.06884071927453879,0.03617150782034102,0.4722222222222222,1.4627715690791814,29.142375948324727,36,0.0019247162921164896,0.2553191489361702,0.0,-0.1189760782016534,-0.5224724941215222
6,ETH/USDT:USDT,15m,A,1736594100000,1768150800000,1768151700000,1776040200000,35064,8766,-0.21491636065056247,0.23141571940261035,0.408,0.5894763064183822,-36.587774494698536,125,-0.0019475513104461584,,,-0.0846866708391688,0.09697214801945131,0.42857142857142855,0.4555929386602873,-58.228860156469096,35,-0.0024976207616802344,,,-0.13022968981139366,0.1338833677580949
6,ETH/USDT:USDT,15m,B,1736594100000,1768150800000,1768151700000,1776040200000,35064,8766,-0.1259208292792213,0.20805803299775388,0.40236686390532544,0.8312219247757913,-12.440021701815347,169,-0.0007355909575450467,0.2730210016155089,0.0,0.011292969753666511,0.1017196248829323,0.43137254901960786,1.0438453379948973,4.252797765361412,51,0.0003119480105073834,0.31736526946107785,0.0,-0.1372137990328878,-0.21262341321910605
0,ETH/USDT:USDT,1d,A,1689292800000,1720742400000,1720828800000,1728604800000,365,91,-0.0367614852118355,0.0367614852118355,0.0,0.0,,1,-0.036761485211835455,,,0.0,0.0,0.0,,,0,,,,-0.0367614852118355,
0,ETH/USDT:USDT,1d,B,1689292800000,1720742400000,1720828800000,1728604800000,365,91,-0.09744403743165476,0.09744403743165476,0.0,0.0,,1,-0.09744403743165471,0.25,0.0,0.0,0.0,0.0,,,0,,,0.0,-0.09744403743165476,
1,ETH/USDT:USDT,1d,A,1697155200000,1728604800000,1728691200000,1736467200000,365,91,-0.0367614852118355,0.0367614852118355,0.0,0.0,,1,-0.036761485211835455,,,0.0,0.0,0.0,,,0,,,,-0.0367614852118355,
1,ETH/USDT:USDT,1d,B,1697155200000,1728604800000,1728691200000,1736467200000,365,91,-0.09744403743165476,0.09744403743165476,0.0,0.0,,1,-0.09744403743165471,0.3333333333333333,0.0,0.0,0.0,0.0,,,0,,0.0,0.0,-0.09744403743165476,
2,ETH/USDT:USDT,1d,A,1705017600000,1736467200000,1736553600000,1744329600000,365,91,-0.16030364428392532,0.16030364428392532,0.0,0.0,-24.364867659234314,2,-0.08250928251342926,,,0.0,0.0,0.0,,,0,,,,-0.16030364428392532,
2,ETH/USDT:USDT,1d,B,1705017600000,1736467200000,1736553600000,1744329600000,365,91,-0.13575742181742861,0.13575742181742861,0.0,0.0,-34.36478389182748,2,-0.06994695432909831,0.4,0.0,0.0,0.0,0.0,,,0,,,0.0,-0.13575742181742861,
3,ETH/USDT:USDT,1d,A,1712880000000,1744329600000,1744416000000,1752192000000,365,91,-0.16030364428392532,0.16030364428392532,0.0,0.0,-24.364867659234314,2,-0.08250928251342926,,,0.0,0.0,0.0,,,0,,,,-0.16030364428392532,
3,ETH/USDT:USDT,1d,B,1712880000000,1744329600000,1744416000000,1752192000000,365,91,-0.13575742181742861,0.13575742181742861,0.0,0.0,-34.36478389182748,2,-0.06994695432909831,0.4,0.0,0.0929622209439016,0.0,1.0,,,1,0.09296222094390155,0.3333333333333333,0.0,-0.22871964276133022,
4,ETH/USDT:USDT,1d,A,1720742400000,1752192000000,1752278400000,1760054400000,365,91,-0.1282570798150231,0.1282570798150231,0.0,0.0,,1,-0.12825707981502305,,,0.0,0.0,0.0,,,0,,,,-0.1282570798150231,
4,ETH/USDT:USDT,1d,B,1720742400000,1752192000000,1752278400000,1760054400000,365,91,-0.006426222558208247,0.042449871226541834,0.5,0.848616206067774,-0.8147733848801624,2,-0.0024146156175560325,0.2857142857142857,0.0,0.0,0.0,0.0,,,0,,0.0,0.0,-0.006426222558208247,
5,ETH/USDT:USDT,1d,A,1728604800000,1760054400000,1760140800000,1767916800000,365,91,-0.11164830369466636,0.11164830369466636,0.0,0.0,-226.01590230293715,2,-0.057469631389237774,,,0.0,0.0,0.0,,,0,,,,-0.11164830369466636,
5,ETH/USDT:USDT,1d,B,1728604800000,1760054400000,1760140800000,1767916800000,365,91,-0.03472655559441028,0.10324718822853621,0.3333333333333333,0.6875317718835761,-2.4654683269556745,3,-0.009811191147315317,0.2727272727272727,0.0,0.0,0.0,0.0,,,0,,,0.0,-0.03472655559441028,
6,ETH/USDT:USDT,1d,A,1736467200000,1767916800000,1768003200000,1775779200000,365,91,-0.11164830369466636,0.11164830369466636,0.0,0.0,-226.01590230293715,2,-0.057469631389237774,,,0.0,0.0,0.0,,,0,,,,-0.11164830369466636,
6,ETH/USDT:USDT,1d,B,1736467200000,1767916800000,1768003200000,1775779200000,365,91,-0.10384852301992523,0.10384852301992523,0.0,0.0,-20.317093846031188,3,-0.035504621383670006,0.42857142857142855,0.0,0.0,0.0,0.0,,,0,,0.0,0.0,-0.10384852301992523,
7,ETH/USDT:USDT,1d,A,1744329600000,1775779200000,1775865600000,1783641600000,365,91,-0.0907015507786551,0.0907015507786551,0.0,0.0,,1,-0.09070155077865517,,,-0.026778089685199846,0.026778089685199846,0.0,0.0,,1,-0.026778089685199798,,,-0.06392346109345526,0.0
7,ETH/USDT:USDT,1d,B,1744329600000,1775779200000,1775865600000,1783641600000,365,91,-0.003587579280294085,0.08833791756018262,0.5,0.9628422755751943,0.34458814450946684,2,0.0023122648620487185,0.2857142857142857,0.0,0.011749028991468185,0.040092153199139675,0.5,1.2780349167720602,1.9976003605974095,2,0.006957131241360926,1.0,0.0,-0.01533660827176227,-0.31519264119686585
0,SOL/USDT:USDT,4h,A,1689249600000,1720800000000,1720814400000,1728691200000,2192,548,-0.052777156262171776,0.19814917452793943,0.5714285714285714,0.7336493760930087,-4.361575423107766,7,-0.00593281079746394,,,-0.009458529198429823,0.05338217571613004,0.3333333333333333,0.8228148427533686,-2.7594473770768086,3,-0.0026137213955581434,,,-0.043318627063741955,-0.08916546666035985
0,SOL/USDT:USDT,4h,B,1689249600000,1720800000000,1720814400000,1728691200000,2192,548,-0.14760558437939908,0.24389306913965264,0.2727272727272727,0.4456451353889684,-14.209061198754497,11,-0.013521420391762936,0.2894736842105263,0.0,-0.010470673426554822,0.06336274675013902,0.5714285714285714,0.8676407582313915,-1.8942412148793806,7,-0.001153626041704242,0.6363636363636364,0.0,-0.13713491095284425,-0.42199562284242315
1,SOL/USDT:USDT,4h,A,1697140800000,1728691200000,1728705600000,1736582400000,2192,548,0.04610563006165466,0.10568410708707361,0.625,1.2810054079545476,5.858718684994475,8,0.0071050491957971055,,,0.02771837605172459,0.0,1.0,,,1,0.0277183760517246,,,0.018387254009930073,
1,SOL/USDT:USDT,4h,B,1697140800000,1728691200000,1728705600000,1736582400000,2192,548,-0.11140306224014367,0.1863591610171261,0.4666666666666667,0.6059476848670328,-8.019147737149494,15,-0.007055045635410425,0.36585365853658536,0.0,0.04261147109117555,0.0,1.0,,136.88323937477318,2,0.021096214874520822,0.3333333333333333,0.0,-0.1540145333313192,
2,SOL/USDT:USDT,4h,A,1705032000000,1736582400000,1736596800000,1744473600000,2192,548,0.001118935947211139,0.10568410708707361,0.5454545454545454,1.0047400192002756,1.210755244711707,11,0.0013266190294313044,,,0.11501711425144821,0.028551196336795873,0.6666666666666666,4.542792651929196,23.482880770215047,6,0.018379991218067222,,,-0.11389817830423707,-3.538052632728921
2,SOL/USDT:USDT,4h,B,1705032000000,1736582400000,1736596800000,1744473600000,2192,548,-0.07460263783925693,0.15681956931592686,0.5,0.7431951434488109,-4.444912110871676,18,-0.003615098026861534,0.42857142857142855,0.0,0.12545823302152548,0.07406665346865957,0.42857142857142855,1.8846351148484242,10.523615980308668,7,0.02016649647839245,0.7,0.0,-0.2000608708607824,-1.1414399713996133
3,SOL/USDT:USDT,4h,A,1712923200000,1744473600000,1744488000000,1752364800000,2192,548,-0.005490207089950309,0.11097516511143656,0.55,0.9857322933647332,0.7878659383866434,20,0.0007920872031057154,,,0.11889077874912891,0.0,1.0,,494.80302262533377,2,0.055187680607616585,,,-0.12438098583907922,
3,SOL/USDT:USDT,4h,B,1712923200000,1744473600000,1744488000000,1752364800000,2192,548,0.03802095482126933,0.1445897631927657,0.42857142857142855,1.0748277731724705,2.300481585198719,28,0.0028255303340483004,0.5714285714285714,0.0,0.11741482211876282,0.04585709231784094,0.6666666666666666,3.5604506562462905,24.406576309745446,3,0.039590904028625515,0.5,0.0,-0.07939386729749348,-2.48562288307382
4,SOL/USDT:USDT,4h,A,1720814400000,1752364800000,1752379200000,1760256000000,2192,548,0.06165177430967178,0.10729072915368572,0.5625,1.2508662780910638,5.091097398846528,16,0.004760266033965107,,,-0.14092187229749834,0.14092187229749834,0.16666666666666666,0.28902322624977533,-22.388048478281437,6,-0.02394838926682465,,,0.20257364660717012,0.9618430518412884
4,SOL/USDT:USDT,4h,B,1720814400000,1752364800000,1752379200000,1760256000000,2192,548,0.24175883776525517,0.11535771762924064,0.48,1.561637592715839,8.031325901133231,25,0.010318282725849996,0.6410256410256411,0.0,0.22698562103475198,0.07300676387360873,0.3333333333333333,3.2392243839494332,15.423133521029408,6,0.0400763871531034,0.6666666666666666,0.0,0.014773216730503191,-1.6775867912335942
5,SOL/USDT:USDT,4h,A,1728705600000,1760256000000,1760270400000,1768147200000,2192,548,-0.11987640729034556,0.21643330494341442,0.45,0.7427309535563985,-5.2718504634169046,20,-0.0053078939370154255,,,-0.03704720972842752,0.03704720972842752,0.0,0.0,,1,-0.038314127015183996,,,-0.08282919756191803,0.7427309535563985
5,SOL/USDT:USDT,4h,B,1728705600000,1760256000000,1760270400000,1768147200000,2192,548,0.47319751596411697,0.12664468774333915,0.4,1.8772535477025265,10.588365724733642,25,0.018518207987387646,0.6578947368421053,0.0,-0.003829482352433297,0.027424241890109793,0.5,0.8636688187631982,-2.025852655552678,2,-0.001582084111970257,0.2222222222222222,0.0,0.47702699831655027,1.0135847289393283
6,SOL/USDT:USDT,4h,A,1736596800000,1768147200000,1768161600000,1776038400000,2192,548,-0.005183146994419076,0.19088676702077972,0.47058823529411764,0.9865155756627335,0.7838748429838556,17,0.0007713286816344899,,,-0.011369589617287238,0.011369589617287238,0.0,0.0,,1,-0.01119678843058788,,,0.006186442622868162,0.9865155756627335
6,SOL/USDT:USDT,4h,B,1736596800000,1768147200000,1768161600000,1776038400000,2192,548,0.6694761600574991,0.12664468774333923,0.4,2.51757717503859,12.010793121205214,20,0.03192464678126269,0.5555555555555556,0.0,-0.025797231039755206,0.025797231039755206,0.0,0.0,,1,-0.025797231039755286,0.125,0.0,0.6952733910972543,2.51757717503859
0,SOL/USDT:USDT,1h,A,1689238800000,1720792800000,1720796400000,1728684000000,8766,2192,-0.11243259995524858,0.18647589155435815,0.5555555555555556,0.6412459775656945,-13.144342113448225,27,-0.004006590793542254,,,-0.11997894929625363,0.11997894929625363,0.2222222222222222,0.10713308233300689,-87.10082709441019,9,-0.01479771836373608,,,0.007546349341005051,0.5341128952326876
0,SOL/USDT:USDT,1h,B,1689238800000,1720792800000,1720796400000,1728684000000,8766,2192,-0.05276473035573599,0.2066332918297932,0.43137254901960786,0.9069363612808327,-1.9498524630286989,51,-0.0006254255381092258,0.33774834437086093,0.0,-0.14460963083992284,0.14738526979420785,0.25,0.12110942031781598,-78.69502202740625,12,-0.01282472658766219,0.27906976744186046,0.0,0.09184490048418685,0.7858269409630166
1,SOL/USDT:USDT,1h,A,1697130000000,1728684000000,1728687600000,1736575200000,8766,2192,-0.12517412477703038,0.1577351212481938,0.5625,0.6470268665211553,-14.500354171406364,32,-0.004090645920391311,,,-0.12756634023264105,0.12756634023264105,0.125,0.005822799834761452,-84.7649310148379,8,-0.017066273276529327,,,0.0023922154556106634,0.6412040666863938
1,SOL/USDT:USDT,1h,B,1697130000000,1728684000000,1728687600000,1736575200000,8766,2192,-0.07881714705270679,0.19014060763688476,0.4423076923076923,0.8802962146509715,-3.4484624078203048,52,-0.0011250739702208764,0.3333333333333333,0.0,0.017648633937750128,0.08553794263550606,0.5,1.1402790857939535,6.069903294966072,14,0.0014966158377781973,0.3333333333333333,0.0,-0.09646578099045691,-0.259982871142982
2,SOL/USDT:USDT,1h,A,1705021200000,1736575200000,1736578800000,1744466400000,8766,2192,-0.25538236504568623,0.28206743335742684,0.4166666666666667,0.4315263773685594,-29.513746690984302,36,-0.007857110671161578,,,0.024007862893228777,0.04913948650166533,0.38461538461538464,1.2064997014245606,8.20516261573595,13,0.002203418106140201,,,-0.279390227938915,-0.7749733240560013
2,SOL/USDT:USDT,1h,B,1705021200000,1736575200000,1736578800000,1744466400000,8766,2192,-0.0806952174566677,0.1997968377113416,0.43859649122807015,0.8845541414164603,-3.3513000822524295,57,-0.001053959715125591,0.3413173652694611,0.0,0.03791603388574986,0.06449531740944794,0.4117647058823529,1.2275259662803548,7.841761408144057,17,0.0026422044014600167,0.5,0.0,-0.11861125134241757,-0.34297182486389455
3,SOL/USDT:USDT,1h,A,1712912400000,1744466400000,1744470000000,1752357600000,8766,2192,-0.2159752099918255,0.2739458750058857,0.3953488372093023,0.5618518694943926,-19.640569946206135,43,-0.005143839742147926,,,0.06487797305026324,0.0030727289252505214,0.8333333333333334,22.11412188596292,87.40526032130292,6,0.010190494020722458,,,-0.2808531830420887,-21.552270016468526
3,SOL/USDT:USDT,1h,B,1712912400000,1744466400000,1744470000000,1752357600000,8766,2192,0.0018900775556412554,0.19155759198615283,0.4375,1.0026871471800352,1.3722124335061006,64,0.00041293392739137326,0.39751552795031053,0.0,0.008395290709315122,0.036122552045926785,0.4444444444444444,1.115606105176217,5.177785966292475,9,0.001106569729890403,0.21428571428571427,0.0,-0.006505213153673866,-0.11291895799618179
4,SOL/USDT:USDT,1h,A,1720803600000,1752357600000,1752361200000,1760248800000,8766,2192,-0.11387846059905896,0.23495207792665307,0.39473684210526316,0.6489091352174078,-13.519036139583323,38,-0.0031263449481226868,,,-0.10914740503466,0.12061614676079567,0.25,0.37751866165193476,-37.67508045703315,12,-0.00876359684288016,,,-0.004731055564398956,0.271390473565473
4,SOL/USDT:USDT,1h,B,1720803600000,1752357600000,1752361200000,1760248800000,8766,2192,-0.11939364579824051,0.18843281215792032,0.4074074074074074,0.7822808840536086,-6.972200652288478,54,-0.0020016797403167312,0.3312883435582822,0.0,0.0361361879491913,0.1937960847239213,0.125,1.1578532221834714,5.595957948653863,16,0.00456813604646873,0.3333333333333333,0.0,-0.15552983374743182,-0.3755723381298628
5,SOL/USDT:USDT,1h,A,1728694800000,1760248800000,1760252400000,1768140000000,8766,2192,-0.16687217312353914,0.16687217312353914,0.35,0.5810315305784163,-18.88453248523386,40,-0.00440745697568664,,,0.10323160735612182,0.011173971780316452,0.875,9.677703376318178,72.27102005825071,8,0.013053006718792991,,,-0.27010378047966094,-9.096671845739762
5,SOL/USDT:USDT,1h,B,1728694800000,1760248800000,1760252400000,1768140000000,8766,2192,0.04125940936575862,0.2528355701912172,0.3508771929824561,1.0633369070048784,3.3285382214021855,57,0.0016387318191378273,0.3413173652694611,0.0,0.1966644740120493,0.016113085494223335,0.7777777777777778,7.515209120414588,78.31598948982806,9,0.020409041129917573,0.2727272727272727,0.0,-0.1554050646462907,-6.451872213409709
6,SOL/USDT:USDT,1h,A,1736586000000,1768140000000,1768143600000,1776031200000,8766,2192,0.16102224699265372,0.0937345992554205,0.525,1.6360105210035822,19.070687509338153,40,0.004116217279113703,,,0.0491640943220862,0.0394120568755836,0.5,1.6165187569333532,19.27849210809994,12,0.00411825527144316,,,0.1118581526705675,0.019491764070229012
6,SOL/USDT:USDT,1h,B,1736586000000,1768140000000,1768143600000,1776031200000,8766,2192,-0.06213244142826024,0.26229824127503987,0.3469387755102041,0.88400375861221,-3.0703582849404154,49,-0.0009248144199667801,0.3291139240506329,0.0,-0.03485083697623231,0.11814201101739417,0.3333333333333333,0.8353345075101506,-5.536899675867494,15,-0.0018938509177612334,0.36585365853658536,0.0,-0.02728160445202793,0.04866925110205944
0,SOL/USDT:USDT,15m,A,1689257700000,1720814400000,1720815300000,1728703800000,35064,8766,-0.10416667294775962,0.16699766318034606,0.49166666666666664,0.8494588310721086,-9.386379820569447,120,-0.0007906732227001198,,,-0.06937490957794089,0.08482180164883149,0.4375,0.5813132443176464,-40.91514395764943,32,-0.002327418040511092,,,-0.034791763369818735,0.2681455867544622
0,SOL/USDT:USDT,15m,B,1689257700000,1720814400000,1720815300000,1728703800000,35064,8766,0.025928388376218026,0.211164573927525,0.42857142857142855,1.0193358023169532,3.1196538253391446,182,0.0002881452309509089,0.2774390243902439,0.0,0.17582468518724564,0.05354687774868213,0.5,1.691883075133485,40.55219829127223,58,0.0028828068349818605,0.31521739130434784,0.0,-0.14989629681102762,-0.6725472728165318
1,SOL/USDT:USDT,15m,A,1697147100000,1728703800000,1728704700000,1736593200000,35064,8766,-0.16619234518372922,0.23037049835231876,0.464,0.7800800409993432,-15.605034639248995,125,-0.0013226895527844232,,,0.1184395067192534,0.019930311656188616,0.5428571428571428,2.3082625400679073,64.35613673612944,35,0.0033595339645592294,,,-0.2846318519029826,-1.528182499068564
1,SOL/USDT:USDT,15m,B,1697147100000,1728703800000,1728704700000,1736593200000,35064,8766,0.13406636641377553,0.2359892304119492,0.43902439024390244,1.0987098282552898,8.343732477563664,205,0.0007560809410079418,0.29839883551673946,0.0,0.24091304557092771,0.02560011780082878,0.52,2.1646611213204516,59.13192108198505,50,0.004421164985731371,0.29411764705882354,0.0,-0.10684667915715218,-1.0659512930651618
2,SOL/USDT:USDT,15m,A,1705036500000,1736593200000,1736594100000,1744482600000,35064,8766,-0.08757319165832068,0.23123282167885684,0.45390070921985815,0.8641282317152439,-9.353599217077091,141,-0.0005799686663460136,,,-0.022351800580248892,0.08827726930644382,0.48717948717948717,0.8932856334464482,-6.304921959744769,39,-0.00045593044445571264,,,-0.06522139107807179,-0.02915740173120429
2,SOL/USDT:USDT,15m,B,1705036500000,1736593200000,1736594100000,1744482600000,35064,8766,0.1753752367390407,0.1894040857090632,0.4429223744292237,1.1516625029250596,10.574715202269276,219,0.0008504413975232031,0.31510791366906477,0.0,-0.0431073697728034,0.12499747991513332,0.3392857142857143,0.8920653288487453,-4.910952904273581,56,-0.0005674451301418589,0.35,0.0,0.2184826065118441,0.2595971740763142
3,SOL/USDT:USDT,15m,A,1712925900000,1744482600000,1744483500000,1752372000000,35064,8766,-0.160836809504954,0.24397802058090326,0.4482758620689655,0.7693471037818631,-17.02497670105217,145,-0.0010657719410837336,,,-0.022382043595380856,0.056148808548221324,0.45161290322580644,0.8513221796927215,-11.356046797013478,31,-0.0006708278512886214,,,-0.13845476590957315,-0.0819750759108584
3,SOL/USDT:USDT,15m,B,1712925900000,1744482600000,1744483500000,1752372000000,35064,8766,0.18124400978082103,0.18710175971356086,0.4117647058823529,1.1366781371535388,10.01095309299387,221,0.0008877586582548476,0.31436699857752487,0.0,-0.06083548604756779,0.09885042258234393,0.34,0.7759132438341535,-19.709497206125334,50,-0.00119195948425782,0.28901734104046245,0.0,0.24207949582838884,0.3607648933193853
4,SOL/USDT:USDT,15m,A,1720815300000,1752372000000,1752372900000,1760261400000,35064,8766,-0.03254482904003453,0.09874425789050717,0.475177304964539,0.9465877071648293,-3.0150067830026255,141,-0.00018224429388700655,,,0.15162493614969172,0.05594811015601139,0.627906976744186,1.7749189680665247,25.621915382486584,43,0.0036615717053109917,,,-0.18416976518972625,-0.8283312609016954
4,SOL/USDT:USDT,15m,B,1720815300000,1752372000000,1752372900000,1760261400000,35064,8766,0.3163266934992243,0.16193182927582894,0.4200913242009132,1.2116283913034311,16.223984306909895,219,0.0013783944250547564,0.31601731601731603,0.0,0.6454363560680304,0.055638043638031404,0.5370370370370371,3.902690413144763,33.66028292603138,54,0.01062517782493608,0.32335329341317365,0.0,-0.3291096625688061,-2.691062021841332
5,SOL/USDT:USDT,15m,A,1728704700000,1760261400000,1760262300000,1768150800000,35064,8766,0.1972348459592955,0.12596625893077587,0.5194805194805194,1.2809531887736156,14.66800454174539,154,0.0013472356553386024,,,-0.01665660778445654,0.06204837225866608,0.4074074074074074,0.8645178831324019,-8.984555750114533,27,-0.0005584669109341262,,,0.21389145374375204,0.4164353056412138
5,SOL/USDT:USDT,15m,B,1728704700000,1760261400000,1760262300000,1768150800000,35064,8766,0.8210961937233827,0.21827217173829877,0.42790697674418604,1.6335543395498466,18.3818259233854,215,0.003239673913302433,0.31710914454277284,0.0,0.05709620479251808,0.07226481251801253,0.47619047619047616,1.2714170049575404,18.96742016209436,42,0.0014173507659577442,0.27450980392156865,0.0,0.7639999889308646,0.36213733459230624
6,SOL/USDT:USDT,15m,A,1736594100000,1768150800000,1768151700000,1776040200000,35064,8766,0.07534136326533972,0.1247805982290022,0.5,1.1021659183790269,6.6409522354471475,144,0.000622075817627245,,,-0.031247586590686296,0.053122237543711995,0.4642857142857143,0.7551740277373886,-19.85186291370516,28,-0.0010639189252454897,,,0.10658894985602602,0.34699189064163827
6,SOL/USDT:USDT,15m,B,1736594100000,1768150800000,1768151700000,1776040200000,35064,8766,0.5903982760154574,0.21827217173829921,0.4195121951219512,1.4970736195965972,15.193416291102276,205,0.002730165942134433,0.31155015197568386,0.0,-0.04424605245409093,0.11887122558053097,0.3695652173913043,0.793230505736429,-16.150729420855615,46,-0.0009271763156209216,0.2804878048780488,0.0,0.6346443284695483,0.7038431138601683
0,SOL/USDT:USDT,1d,A,1689292800000,1720742400000,1720828800000,1728604800000,365,91,0.04925791921113214,0.0,1.0,,,1,0.049257919211132185,,,0.0,0.0,0.0,,,0,,,,0.04925791921113214,
0,SOL/USDT:USDT,1d,B,1689292800000,1720742400000,1720828800000,1728604800000,365,91,0.29710352830499,0.0,1.0,,28.33234878873793,3,0.09174106855605046,0.6,0.0,0.0,0.0,0.0,,,0,,0.0,0.0,0.29710352830499,
1,SOL/USDT:USDT,1d,A,1697155200000,1728604800000,1728691200000,1736467200000,365,91,0.0,0.0,0.0,,,0,,,,0.0,0.0,0.0,,,0,,,,0.0,
1,SOL/USDT:USDT,1d,B,1697155200000,1728604800000,1728691200000,1736467200000,365,91,0.2526342947554072,0.0,1.0,,42.49497634548474,2,0.1198598977982949,0.3333333333333333,0.0,0.0,0.0,0.0,,,0,,0.0,0.0,0.2526342947554072,
2,SOL/USDT:USDT,1d,A,1705017600000,1736467200000,1736553600000,1744329600000,365,91,0.0,0.0,0.0,,,0,,,,0.0,0.0,0.0,,,0,,,,0.0,
2,SOL/USDT:USDT,1d,B,1705017600000,1736467200000,1736553600000,1744329600000,365,91,0.2589100732479139,0.0,1.0,,46.78278051875142,2,0.12256973176514135,0.2857142857142857,0.0,0.0,0.0,0.0,,,0,,0.0,0.0,0.2589100732479139,
3,SOL/USDT:USDT,1d,A,1712880000000,1744329600000,1744416000000,1752192000000,365,91,0.015885851627210103,0.0,1.0,,,1,0.015885851627210016,,,0.0,0.0,0.0,,,0,,,,0.015885851627210103,
3,SOL/USDT:USDT,1d,B,1712880000000,1744329600000,1744416000000,1752192000000,365,91,0.09887263772841033,0.07013998389921251,0.6666666666666666,2.1928358211858843,6.009524780294595,3,0.036124922559011695,0.42857142857142855,0.0,0.0,0.0,0.0,,,0,,0.0,0.0,0.09887263772841033,
4,SOL/USDT:USDT,1d,A,1720742400000,1752192000000,1752278400000,1760054400000,365,91,0.015885851627210103,0.0,1.0,,,1,0.015885851627210016,,,0.0,0.0,0.0,,,0,,,,0.015885851627210103,
4,SOL/USDT:USDT,1d,B,1720742400000,1752192000000,1752278400000,1760054400000,365,91,-0.07013998389921253,0.07013998389921253,0.0,0.0,,1,-0.07013998389921244,0.125,0.0,-0.08484568965238468,0.08484568965238468,0.0,0.0,,1,-0.0848456896523846,1.0,0.0,0.014705705753172149,0.0
5,SOL/USDT:USDT,1d,A,1728604800000,1760054400000,1760140800000,1767916800000,365,91,0.1518783142959637,0.0,1.0,,17.14726201531709,2,0.07487587032254053,,,0.0,0.0,0.0,,,0,,,,0.1518783142959637,
5,SOL/USDT:USDT,1d,B,1728604800000,1760054400000,1760140800000,1767916800000,365,91,-0.01938134479781638,0.14903459824546134,0.3333333333333333,0.8699540574739898,-0.1257994226289065,3,-0.0008751599488381426,0.42857142857142855,0.0,0.0,0.0,0.0,,,0,,0.0,0.0,-0.01938134479781638,
6,SOL/USDT:USDT,1d,A,1736467200000,1767916800000,1768003200000,1775779200000,365,91,0.13612060119335,0.0,1.0,,,1,0.13612060119334995,,,0.0,0.0,0.0,,,0,,,,0.13612060119335,
6,SOL/USDT:USDT,1d,B,1736467200000,1767916800000,1768003200000,1775779200000,365,91,-0.0629814283051519,0.0860291291012217,0.3333333333333333,0.6360385415929797,-2.7136586608005397,3,-0.01686929742478938,0.42857142857142855,0.0,0.0,0.0,0.0,,,0,,0.0,0.0,-0.0629814283051519,
7,SOL/USDT:USDT,1d,A,1744329600000,1775779200000,1775865600000,1783641600000,365,91,0.0,0.0,0.0,,,0,,,,0.0,0.0,0.0,,,0,,,,0.0,
7,SOL/USDT:USDT,1d,B,1744329600000,1775779200000,1775865600000,1783641600000,365,91,-0.22565200046229683,0.23217957980281223,0.3333333333333333,0.03630713312627955,-17.912225812113398,3,-0.07914493667503093,0.42857142857142855,0.0,-0.07247541996708715,0.07247541996708715,0.0,0.0,,1,-0.07247541996708715,0.5,0.0,-0.15317658049520969,0.03630713312627955
