symbol,timeframe,segment,window,entry_mode,take_profit_r,offset_bps,fill,seed,start_time,end_time,num_bars,num_trades,win_rate,total_return,max_drawdown,sharpe,profit_factor,mean_r,fill_rate,eligible_setups,num_filled,funding_coverage
BTC/USDT:USDT,15m,full,0,zone_limit,1.5,0.0,baseline,0,1689396300000,1784069100000,105193,658,0.5167173252279635,0.4723822874977397,0.12164468557120924,13.921889473439917,1.147812173091821,0.2917933130699088,0.5012406947890818,2418,1212,1.0
BTC/USDT:USDT,15m,full,0,zone_limit,1.5,0.0,pen_5bp,0,1689396300000,1784069100000,105193,612,0.48856209150326796,0.18606877817341974,0.13859438515526515,6.931310865233734,1.066333128892325,0.22140522875816993,0.43755169561621177,2418,1058,1.0
BTC/USDT:USDT,15m,full,0,zone_limit,1.5,0.0,pen_5bp_drop_50,0,1689396300000,1784069100000,105193,327,0.4709480122324159,0.04311641803253861,0.11052293460937805,3.5873009760222447,1.0307787569332747,0.17737003058103976,0.21918941273779982,2418,530,1.0
BTC/USDT:USDT,15m,full,0,zone_limit,1.5,0.0,pen_5bp_drop_50,1,1689396300000,1784069100000,105193,347,0.46397694524495675,0.01328690613507315,0.17447877834562298,1.6291979923601971,1.008933454387188,0.15994236311239193,0.228287841191067,2418,552,1.0
BTC/USDT:USDT,15m,full,0,zone_limit,1.5,0.0,pen_5bp_drop_50,2,1689396300000,1784069100000,105193,342,0.4619883040935672,-0.01692410563294452,0.18852796243793324,-0.3020329893818098,0.9881207466919029,0.15497076023391812,0.22167080231596362,2418,536,1.0
BTC/USDT:USDT,15m,full,0,zone_limit,1.5,0.0,pen_5bp_drop_50,3,1689396300000,1784069100000,105193,316,0.4936708860759494,0.17383592550753454,0.08886680099742619,11.75380114315894,1.1281100098635208,0.23417721518987342,0.2162944582299421,2418,523,1.0
BTC/USDT:USDT,15m,full,0,zone_limit,1.5,0.0,pen_5bp_drop_50,4,1689396300000,1784069100000,105193,336,0.4523809523809524,-0.07713136227965552,0.20563176961378077,-4.4026493634682975,0.9460566345354147,0.13095238095238096,0.22125723738626965,2418,535,1.0
BTC/USDT:USDT,15m,is,0,zone_limit,1.5,0.0,baseline,0,1689396300000,1752510600000,70128,421,0.5273159144893111,0.3434488941003783,0.11146209165889438,16.586826473133396,1.1786117186229397,0.3182897862232779,0.4921531701192718,1593,784,1.0
BTC/USDT:USDT,15m,is,0,zone_limit,1.5,0.0,pen_5bp,0,1689396300000,1752510600000,70128,390,0.5025641025641026,0.18792921546301294,0.13691403285365064,10.553005730044214,1.107996134556514,0.2564102564102564,0.4293785310734463,1593,684,1.0
BTC/USDT:USDT,15m,is,0,zone_limit,1.5,0.0,pen_5bp_drop_50,0,1689396300000,1752510600000,70128,206,0.4854368932038835,0.10793950182141653,0.07938277577362744,11.430141664121594,1.129034859382682,0.21359223300970873,0.2128060263653484,1593,339,1.0
BTC/USDT:USDT,15m,is,0,zone_limit,1.5,0.0,pen_5bp_drop_50,1,1689396300000,1752510600000,70128,222,0.46846846846846846,0.0314802112294632,0.16328414816185635,3.8368358021032303,1.0330549924810057,0.17117117117117117,0.22033898305084745,1593,351,1.0
BTC/USDT:USDT,15m,is,0,zone_limit,1.5,0.0,pen_5bp_drop_50,2,1689396300000,1752510600000,70128,213,0.4835680751173709,0.012772226655962005,0.18852796243793324,2.1090998486770234,1.0144881639666523,0.20892018779342722,0.2128060263653484,1593,339,1.0
BTC/USDT:USDT,15m,is,0,zone_limit,1.5,0.0,pen_5bp_drop_50,3,1689396300000,1752510600000,70128,205,0.5219512195121951,0.18639198235749754,0.08886680099742619,18.93390573905752,1.2297489955342908,0.3048780487804878,0.21155053358443188,1593,337,1.0
BTC/USDT:USDT,15m,is,0,zone_limit,1.5,0.0,pen_5bp_drop_50,4,1689396300000,1752510600000,70128,213,0.4788732394366197,0.01659032000376901,0.16160245472185733,2.479284336049158,1.0185658471312962,0.19718309859154928,0.22033898305084745,1593,351,1.0
BTC/USDT:USDT,15m,oos,0,zone_limit,1.5,0.0,baseline,0,1752511500000,1784069100000,35065,215,0.48372093023255813,0.04139974690401232,0.11424428102960447,4.937619494064513,1.0484294398874487,0.20930232558139536,0.5153846153846153,780,402,1.0
BTC/USDT:USDT,15m,oos,0,zone_limit,1.5,0.0,pen_5bp,0,1752511500000,1784069100000,35065,202,0.4504950495049505,-0.038122475316386226,0.13133678686956493,-3.4086188744588943,0.9532447091781825,0.12623762376237624,0.44871794871794873,780,350,1.0
BTC/USDT:USDT,15m,oos,0,zone_limit,1.5,0.0,pen_5bp_drop_50,0,1752511500000,1784069100000,35065,113,0.4336283185840708,-0.05848586985522852,0.09382032795895336,-10.89994463542032,0.8725727721581293,0.084070796460177,0.22692307692307692,780,177,1.0
BTC/USDT:USDT,15m,oos,0,zone_limit,1.5,0.0,pen_5bp_drop_50,1,1752511500000,1784069100000,35065,106,0.44339622641509435,-0.014954131028522352,0.06879350812464333,-2.150857694143115,0.9663121407107437,0.10849056603773585,0.2205128205128205,780,172,1.0
BTC/USDT:USDT,15m,oos,0,zone_limit,1.5,0.0,pen_5bp_drop_50,2,1752511500000,1784069100000,35065,104,0.36538461538461536,-0.10984562690516578,0.1355318211093252,-22.642768382489464,0.7691286783188097,-0.08653846153846154,0.23205128205128206,780,181,1.0
BTC/USDT:USDT,15m,oos,0,zone_limit,1.5,0.0,pen_5bp_drop_50,3,1752511500000,1784069100000,35065,103,0.4368932038834951,-0.062448434902624285,0.13812842459570365,-12.77866864926484,0.8580540335352866,0.09223300970873786,0.23205128205128206,780,181,1.0
BTC/USDT:USDT,15m,oos,0,zone_limit,1.5,0.0,pen_5bp_drop_50,4,1752511500000,1784069100000,35065,116,0.4051724137931034,-0.08824847455897852,0.113948986513871,-16.465383720807417,0.818151827402142,0.01293103448275862,0.22692307692307692,780,177,1.0
BTC/USDT:USDT,1h,full,0,zone_limit,1.5,0.0,baseline,0,1689393600000,1784066400000,26299,221,0.5067873303167421,0.23988155326192137,0.09936575966948717,9.043706735711703,1.2221842071680393,0.2669683257918552,0.5016722408026756,598,300,1.0
BTC/USDT:USDT,1h,full,0,zone_limit,1.5,0.0,pen_5bp,0,1689393600000,1784066400000,26299,209,0.4880382775119617,0.1296036490627859,0.11184398651019853,5.600671318041685,1.1271863918982994,0.22009569377990432,0.45819397993311034,598,274,1.0
BTC/USDT:USDT,1h,full,0,zone_limit,1.5,0.0,pen_5bp_drop_50,0,1689393600000,1784066400000,26299,123,0.4634146341463415,-0.03641855645595769,0.12609526242453883,-2.2137832624695393,0.9395169156971057,0.15853658536585366,0.24581939799331104,598,147,1.0
BTC/USDT:USDT,1h,full,0,zone_limit,1.5,0.0,pen_5bp_drop_50,1,1689393600000,1784066400000,26299,113,0.4690265486725664,0.013353293048620799,0.08387480986680705,1.5128193218429944,1.0228988691123324,0.17256637168141592,0.22742474916387959,598,136,1.0
BTC/USDT:USDT,1h,full,0,zone_limit,1.5,0.0,pen_5bp_drop_50,2,1689393600000,1784066400000,26299,114,0.47368421052631576,0.03130573647041492,0.11190329119125823,2.84576377429924,1.0532277130924357,0.18421052631578946,0.225752508361204,598,135,1.0
BTC/USDT:USDT,1h,full,0,zone_limit,1.5,0.0,pen_5bp_drop_50,3,1689393600000,1784066400000,26299,117,0.452991452991453,-0.012548259176646752,0.08095102751489419,-0.46077161573545244,0.9785796845275654,0.13247863247863248,0.23411371237458195,598,140,1.0
BTC/USDT:USDT,1h,full,0,zone_limit,1.5,0.0,pen_5bp_drop_50,4,1689393600000,1784066400000,26299,119,0.5042016806722689,0.12246217047180853,0.06190478818506923,9.02747446096668,1.2150703973163206,0.2605042016806723,0.22408026755852842,598,134,1.0
BTC/USDT:USDT,1h,is,0,zone_limit,1.5,0.0,baseline,0,1689393600000,1752505200000,17532,131,0.48854961832061067,0.035476773400814454,0.09936575966948717,2.87227918204078,1.0549609611375426,0.22137404580152673,0.5029585798816568,338,170,1.0
BTC/USDT:USDT,1h,is,0,zone_limit,1.5,0.0,pen_5bp,0,1689393600000,1752505200000,17532,123,0.4715447154471545,-0.01222088644671676,0.11184398651019853,-0.40538317460836176,0.9800002346150091,0.17886178861788618,0.45857988165680474,338,155,1.0
BTC/USDT:USDT,1h,is,0,zone_limit,1.5,0.0,pen_5bp_drop_50,0,1689393600000,1752505200000,17532,74,0.44594594594594594,-0.06792028076791376,0.12609526242453883,-8.19539856946542,0.8208240591798537,0.11486486486486487,0.26627218934911245,338,90,1.0
BTC/USDT:USDT,1h,is,0,zone_limit,1.5,0.0,pen_5bp_drop_50,1,1689393600000,1752505200000,17532,66,0.4696969696969697,-0.005998859692797851,0.08387480986680705,-0.2759242371352948,0.982693637960848,0.17424242424242425,0.22189349112426035,338,75,1.0
BTC/USDT:USDT,1h,is,0,zone_limit,1.5,0.0,pen_5bp_drop_50,2,1689393600000,1752505200000,17532,70,0.4714285714285714,0.0011332499933065265,0.10821146222301183,0.6360399507288442,1.0030508704447039,0.17857142857142858,0.23668639053254437,338,80,1.0
BTC/USDT:USDT,1h,is,0,zone_limit,1.5,0.0,pen_5bp_drop_50,3,1689393600000,1752505200000,17532,73,0.4383561643835616,-0.04546539731514822,0.06556359194316436,-5.108891834430272,0.8823400503067318,0.0958904109589041,0.2485207100591716,338,84,1.0
BTC/USDT:USDT,1h,is,0,zone_limit,1.5,0.0,pen_5bp_drop_50,4,1689393600000,1752505200000,17532,60,0.48333333333333334,0.004917920649788357,0.06190478818506923,1.2139162782767654,1.016884037711347,0.20833333333333334,0.20414201183431951,338,69,1.0
BTC/USDT:USDT,1h,oos,0,zone_limit,1.5,0.0,baseline,0,1752508800000,1784066400000,8767,74,0.4864864864864865,0.08230160590746073,0.05197145781825852,9.606781454310532,1.225997643501869,0.21621621621621623,0.45652173913043476,230,105,1.0
BTC/USDT:USDT,1h,oos,0,zone_limit,1.5,0.0,pen_5bp,0,1752508800000,1784066400000,8767,70,0.45714285714285713,0.033652867421132396,0.06869231120186456,4.543475165079612,1.0939107448775223,0.14285714285714285,0.41739130434782606,230,96,1.0
BTC/USDT:USDT,1h,oos,0,zone_limit,1.5,0.0,pen_5bp_drop_50,0,1752508800000,1784066400000,8767,49,0.4897959183673469,0.04329671184351173,0.06536903265877542,7.9289953765301044,1.1784200413626957,0.22448979591836735,0.26521739130434785,230,61,1.0
BTC/USDT:USDT,1h,oos,0,zone_limit,1.5,0.0,pen_5bp_drop_50,1,1752508800000,1784066400000,8767,40,0.425,-0.026324634387007245,0.07836169537242503,-5.260023117688045,0.8781240799258083,0.0625,0.21739130434782608,230,50,1.0
BTC/USDT:USDT,1h,oos,0,zone_limit,1.5,0.0,pen_5bp_drop_50,2,1752508800000,1784066400000,8767,43,0.4418604651162791,0.006078001461687745,0.07607920072421366,1.6970339681529913,1.0263995852932082,0.10465116279069768,0.24782608695652175,230,57,1.0
BTC/USDT:USDT,1h,oos,0,zone_limit,1.5,0.0,pen_5bp_drop_50,3,1752508800000,1784066400000,8767,40,0.35,-0.08132377151298514,0.10553323365571014,-18.299863550376504,0.6518088579817992,-0.125,0.2391304347826087,230,55,1.0
BTC/USDT:USDT,1h,oos,0,zone_limit,1.5,0.0,pen_5bp_drop_50,4,1752508800000,1784066400000,8767,39,0.4358974358974359,-0.008669793493847283,0.0798767736422251,-1.398044020886802,0.9592930832321689,0.08974358974358974,0.1956521739130435,230,45,1.0
BTC/USDT:USDT,4h,full,0,zone_limit,1.5,0.0,baseline,0,1689393600000,1784059200000,6575,55,0.45454545454545453,0.02940157018605605,0.07577321743087832,2.2716965419025175,1.0889152505411461,0.13636363636363635,0.5289855072463768,138,73,1.0
BTC/USDT:USDT,4h,full,0,zone_limit,1.5,0.0,pen_5bp,0,1689393600000,1784059200000,6575,53,0.4339622641509434,0.003403680436321156,0.07577643032750132,0.5259866438824696,1.0105459090564788,0.08490566037735849,0.5072463768115942,138,70,1.0
BTC/USDT:USDT,4h,full,0,zone_limit,1.5,0.0,pen_5bp_drop_50,0,1689393600000,1784059200000,6575,34,0.4117647058823529,-0.017200326212971594,0.058902976958477626,-1.652402877256517,0.9200859477411726,0.029411764705882353,0.30434782608695654,138,42,1.0
BTC/USDT:USDT,4h,full,0,zone_limit,1.5,0.0,pen_5bp_drop_50,1,1689393600000,1784059200000,6575,26,0.5,0.044182872992342345,0.038327130098933515,6.521075104059463,1.3094037421797529,0.25,0.2391304347826087,138,33,1.0
BTC/USDT:USDT,4h,full,0,zone_limit,1.5,0.0,pen_5bp_drop_50,2,1689393600000,1784059200000,6575,33,0.3939393939393939,-0.03190585910783593,0.06587475714848627,-3.5004356155711465,0.8500728924508258,-0.015151515151515152,0.2898550724637681,138,40,1.0
BTC/USDT:USDT,4h,full,0,zone_limit,1.5,0.0,pen_5bp_drop_50,3,1689393600000,1784059200000,6575,35,0.5142857142857142,0.0733928136831968,0.04583317336058471,7.837867442876176,1.3979781935352986,0.2857142857142857,0.3115942028985507,138,43,1.0
BTC/USDT:USDT,4h,full,0,zone_limit,1.5,0.0,pen_5bp_drop_50,4,1689393600000,1784059200000,6575,31,0.4838709677419355,0.03868782298609676,0.06342481876571014,4.857768562396705,1.2160009923399984,0.20967741935483872,0.2463768115942029,138,34,1.0
BTC/USDT:USDT,4h,is,0,zone_limit,1.5,0.0,baseline,0,1689393600000,1752494400000,4383,31,0.5161290322580645,0.06676951531248178,0.04849127759459155,8.042964824848307,1.4025594949009292,0.2903225806451613,0.44155844155844154,77,34,1.0
BTC/USDT:USDT,4h,is,0,zone_limit,1.5,0.0,pen_5bp,0,1689393600000,1752494400000,4383,29,0.4827586206896552,0.03983150006519845,0.04849127759459174,5.257019439923343,1.245721148709363,0.20689655172413793,0.4025974025974026,77,31,1.0
BTC/USDT:USDT,4h,is,0,zone_limit,1.5,0.0,pen_5bp_drop_50,0,1689393600000,1752494400000,4383,17,0.5294117647058824,0.04395466402568709,0.031494440481790745,9.506558232760133,1.5095139876804649,0.3235294117647059,0.24675324675324675,77,19,1.0
BTC/USDT:USDT,4h,is,0,zone_limit,1.5,0.0,pen_5bp_drop_50,1,1689393600000,1752494400000,4383,11,0.6363636363636364,0.05825028308865876,0.010811647072710108,19.5369484710229,2.337306097008117,0.5909090909090909,0.14285714285714285,77,11,1.0
BTC/USDT:USDT,4h,is,0,zone_limit,1.5,0.0,pen_5bp_drop_50,2,1689393600000,1752494400000,4383,14,0.5,0.02460007263568259,0.02092720500394454,6.602742961290686,1.3236618558129236,0.25,0.19480519480519481,77,15,1.0
BTC/USDT:USDT,4h,is,0,zone_limit,1.5,0.0,pen_5bp_drop_50,3,1689393600000,1752494400000,4383,18,0.5,0.03234689976433565,0.041566143978770405,6.740658635353698,1.3333415888577493,0.25,0.23376623376623376,77,18,1.0
BTC/USDT:USDT,4h,is,0,zone_limit,1.5,0.0,pen_5bp_drop_50,4,1689393600000,1752494400000,4383,15,0.6666666666666666,0.09351143543923718,0.021108692202891677,23.2097194117905,2.700497442658712,0.6666666666666666,0.19480519480519481,77,15,1.0
BTC/USDT:USDT,4h,oos,0,zone_limit,1.5,0.0,baseline,0,1752508800000,1784059200000,2192,15,0.3333333333333333,-0.03935940517560121,0.04218088516936156,-10.349972450981468,0.623704864823191,-0.16666666666666666,0.6341463414634146,41,26,1.0
BTC/USDT:USDT,4h,oos,0,zone_limit,1.5,0.0,pen_5bp,0,1752508800000,1784059200000,2192,15,0.3333333333333333,-0.03936274465783772,0.042180885169361484,-10.35073466325269,0.6236841364849227,-0.16666666666666666,0.6341463414634146,41,26,1.0
BTC/USDT:USDT,4h,oos,0,zone_limit,1.5,0.0,pen_5bp_drop_50,0,1752508800000,1784059200000,2192,11,0.45454545454545453,0.002576707523792902,0.021516692428376127,1.1349212372517317,1.04023046025373,0.13636363636363635,0.3902439024390244,41,16,1.0
BTC/USDT:USDT,4h,oos,0,zone_limit,1.5,0.0,pen_5bp_drop_50,1,1752508800000,1784059200000,2192,8,0.375,-0.01450171450062644,0.041761796281110944,-6.693217221774872,0.7224611861705149,-0.0625,0.2682926829268293,41,11,1.0
BTC/USDT:USDT,4h,oos,0,zone_limit,1.5,0.0,pen_5bp_drop_50,2,1752508800000,1784059200000,2192,8,0.375,-0.014958257515862532,0.031270335608708864,-7.0463920504895485,0.713597741149214,-0.0625,0.3170731707317073,41,13,1.0
BTC/USDT:USDT,4h,oos,0,zone_limit,1.5,0.0,pen_5bp_drop_50,3,1752508800000,1784059200000,2192,10,0.4,-0.0116606413751515,0.02818908684115413,-4.189414460767764,0.8157355633852323,0.0,0.34146341463414637,41,14,1.0
BTC/USDT:USDT,4h,oos,0,zone_limit,1.5,0.0,pen_5bp_drop_50,4,1752508800000,1784059200000,2192,8,0.375,-0.015203016819176265,0.03212525841751343,-6.986581457326844,0.7172434811342119,-0.0625,0.2926829268292683,41,12,1.0
ETH/USDT:USDT,15m,full,0,zone_limit,1.5,0.0,baseline,0,1689396300000,1784069100000,105193,797,0.5169385194479298,0.7565994198296179,0.21217538159114274,14.936625420762377,1.2041519236721465,0.29234629861982436,0.5028524857375714,2454,1234,1.0
ETH/USDT:USDT,15m,full,0,zone_limit,1.5,0.0,pen_5bp,0,1689396300000,1784069100000,105193,745,0.4966442953020134,0.3528745555766245,0.2482503904544121,8.877736015602144,1.110927535761435,0.24161073825503357,0.45354523227383864,2454,1113,1.0
ETH/USDT:USDT,15m,full,0,zone_limit,1.5,0.0,pen_5bp_drop_50,0,1689396300000,1784069100000,105193,411,0.4744525547445255,-0.019730881493630115,0.23057326956038923,-0.07132668527559947,0.9881853052710983,0.18613138686131386,0.2273838630806846,2454,558,1.0
ETH/USDT:USDT,15m,full,0,zone_limit,1.5,0.0,pen_5bp_drop_50,1,1689396300000,1784069100000,105193,433,0.49191685912240185,0.17545687635066223,0.22515639335382126,8.12015729268909,1.0944778874233578,0.22979214780600463,0.23675631621841892,2454,581,1.0
ETH/USDT:USDT,15m,full,0,zone_limit,1.5,0.0,pen_5bp_drop_50,2,1689396300000,1784069100000,105193,408,0.47549019607843135,-0.013763989052801117,0.1766651047429262,0.22933323864400942,0.9919982788467444,0.18872549019607843,0.2269763651181744,2454,557,1.0
ETH/USDT:USDT,15m,full,0,zone_limit,1.5,0.0,pen_5bp_drop_50,3,1689396300000,1784069100000,105193,399,0.46867167919799496,-0.04934834222597092,0.2859715193955305,-1.635804273159705,0.9676020961376162,0.17167919799498746,0.22330888345558272,2454,548,1.0
ETH/USDT:USDT,15m,full,0,zone_limit,1.5,0.0,pen_5bp_drop_50,4,1689396300000,1784069100000,105193,409,0.4718826405867971,0.030639132886555308,0.25521773770624057,2.3278281792815747,1.0183873134517623,0.17970660146699266,0.22982885085574573,2454,564,1.0
ETH/USDT:USDT,15m,is,0,zone_limit,1.5,0.0,baseline,0,1689396300000,1752510600000,70128,513,0.49707602339181284,0.13721228285756862,0.21217538159114274,5.951762612146344,1.0660486650260241,0.24269005847953215,0.5038709677419355,1550,781,1.0
ETH/USDT:USDT,15m,is,0,zone_limit,1.5,0.0,pen_5bp,0,1689396300000,1752510600000,70128,481,0.4802494802494803,-0.02312177608438906,0.2482503904544121,-0.11850363866015431,0.9877592174418245,0.20062370062370063,0.4529032258064516,1550,702,1.0
ETH/USDT:USDT,15m,is,0,zone_limit,1.5,0.0,pen_5bp_drop_50,0,1689396300000,1752510600000,70128,262,0.45038167938931295,-0.11865391642311861,0.23057326956038923,-8.79412270988768,0.8902577317412242,0.12595419847328243,0.22258064516129034,1550,345,1.0
ETH/USDT:USDT,15m,is,0,zone_limit,1.5,0.0,pen_5bp_drop_50,1,1689396300000,1752510600000,70128,281,0.48398576512455516,0.004444944826594838,0.22515639335382126,1.1928751143947878,1.0038805368437358,0.2099644128113879,0.23290322580645162,1550,361,1.0
ETH/USDT:USDT,15m,is,0,zone_limit,1.5,0.0,pen_5bp_drop_50,2,1689396300000,1752510600000,70128,253,0.4624505928853755,-0.13002178457549926,0.1766651047429262,-10.310210065767473,0.8799607804148493,0.15612648221343872,0.2238709677419355,1550,347,1.0
ETH/USDT:USDT,15m,is,0,zone_limit,1.5,0.0,pen_5bp_drop_50,3,1689396300000,1752510600000,70128,257,0.43190661478599224,-0.22857220219308855,0.2859715193955305,-20.129978764569035,0.7762939828945817,0.07976653696498054,0.2232258064516129,1550,346,1.0
ETH/USDT:USDT,15m,is,0,zone_limit,1.5,0.0,pen_5bp_drop_50,4,1689396300000,1752510600000,70128,261,0.4444444444444444,-0.1376517742966338,0.25521773770624057,-10.291501236405486,0.8737389273692022,0.1111111111111111,0.23161290322580644,1550,359,1.0
ETH/USDT:USDT,15m,oos,0,zone_limit,1.5,0.0,baseline,0,1752511500000,1784069100000,35065,274,0.551094890510949,0.5147820944367153,0.06287856204849065,30.16701566841471,1.3796474404075856,0.3777372262773723,0.49774266365688485,886,441,1.0
ETH/USDT:USDT,15m,oos,0,zone_limit,1.5,0.0,pen_5bp,0,1752511500000,1784069100000,35065,255,0.5215686274509804,0.345425703283515,0.07102664666402445,22.993701058691613,1.2733565825112205,0.30392156862745096,0.45146726862302483,886,400,1.0
ETH/USDT:USDT,15m,oos,0,zone_limit,1.5,0.0,pen_5bp_drop_50,0,1752511500000,1784069100000,35065,145,0.5448275862068965,0.30129349455291865,0.054431036466125196,34.85367894085501,1.4552638848952129,0.3620689655172414,0.23363431151241534,886,207,1.0
ETH/USDT:USDT,15m,oos,0,zone_limit,1.5,0.0,pen_5bp_drop_50,1,1752511500000,1784069100000,35065,138,0.5217391304347826,0.24249998988790067,0.0682131279110918,30.310407155878686,1.39489047601544,0.30434782608695654,0.2200902934537246,886,195,1.0
ETH/USDT:USDT,15m,oos,0,zone_limit,1.5,0.0,pen_5bp_drop_50,2,1752511500000,1784069100000,35065,151,0.4900662251655629,0.08919390433480057,0.12297004980477935,11.673692056397806,1.1320207114241392,0.2251655629139073,0.2325056433408578,886,206,1.0
ETH/USDT:USDT,15m,oos,0,zone_limit,1.5,0.0,pen_5bp_drop_50,3,1752511500000,1784069100000,35065,152,0.5394736842105263,0.24237641883623948,0.0658572618826331,27.49760036308867,1.3274142566173073,0.34868421052631576,0.23024830699774265,886,204,1.0
ETH/USDT:USDT,15m,oos,0,zone_limit,1.5,0.0,pen_5bp_drop_50,4,1752511500000,1784069100000,35065,144,0.5138888888888888,0.12701850284948196,0.07889538621881492,16.596439815802498,1.1916083868087048,0.2847222222222222,0.2291196388261851,886,203,1.0
ETH/USDT:USDT,1h,full,0,zone_limit,1.5,0.0,baseline,0,1689404400000,1784077200000,26299,234,0.5341880341880342,0.43740187183740853,0.12076368717392424,13.50566720079543,1.3550559908925852,0.33547008547008544,0.4792626728110599,651,312,1.0
ETH/USDT:USDT,1h,full,0,zone_limit,1.5,0.0,pen_5bp,0,1689404400000,1784077200000,26299,228,0.5219298245614035,0.36596357236016813,0.12076368717392409,11.894627886129067,1.301861439320541,0.3048245614035088,0.4608294930875576,651,300,1.0
ETH/USDT:USDT,1h,full,0,zone_limit,1.5,0.0,pen_5bp_drop_50,0,1689404400000,1784077200000,26299,135,0.5185185185185185,0.19293341693611674,0.10981265245107166,11.422270956751133,1.2934798908494274,0.2962962962962963,0.23809523809523808,651,155,1.0
ETH/USDT:USDT,1h,full,0,zone_limit,1.5,0.0,pen_5bp_drop_50,1,1689404400000,1784077200000,26299,121,0.47107438016528924,0.03702294132260122,0.07807633037234137,3.012194397747875,1.0580008223561257,0.17768595041322313,0.22887864823348694,651,149,1.0
ETH/USDT:USDT,1h,full,0,zone_limit,1.5,0.0,pen_5bp_drop_50,2,1689404400000,1784077200000,26299,130,0.47692307692307695,0.009260565457223311,0.10720443125090935,1.1122496999071825,1.013788821592059,0.19230769230769232,0.22887864823348694,651,149,1.0
ETH/USDT:USDT,1h,full,0,zone_limit,1.5,0.0,pen_5bp_drop_50,3,1689404400000,1784077200000,26299,136,0.5147058823529411,0.18294334691690492,0.12322406735180778,10.7512888475813,1.2753423766555694,0.2867647058823529,0.23809523809523808,651,155,1.0
ETH/USDT:USDT,1h,full,0,zone_limit,1.5,0.0,pen_5bp_drop_50,4,1689404400000,1784077200000,26299,128,0.4921875,0.10517396846952816,0.1219721526177771,6.96333160717325,1.1593663093908073,0.23046875,0.22887864823348694,651,149,1.0
ETH/USDT:USDT,1h,is,0,zone_limit,1.5,0.0,baseline,0,1689404400000,1752516000000,17532,148,0.5135135135135135,0.16554634900369164,0.12076368717392424,9.25741546703959,1.2312335505638616,0.28378378378378377,0.466824644549763,422,197,1.0
ETH/USDT:USDT,1h,is,0,zone_limit,1.5,0.0,pen_5bp,0,1689404400000,1752516000000,17532,146,0.5068493150684932,0.1471857023297871,0.12076368717392409,8.428485392222983,1.206946215311375,0.2671232876712329,0.45260663507109006,422,191,1.0
ETH/USDT:USDT,1h,is,0,zone_limit,1.5,0.0,pen_5bp_drop_50,0,1689404400000,1752516000000,17532,91,0.4835164835164835,0.026738098934424123,0.10981265245107166,2.974358037566283,1.058822237763721,0.2087912087912088,0.24407582938388625,422,103,1.0
ETH/USDT:USDT,1h,is,0,zone_limit,1.5,0.0,pen_5bp_drop_50,1,1689404400000,1752516000000,17532,76,0.4605263157894737,0.008977976849056723,0.07807633037234137,1.4930265020797937,1.0222431180330054,0.1513157894736842,0.22985781990521326,422,97,1.0
ETH/USDT:USDT,1h,is,0,zone_limit,1.5,0.0,pen_5bp_drop_50,2,1689404400000,1752516000000,17532,86,0.46511627906976744,-0.019301428444851082,0.10720443125090935,-1.4146660249206424,0.9566773087231747,0.16279069767441862,0.23222748815165878,422,98,1.0
ETH/USDT:USDT,1h,is,0,zone_limit,1.5,0.0,pen_5bp_drop_50,3,1689404400000,1752516000000,17532,89,0.4606741573033708,0.0026438518531884257,0.12322406735180778,0.7628277781366128,1.005826493286522,0.15168539325842698,0.23696682464454977,422,100,1.0
ETH/USDT:USDT,1h,is,0,zone_limit,1.5,0.0,pen_5bp_drop_50,4,1689404400000,1752516000000,17532,79,0.45569620253164556,0.008412825702443479,0.1219721526177771,1.3960070104666185,1.020112068222478,0.13924050632911392,0.22037914691943128,422,93,1.0
ETH/USDT:USDT,1h,oos,0,zone_limit,1.5,0.0,baseline,0,1752519600000,1784077200000,8767,78,0.5512820512820513,0.16515191691652745,0.07260688603759634,16.68899344032755,1.4125397392014978,0.3782051282051282,0.49065420560747663,214,105,1.0
ETH/USDT:USDT,1h,oos,0,zone_limit,1.5,0.0,pen_5bp,0,1752519600000,1784077200000,8767,76,0.5394736842105263,0.1485126220241078,0.07260688603759634,15.415673622025201,1.3718936126603065,0.34868421052631576,0.4719626168224299,214,101,1.0
ETH/USDT:USDT,1h,oos,0,zone_limit,1.5,0.0,pen_5bp_drop_50,0,1752519600000,1784077200000,8767,54,0.5185185185185185,0.06931720089956725,0.0652968553121339,10.67495835480909,1.2470756412894874,0.2962962962962963,0.29906542056074764,214,64,1.0
ETH/USDT:USDT,1h,oos,0,zone_limit,1.5,0.0,pen_5bp_drop_50,1,1752519600000,1784077200000,8767,47,0.46808510638297873,0.018019748360755875,0.07085606479950463,3.5643827022027827,1.0677840178363798,0.1702127659574468,0.24766355140186916,214,53,1.0
ETH/USDT:USDT,1h,oos,0,zone_limit,1.5,0.0,pen_5bp_drop_50,2,1752519600000,1784077200000,8767,48,0.5,0.06835679512682946,0.04300809311955118,11.48340809960815,1.2656382805199293,0.25,0.2757009345794392,214,59,1.0
ETH/USDT:USDT,1h,oos,0,zone_limit,1.5,0.0,pen_5bp_drop_50,3,1752519600000,1784077200000,8767,49,0.5102040816326531,0.06242302207487719,0.06172301337003879,10.388905101840617,1.242077903478286,0.2755102040816326,0.27102803738317754,214,58,1.0
ETH/USDT:USDT,1h,oos,0,zone_limit,1.5,0.0,pen_5bp_drop_50,4,1752519600000,1784077200000,8767,38,0.4473684210526316,-0.003870615805380476,0.051199932666227195,-0.28907625573405243,0.9820375338196465,0.11842105263157894,0.21495327102803738,214,46,1.0
ETH/USDT:USDT,4h,full,0,zone_limit,1.5,0.0,baseline,0,1689408000000,1784073600000,6575,50,0.54,0.13035131242270362,0.04005625124545628,9.667537226459425,1.5237512114300495,0.35,0.49572649572649574,117,58,1.0
ETH/USDT:USDT,4h,full,0,zone_limit,1.5,0.0,pen_5bp,0,1689408000000,1784073600000,6575,49,0.5306122448979592,0.11434854192150942,0.04005625124545624,8.739214792716442,1.465168688798042,0.32653061224489793,0.48717948717948717,117,57,1.0
ETH/USDT:USDT,4h,full,0,zone_limit,1.5,0.0,pen_5bp_drop_50,0,1689408000000,1784073600000,6575,28,0.5357142857142857,0.06329868771020046,0.026990369979261204,8.6258538206545,1.4470886836780898,0.3392857142857143,0.27350427350427353,117,32,1.0
ETH/USDT:USDT,4h,full,0,zone_limit,1.5,0.0,pen_5bp_drop_50,1,1689408000000,1784073600000,6575,23,0.4782608695652174,0.02676999221739716,0.039137802870997385,4.606209873593379,1.2148579503012151,0.1956521739130435,0.2222222222222222,117,26,1.0
ETH/USDT:USDT,4h,full,0,zone_limit,1.5,0.0,pen_5bp_drop_50,2,1689408000000,1784073600000,6575,30,0.5666666666666667,0.08891287704743281,0.05001182700413888,11.351662515373963,1.643582243903491,0.4166666666666667,0.2905982905982906,117,34,1.0
ETH/USDT:USDT,4h,full,0,zone_limit,1.5,0.0,pen_5bp_drop_50,3,1689408000000,1784073600000,6575,29,0.4827586206896552,0.022297588055438973,0.041372952423058676,3.2528415687406236,1.1433267338896966,0.20689655172413793,0.2905982905982906,117,34,1.0
ETH/USDT:USDT,4h,full,0,zone_limit,1.5,0.0,pen_5bp_drop_50,4,1689408000000,1784073600000,6575,24,0.4166666666666667,0.0016485712381680059,0.0476690197876178,0.536420533375988,1.0117038802772285,0.041666666666666664,0.23931623931623933,117,28,1.0
ETH/USDT:USDT,4h,is,0,zone_limit,1.5,0.0,baseline,0,1689408000000,1752508800000,4383,30,0.5,0.05083580242304179,0.04005625124545628,6.491712540077522,1.3212253287389624,0.25,0.44594594594594594,74,33,1.0
ETH/USDT:USDT,4h,is,0,zone_limit,1.5,0.0,pen_5bp,0,1689408000000,1752508800000,4383,29,0.4827586206896552,0.0359667770890248,0.04005625124545624,4.862813785999496,1.2298619357772809,0.20689655172413793,0.43243243243243246,74,32,1.0
ETH/USDT:USDT,4h,is,0,zone_limit,1.5,0.0,pen_5bp_drop_50,0,1689408000000,1752508800000,4383,18,0.5555555555555556,0.05250780941236826,0.02123154055731408,10.927929297440073,1.6093933600934054,0.3888888888888889,0.2702702702702703,74,20,1.0
ETH/USDT:USDT,4h,is,0,zone_limit,1.5,0.0,pen_5bp_drop_50,1,1689408000000,1752508800000,4383,10,0.4,-0.011646257976795459,0.039137802870997385,-4.320949617614621,0.8082453813066297,0.0,0.14864864864864866,74,11,1.0
ETH/USDT:USDT,4h,is,0,zone_limit,1.5,0.0,pen_5bp_drop_50,2,1689408000000,1752508800000,4383,14,0.5,0.020624735398748636,0.05001182700413888,5.764622491283341,1.2849247359824527,0.25,0.20270270270270271,74,15,1.0
ETH/USDT:USDT,4h,is,0,zone_limit,1.5,0.0,pen_5bp_drop_50,3,1689408000000,1752508800000,4383,17,0.47058823529411764,0.014112806214046031,0.041372952423058676,3.4134093239191454,1.152784410798907,0.17647058823529413,0.25675675675675674,74,19,1.0
ETH/USDT:USDT,4h,is,0,zone_limit,1.5,0.0,pen_5bp_drop_50,4,1689408000000,1752508800000,4383,14,0.35714285714285715,-0.01891412162329907,0.0476690197876178,-4.937014874633643,0.787359914787751,-0.10714285714285714,0.20270270270270271,74,15,1.0
ETH/USDT:USDT,4h,oos,0,zone_limit,1.5,0.0,baseline,0,1752523200000,1784073600000,2192,17,0.5294117647058824,0.02992717574239341,0.030733506926514963,6.953751557237281,1.3546020383929556,0.3235294117647059,0.5833333333333334,36,21,1.0
ETH/USDT:USDT,4h,oos,0,zone_limit,1.5,0.0,pen_5bp,0,1752523200000,1784073600000,2192,17,0.5294117647058824,0.029919205609793425,0.030741007633998608,6.951741648378541,1.3544748364052503,0.3235294117647059,0.5833333333333334,36,21,1.0
ETH/USDT:USDT,4h,oos,0,zone_limit,1.5,0.0,pen_5bp_drop_50,0,1752523200000,1784073600000,2192,12,0.5833333333333334,0.05023080819004263,0.030741007633998653,15.164275263564047,1.9222677813535651,0.4583333333333333,0.3611111111111111,36,13,1.0
ETH/USDT:USDT,4h,oos,0,zone_limit,1.5,0.0,pen_5bp_drop_50,1,1752523200000,1784073600000,2192,8,0.25,-0.04268122290859483,0.04681728066991596,-26.288057858916712,0.30570919595308405,-0.375,0.25,36,9,1.0
ETH/USDT:USDT,4h,oos,0,zone_limit,1.5,0.0,pen_5bp_drop_50,2,1752523200000,1784073600000,2192,10,0.4,-0.0046808171035516355,0.03130235772799895,-1.4244594714246026,0.9264224601878266,0.0,0.3333333333333333,36,12,1.0
ETH/USDT:USDT,4h,oos,0,zone_limit,1.5,0.0,pen_5bp_drop_50,3,1752523200000,1784073600000,2192,11,0.36363636363636365,-0.03204983164201804,0.05258589084659252,-12.665042758447399,0.549823067002444,-0.09090909090909091,0.3333333333333333,36,12,1.0
ETH/USDT:USDT,4h,oos,0,zone_limit,1.5,0.0,pen_5bp_drop_50,4,1752523200000,1784073600000,2192,6,0.16666666666666666,-0.03699533019691189,0.05092965128093089,-28.41929395187524,0.28411012942358177,-0.5833333333333334,0.2222222222222222,36,8,1.0
SOL/USDT:USDT,15m,full,0,zone_limit,1.5,0.0,baseline,0,1689407100000,1784079900000,105193,907,0.515986769570011,1.2399467126936234,0.12162554835819855,17.72140436625145,1.1848995879031377,0.28996692392502754,0.5047461824184895,2423,1223,1.0
SOL/USDT:USDT,15m,full,0,zone_limit,1.5,0.0,pen_5bp,0,1689407100000,1784079900000,105193,860,0.4790697674418605,0.379746005464788,0.15155655741293583,7.930624167143709,1.075846584630582,0.19767441860465115,0.4684275691291787,2423,1135,1.0
SOL/USDT:USDT,15m,full,0,zone_limit,1.5,0.0,pen_5bp_drop_50,0,1689407100000,1784079900000,105193,460,0.4673913043478261,0.020836184020113977,0.22268252782876535,1.7727514417611043,1.0093748602918282,0.16847826086956522,0.2352455633512175,2423,570,1.0
SOL/USDT:USDT,15m,full,0,zone_limit,1.5,0.0,pen_5bp_drop_50,1,1689407100000,1784079900000,105193,483,0.4554865424430642,-0.026701803612277943,0.25094304065519046,-0.08929148905249513,0.9893568375255363,0.13871635610766045,0.2443252166735452,2423,592,1.0
SOL/USDT:USDT,15m,full,0,zone_limit,1.5,0.0,pen_5bp_drop_50,2,1689407100000,1784079900000,105193,469,0.4669509594882729,0.09681197562917424,0.23928002106259025,4.541289251937081,1.0421075362371228,0.1673773987206823,0.23483285183656624,2423,569,1.0
SOL/USDT:USDT,15m,full,0,zone_limit,1.5,0.0,pen_5bp_drop_50,3,1689407100000,1784079900000,105193,464,0.4676724137931034,0.13850153326012024,0.18498835489549012,6.172413410779499,1.0562397628307258,0.16918103448275862,0.2302930251754024,2423,558,1.0
SOL/USDT:USDT,15m,full,0,zone_limit,1.5,0.0,pen_5bp_drop_50,4,1689407100000,1784079900000,105193,476,0.46638655462184875,0.04675927672528269,0.22859928578550412,2.7310325275560987,1.0194049998040844,0.16596638655462184,0.2381345439537763,2423,577,1.0
SOL/USDT:USDT,15m,is,0,zone_limit,1.5,0.0,baseline,0,1689407100000,1752521400000,70128,609,0.5155993431855501,0.8656988117971613,0.10240577842250166,19.7581369443239,1.2080642601954061,0.2889983579638752,0.5009322560596644,1609,806,1.0
SOL/USDT:USDT,15m,is,0,zone_limit,1.5,0.0,pen_5bp,0,1689407100000,1752521400000,70128,571,0.4746059544658494,0.26869965143957436,0.15155655741293583,8.5304150288344,1.0805182403953137,0.18651488616462347,0.46550652579241764,1609,749,1.0
SOL/USDT:USDT,15m,is,0,zone_limit,1.5,0.0,pen_5bp_drop_50,0,1689407100000,1752521400000,70128,295,0.45084745762711864,-0.0339405890189053,0.18624274474171185,-1.1456217829484252,0.9779674386848012,0.1271186440677966,0.22871348663766314,1609,368,1.0
SOL/USDT:USDT,15m,is,0,zone_limit,1.5,0.0,pen_5bp_drop_50,1,1689407100000,1752521400000,70128,317,0.4605678233438486,0.02715075647545018,0.1715914406332812,2.495569931208087,1.0159253405264712,0.15141955835962145,0.23927905531385954,1609,385,1.0
SOL/USDT:USDT,15m,is,0,zone_limit,1.5,0.0,pen_5bp_drop_50,2,1689407100000,1752521400000,70128,308,0.43506493506493504,-0.08732653651146484,0.2300773521619822,-4.333500296116077,0.946716418132961,0.08766233766233766,0.23119950279676818,1609,372,1.0
SOL/USDT:USDT,15m,is,0,zone_limit,1.5,0.0,pen_5bp_drop_50,3,1689407100000,1752521400000,70128,307,0.4592833876221498,0.07137715060678711,0.18498835489549012,5.056281731019754,1.0422678649059132,0.1482084690553746,0.22995649471721566,1609,370,1.0
SOL/USDT:USDT,15m,is,0,zone_limit,1.5,0.0,pen_5bp_drop_50,4,1689407100000,1752521400000,70128,309,0.459546925566343,0.023948939279728073,0.20778766211654795,2.352566022551566,1.014559172585685,0.1488673139158576,0.23555003107520198,1609,379,1.0
SOL/USDT:USDT,15m,oos,0,zone_limit,1.5,0.0,baseline,0,1752522300000,1784079900000,35065,283,0.508833922261484,0.14176446353890315,0.12162554836728344,10.350627627212022,1.1114224730399858,0.27208480565371024,0.5057179161372299,787,398,1.0
SOL/USDT:USDT,15m,oos,0,zone_limit,1.5,0.0,pen_5bp,0,1752522300000,1784079900000,35065,274,0.4781021897810219,0.034238486429634576,0.11586380461431121,3.3300536883562364,1.027824715622513,0.19525547445255476,0.4663278271918678,787,367,1.0
SOL/USDT:USDT,15m,oos,0,zone_limit,1.5,0.0,pen_5bp_drop_50,0,1752522300000,1784079900000,35065,149,0.48322147651006714,0.007350244171139639,0.09905368585301849,1.8499701704225922,1.0109766812106944,0.2080536912751678,0.2363405336721728,787,186,1.0
SOL/USDT:USDT,15m,oos,0,zone_limit,1.5,0.0,pen_5bp_drop_50,1,1752522300000,1784079900000,35065,146,0.4452054794520548,-0.04968736246384506,0.14139387231053516,-6.200935757011247,0.9252637317541454,0.11301369863013698,0.23252858958068615,787,183,1.0
SOL/USDT:USDT,15m,oos,0,zone_limit,1.5,0.0,pen_5bp_drop_50,2,1752522300000,1784079900000,35065,156,0.46153846153846156,-0.018701558824188034,0.11298018498142406,-1.4282408141092107,0.9746628547216923,0.15384615384615385,0.24015247776365947,787,189,1.0
SOL/USDT:USDT,15m,oos,0,zone_limit,1.5,0.0,pen_5bp_drop_50,3,1752522300000,1784079900000,35065,161,0.4658385093167702,-0.036585182478754356,0.10302976950274578,-3.704331610773584,0.9499126904871764,0.16459627329192547,0.24015247776365947,787,189,1.0
SOL/USDT:USDT,15m,oos,0,zone_limit,1.5,0.0,pen_5bp_drop_50,4,1752522300000,1784079900000,35065,154,0.474025974025974,0.01966517963985716,0.10294138694942856,3.3594602442372223,1.0278116513298676,0.18506493506493507,0.2363405336721728,787,186,1.0
SOL/USDT:USDT,1h,full,0,zone_limit,1.5,0.0,baseline,0,1689404400000,1784077200000,26299,233,0.5107296137339056,0.3978595530474295,0.06339721773499574,12.165329902504551,1.2935439820737888,0.27682403433476394,0.5066445182724253,602,305,1.0
SOL/USDT:USDT,1h,full,0,zone_limit,1.5,0.0,pen_5bp,0,1689404400000,1784077200000,26299,224,0.5044642857142857,0.3449304652471055,0.08213966737103545,11.181637283526863,1.2637417221637286,0.2611607142857143,0.49169435215946844,602,296,1.0
SOL/USDT:USDT,1h,full,0,zone_limit,1.5,0.0,pen_5bp_drop_50,0,1689404400000,1784077200000,26299,133,0.45864661654135336,0.043899398449578436,0.12338518627084208,3.157692363204988,1.0584098484141944,0.14661654135338345,0.2541528239202658,602,153,1.0
SOL/USDT:USDT,1h,full,0,zone_limit,1.5,0.0,pen_5bp_drop_50,1,1689404400000,1784077200000,26299,121,0.5041322314049587,0.1903806380404505,0.10202306881400254,11.992584642298617,1.262017132313932,0.2603305785123967,0.2425249169435216,602,146,1.0
SOL/USDT:USDT,1h,full,0,zone_limit,1.5,0.0,pen_5bp_drop_50,2,1689404400000,1784077200000,26299,122,0.45081967213114754,0.044715222744536,0.07953932126995944,3.3789012219936643,1.0664294295265655,0.12704918032786885,0.24584717607973422,602,148,1.0
SOL/USDT:USDT,1h,full,0,zone_limit,1.5,0.0,pen_5bp_drop_50,3,1689404400000,1784077200000,26299,127,0.48031496062992124,0.10491742633029062,0.09301659420216248,6.818157053259317,1.1447313438347537,0.20078740157480315,0.25083056478405313,602,151,1.0
SOL/USDT:USDT,1h,full,0,zone_limit,1.5,0.0,pen_5bp_drop_50,4,1689404400000,1784077200000,26299,127,0.5118110236220472,0.22105935823109138,0.10512814076111741,13.093849198272096,1.3131757610458068,0.2795275590551181,0.2425249169435216,602,146,1.0
SOL/USDT:USDT,1h,is,0,zone_limit,1.5,0.0,baseline,0,1689404400000,1752516000000,17532,157,0.5159235668789809,0.28563273000520495,0.06339721773499574,13.368633240454672,1.3427958512844211,0.2898089171974522,0.5050505050505051,396,200,1.0
SOL/USDT:USDT,1h,is,0,zone_limit,1.5,0.0,pen_5bp,0,1689404400000,1752516000000,17532,151,0.5099337748344371,0.25453949779560625,0.08213966737103545,12.525162885833367,1.3136392831879977,0.27483443708609273,0.4898989898989899,396,194,1.0
SOL/USDT:USDT,1h,is,0,zone_limit,1.5,0.0,pen_5bp_drop_50,0,1689404400000,1752516000000,17532,91,0.46153846153846156,0.045059720003639635,0.10713488870540722,4.445665165593404,1.0890256432015584,0.15384615384615385,0.26515151515151514,396,105,1.0
SOL/USDT:USDT,1h,is,0,zone_limit,1.5,0.0,pen_5bp_drop_50,1,1689404400000,1752516000000,17532,82,0.573170731707317,0.2906563132230132,0.0641964030566854,25.268769372052837,1.7042517804915014,0.4329268292682927,0.2474747474747475,396,98,1.0
SOL/USDT:USDT,1h,is,0,zone_limit,1.5,0.0,pen_5bp_drop_50,2,1689404400000,1752516000000,17532,81,0.43209876543209874,-0.01437221964793971,0.07953932126995944,-0.8593852307255387,0.9690123422475949,0.08024691358024691,0.25,396,99,1.0
SOL/USDT:USDT,1h,is,0,zone_limit,1.5,0.0,pen_5bp_drop_50,3,1689404400000,1752516000000,17532,85,0.49411764705882355,0.10330334292708503,0.09301659420216248,9.689478568398588,1.2260516706813684,0.23529411764705882,0.25757575757575757,396,102,1.0
SOL/USDT:USDT,1h,is,0,zone_limit,1.5,0.0,pen_5bp_drop_50,4,1689404400000,1752516000000,17532,83,0.5060240963855421,0.15039344148919753,0.10512814076111741,13.726642669494025,1.333142686217314,0.26506024096385544,0.2398989898989899,396,95,1.0
SOL/USDT:USDT,1h,oos,0,zone_limit,1.5,0.0,baseline,0,1752519600000,1784077200000,8767,65,0.4461538461538462,-0.0020949986310288297,0.05408158780844674,0.25808976247895316,0.9942519075495275,0.11538461538461539,0.4787234042553192,188,90,1.0
SOL/USDT:USDT,1h,oos,0,zone_limit,1.5,0.0,pen_5bp,0,1752519600000,1784077200000,8767,63,0.4444444444444444,-0.010913016032316045,0.05772315813568176,-0.9071436083950704,0.9694095956593561,0.1111111111111111,0.46808510638297873,188,88,1.0
SOL/USDT:USDT,1h,oos,0,zone_limit,1.5,0.0,pen_5bp_drop_50,0,1752519600000,1784077200000,8767,40,0.425,-0.010968001626792647,0.05965041441651958,-1.6635460699006457,0.9532981791062856,0.0625,0.2872340425531915,188,54,1.0
SOL/USDT:USDT,1h,oos,0,zone_limit,1.5,0.0,pen_5bp_drop_50,1,1752519600000,1784077200000,8767,38,0.3684210526315789,-0.05375654188806821,0.0915939661010834,-11.305858570804958,0.7758491546954098,-0.07894736842105263,0.23404255319148937,188,44,1.0
SOL/USDT:USDT,1h,oos,0,zone_limit,1.5,0.0,pen_5bp_drop_50,2,1752519600000,1784077200000,8767,43,0.46511627906976744,0.005033569123537564,0.06924187730068443,1.4751379035223984,1.020876740332739,0.16279069767441862,0.28191489361702127,188,53,1.0
SOL/USDT:USDT,1h,oos,0,zone_limit,1.5,0.0,pen_5bp_drop_50,3,1752519600000,1784077200000,8767,42,0.38095238095238093,-0.06086727735460827,0.1056126486240528,-11.779339012876305,0.7573910658900638,-0.047619047619047616,0.2765957446808511,188,52,1.0
SOL/USDT:USDT,1h,oos,0,zone_limit,1.5,0.0,pen_5bp_drop_50,4,1752519600000,1784077200000,8767,34,0.4117647058823529,-0.018850158471478244,0.051540316719921264,-3.9378493449470016,0.9072982051006523,0.029411764705882353,0.23404255319148937,188,44,1.0
SOL/USDT:USDT,4h,full,0,zone_limit,1.5,0.0,baseline,0,1689408000000,1784073600000,6575,66,0.5303030303030303,0.20265287517761335,0.098781154169163,10.747103434908492,1.6110661114958402,0.32575757575757575,0.6666666666666666,123,82,1.0
SOL/USDT:USDT,4h,full,0,zone_limit,1.5,0.0,pen_5bp,0,1689408000000,1784073600000,6575,66,0.5303030303030303,0.2026927958179025,0.09874725682903614,10.749425145335358,1.611231448623688,0.32575757575757575,0.6666666666666666,123,82,1.0
SOL/USDT:USDT,4h,full,0,zone_limit,1.5,0.0,pen_5bp_drop_50,0,1689408000000,1784073600000,6575,42,0.5476190476190477,0.14508362852659792,0.07185421409323141,12.333999259435098,1.7210828012129473,0.36904761904761907,0.4065040650406504,123,50,1.0
SOL/USDT:USDT,4h,full,0,zone_limit,1.5,0.0,pen_5bp_drop_50,1,1689408000000,1784073600000,6575,34,0.6176470588235294,0.18443264239964047,0.03078989391598805,19.30375066673667,2.283276771455805,0.5441176470588235,0.3252032520325203,123,40,1.0
SOL/USDT:USDT,4h,full,0,zone_limit,1.5,0.0,pen_5bp_drop_50,2,1689408000000,1784073600000,6575,39,0.5897435897435898,0.18132974034124327,0.04257665068498191,16.426488128853347,2.034525468519428,0.47435897435897434,0.3983739837398374,123,49,1.0
SOL/USDT:USDT,4h,full,0,zone_limit,1.5,0.0,pen_5bp_drop_50,3,1689408000000,1784073600000,6575,46,0.5,0.09931257715839056,0.0969658161521044,7.932194064119827,1.4142948129353319,0.25,0.3983739837398374,123,49,1.0
SOL/USDT:USDT,4h,full,0,zone_limit,1.5,0.0,pen_5bp_drop_50,4,1689408000000,1784073600000,6575,34,0.5588235294117647,0.1295533212549959,0.07179611625448448,13.587137417771382,1.8351124952355127,0.39705882352941174,0.3170731707317073,123,39,1.0
SOL/USDT:USDT,4h,is,0,zone_limit,1.5,0.0,baseline,0,1689408000000,1752508800000,4383,40,0.45,0.03296811339906908,0.098781154169163,3.304521897999587,1.143030712418812,0.125,0.6716417910447762,67,45,1.0
SOL/USDT:USDT,4h,is,0,zone_limit,1.5,0.0,pen_5bp,0,1689408000000,1752508800000,4383,40,0.45,0.03300696619452701,0.09874725682903614,3.308210212868451,1.1432196857523387,0.125,0.6716417910447762,67,45,1.0
SOL/USDT:USDT,4h,is,0,zone_limit,1.5,0.0,pen_5bp_drop_50,0,1689408000000,1752508800000,4383,22,0.45454545454545453,0.020330361380842807,0.07185421409323141,3.649513509766933,1.1623664221565646,0.13636363636363635,0.3880597014925373,67,26,1.0
SOL/USDT:USDT,4h,is,0,zone_limit,1.5,0.0,pen_5bp_drop_50,1,1689408000000,1752508800000,4383,16,0.5625,0.0603754351876596,0.03078989391598805,13.711758764859686,1.807348737346692,0.40625,0.2537313432835821,67,17,1.0
SOL/USDT:USDT,4h,is,0,zone_limit,1.5,0.0,pen_5bp_drop_50,2,1689408000000,1752508800000,4383,24,0.5416666666666666,0.07716681846942683,0.04257665068498191,11.69395013660021,1.657527527698733,0.3541666666666667,0.3880597014925373,67,26,1.0
SOL/USDT:USDT,4h,is,0,zone_limit,1.5,0.0,pen_5bp_drop_50,3,1689408000000,1752508800000,4383,24,0.4166666666666667,-0.0011191815960055465,0.0969658161521044,0.1070716249050685,0.9922745167710111,0.041666666666666664,0.373134328358209,67,25,1.0
SOL/USDT:USDT,4h,is,0,zone_limit,1.5,0.0,pen_5bp_drop_50,4,1689408000000,1752508800000,4383,22,0.45454545454545453,0.021233596432826563,0.07179611625448448,3.791676983087936,1.1737235535699793,0.13636363636363635,0.3582089552238806,67,24,1.0
SOL/USDT:USDT,4h,oos,0,zone_limit,1.5,0.0,baseline,0,1752523200000,1784073600000,2192,15,0.6666666666666666,0.09489538415048428,0.010699462337579553,23.800904867278287,2.749443092039935,0.6666666666666666,0.575,40,23,1.0
SOL/USDT:USDT,4h,oos,0,zone_limit,1.5,0.0,pen_5bp,0,1752523200000,1784073600000,2192,15,0.6666666666666666,0.09489538415048428,0.010699462337579553,23.800904867278287,2.749443092039935,0.6666666666666666,0.575,40,23,1.0
SOL/USDT:USDT,4h,oos,0,zone_limit,1.5,0.0,pen_5bp_drop_50,0,1752523200000,1784073600000,2192,13,0.6923076923076923,0.09215138632226298,0.010699462337579553,26.977160682438463,3.144535720505372,0.7307692307692307,0.375,40,15,1.0
SOL/USDT:USDT,4h,oos,0,zone_limit,1.5,0.0,pen_5bp_drop_50,1,1752523200000,1784073600000,2192,8,0.625,0.042292626876989564,0.010699462337579643,19.039211124748764,2.3358500668444666,0.5625,0.275,40,11,1.0
SOL/USDT:USDT,4h,oos,0,zone_limit,1.5,0.0,pen_5bp_drop_50,2,1752523200000,1784073600000,2192,10,0.8,0.09676466725609643,0.010699462337579553,41.84739847583572,5.540848521823251,1.0,0.3,40,12,1.0
SOL/USDT:USDT,4h,oos,0,zone_limit,1.5,0.0,pen_5bp_drop_50,3,1752523200000,1784073600000,2192,7,0.5714285714285714,0.02676231971063371,0.020978166949667504,13.492006618642629,1.847013042083266,0.42857142857142855,0.325,40,13,1.0
SOL/USDT:USDT,4h,oos,0,zone_limit,1.5,0.0,pen_5bp_drop_50,4,1752523200000,1784073600000,2192,9,0.7777777777777778,0.08419114706948276,0.01023534600365851,38.88017565266936,4.942532000196547,0.9444444444444444,0.25,40,10,1.0
