symbol,timeframe,segment,offset_bps,assumption,seed,penetration_bps,dropout_rate,num_trades,win_rate,total_return,max_drawdown,profit_factor,sharpe,mean_r,eligible_setups,num_filled,fill_rate,num_dropped,num_penetrations
BTC/USDT:USDT,15m,full,0.0,baseline,0,0.0,0.0,428,0.4953271028037383,0.07230950827450469,0.12702224717538088,1.0395401922247005,4.306364242547007,0.2383177570093458,2418,698,0.28866832092638545,0,1
BTC/USDT:USDT,15m,full,2.0,baseline,0,0.0,0.0,440,0.4818181818181818,0.01600293467059055,0.14971681366501108,1.0084660644845254,1.5881461937073942,0.20454545454545456,2418,703,0.2907361455748553,0,1
BTC/USDT:USDT,15m,full,5.0,baseline,0,0.0,0.0,461,0.4598698481561822,-0.11929523220657356,0.2192936272093656,0.9388557696213341,-5.029006202071768,0.14967462039045554,2418,707,0.2923904052936311,0,1
BTC/USDT:USDT,15m,full,10.0,baseline,0,0.0,0.0,474,0.41983122362869196,-0.3260185424310584,0.3474495189232,0.8245336098380156,-16.50436594120929,0.049578059071729956,2418,712,0.2944582299421009,0,1
BTC/USDT:USDT,15m,full,20.0,baseline,0,0.0,0.0,513,0.4015594541910331,-0.46007918218443217,0.47115207071261717,0.7682080357082886,-23.447711015722902,0.003898635477582846,2418,720,0.2977667493796526,0,1
BTC/USDT:USDT,15m,full,0.0,pen_5bp,0,5.0,0.0,400,0.47,-0.054296435779750206,0.15029486774676376,0.9683231266385195,-2.1115970781953854,0.175,2418,643,0.26592224979321755,0,1
BTC/USDT:USDT,15m,full,2.0,pen_5bp,0,5.0,0.0,423,0.4657210401891253,-0.0623082509435535,0.1558090978275169,0.9654287975908001,-2.3732085158627876,0.16430260047281323,2418,666,0.27543424317617865,0,1
BTC/USDT:USDT,15m,full,5.0,pen_5bp,0,5.0,0.0,456,0.45394736842105265,-0.1461277693954662,0.22929868842827344,0.9233556551266319,-6.513488075827999,0.13486842105263158,2418,696,0.2878411910669975,0,1
BTC/USDT:USDT,15m,full,10.0,pen_5bp,0,5.0,0.0,473,0.4186046511627907,-0.3293505321534486,0.35166244752292825,0.8224914309942543,-16.748382981442955,0.046511627906976744,2418,707,0.2923904052936311,0,1
BTC/USDT:USDT,15m,full,20.0,pen_5bp,0,5.0,0.0,513,0.4015594541910331,-0.46008598477002927,0.47120249622297833,0.7682157085032607,-23.44811841418176,0.003898635477582846,2418,719,0.2973531844499586,0,1
BTC/USDT:USDT,15m,full,0.0,pen_5bp_drop_50,0,5.0,0.5,226,0.43805309734513276,-0.13025663474136198,0.17261691535241955,0.866126092117635,-12.054814199396773,0.09513274336283185,2418,320,0.13234077750206782,323,1
BTC/USDT:USDT,15m,full,0.0,pen_5bp_drop_50,1,5.0,0.5,237,0.45569620253164556,-0.05385526991494116,0.16352192309718197,0.9507199220217054,-3.9451821793748914,0.13924050632911392,2418,333,0.13771712158808933,310,1
BTC/USDT:USDT,15m,full,0.0,pen_5bp_drop_50,2,5.0,0.5,230,0.46956521739130436,-0.02839597415642129,0.1340253462402958,0.9715563064482984,-1.7551884416467867,0.17391304347826086,2418,320,0.13234077750206782,323,0
BTC/USDT:USDT,15m,full,2.0,pen_5bp_drop_50,0,5.0,0.5,240,0.425,-0.1847555800170776,0.23099357766445514,0.8209798392916932,-17.213914986992506,0.0625,2418,331,0.1368899917287014,335,1
BTC/USDT:USDT,15m,full,2.0,pen_5bp_drop_50,1,5.0,0.5,242,0.45454545454545453,-0.06165264333446666,0.1601470768300928,0.9428829933981615,-4.543945214127354,0.13636363636363635,2418,343,0.14185277088502896,323,0
BTC/USDT:USDT,15m,full,2.0,pen_5bp_drop_50,2,5.0,0.5,238,0.49159663865546216,0.08854063992531774,0.15029925044617876,1.084300710203494,8.233119500526552,0.22899159663865545,2418,329,0.1360628618693135,337,0
BTC/USDT:USDT,15m,full,5.0,pen_5bp_drop_50,0,5.0,0.5,271,0.42066420664206644,-0.22381670231011366,0.28660356614040405,0.80688148117696,-18.77444207065428,0.05166051660516605,2418,344,0.14226633581472292,352,0
BTC/USDT:USDT,15m,full,5.0,pen_5bp_drop_50,1,5.0,0.5,257,0.42023346303501946,-0.20576411121165583,0.23725679835316082,0.8061322681051236,-17.974428577795923,0.05058365758754864,2418,357,0.14764267990074442,339,0
BTC/USDT:USDT,15m,full,5.0,pen_5bp_drop_50,2,5.0,0.5,252,0.44841269841269843,-0.15217677381016928,0.22514723654514768,0.8652869746340945,-12.942692957061452,0.12103174603174603,2418,346,0.14309346567411083,350,0
BTC/USDT:USDT,15m,full,10.0,pen_5bp_drop_50,0,5.0,0.5,266,0.39473684210526316,-0.2998525039698576,0.32389516385532957,0.7373716267880625,-26.907589841010232,-0.013157894736842105,2418,349,0.14433416046319272,358,1
BTC/USDT:USDT,15m,full,10.0,pen_5bp_drop_50,1,5.0,0.5,284,0.4154929577464789,-0.2538685188667876,0.2995205162088831,0.7894526849350519,-20.3939506906105,0.03873239436619718,2418,365,0.15095119933829612,342,1
BTC/USDT:USDT,15m,full,10.0,pen_5bp_drop_50,2,5.0,0.5,274,0.3978102189781022,-0.32110582106139984,0.3529927806339052,0.7249996501064757,-28.937255595303633,-0.005474452554744526,2418,349,0.14433416046319272,358,0
BTC/USDT:USDT,15m,full,20.0,pen_5bp_drop_50,0,5.0,0.5,293,0.3993174061433447,-0.30923770012892665,0.3317358447718446,0.7609607646504869,-24.238585407483384,-0.0017064846416382253,2418,358,0.1480562448304384,361,1
BTC/USDT:USDT,15m,full,20.0,pen_5bp_drop_50,1,5.0,0.5,303,0.37293729372937295,-0.433326372528326,0.4475088631226409,0.6609012102641663,-37.47200318135151,-0.06765676567656766,2418,371,0.1534325889164599,348,0
BTC/USDT:USDT,15m,full,20.0,pen_5bp_drop_50,2,5.0,0.5,297,0.41414141414141414,-0.24393137256830325,0.27700050659662606,0.8072925433947613,-17.94165350936849,0.03535353535353535,2418,358,0.1480562448304384,361,0
BTC/USDT:USDT,15m,is,0.0,baseline,0,0.0,0.0,264,0.5075757575757576,0.08335781859290546,0.11434461595421697,1.0765705421287548,7.280999119417973,0.2689393939393939,1593,438,0.2749529190207156,0,1
BTC/USDT:USDT,15m,is,2.0,baseline,0,0.0,0.0,273,0.4945054945054945,0.053335837396496937,0.12845891269638832,1.0467939117743152,4.859756053576719,0.23626373626373626,1593,441,0.2768361581920904,0,1
BTC/USDT:USDT,15m,is,5.0,baseline,0,0.0,0.0,285,0.47017543859649125,-0.047183176993583945,0.1700995404373131,0.9615076955958561,-2.7685582901348864,0.17543859649122806,1593,443,0.2780916509730069,0,1
BTC/USDT:USDT,15m,is,10.0,baseline,0,0.0,0.0,297,0.4276094276094276,-0.20726744546644232,0.23988237232285825,0.831948447716429,-15.45982470722054,0.06902356902356903,1593,447,0.2806026365348399,0,1
BTC/USDT:USDT,15m,is,20.0,baseline,0,0.0,0.0,315,0.40634920634920635,-0.3111627226649376,0.3307252538039467,0.7715880496070217,-22.90882630295658,0.015873015873015872,1593,452,0.2837413684871312,0,1
BTC/USDT:USDT,15m,is,0.0,pen_5bp_drop_50,0,5.0,0.5,146,0.4657534246575342,-0.040735127585143895,0.12238551306383563,0.9336225331012812,-5.144509122603245,0.1643835616438356,1593,209,0.13119899560577528,193,1
BTC/USDT:USDT,15m,is,0.0,pen_5bp_drop_50,1,5.0,0.5,142,0.5,0.07500148407870165,0.06054303278241685,1.1247201690585213,11.249060981439047,0.25,1593,197,0.12366603892027621,205,1
BTC/USDT:USDT,15m,is,0.0,pen_5bp_drop_50,2,5.0,0.5,148,0.4527027027027027,-0.05676130686297874,0.1340253462402958,0.9159046018753757,-7.241834275830962,0.13175675675675674,1593,206,0.1293157564344005,196,0
BTC/USDT:USDT,15m,is,2.0,pen_5bp_drop_50,0,5.0,0.5,154,0.45454545454545453,-0.05035812215272963,0.15258618161257026,0.9231736924359556,-6.1138319259385305,0.13636363636363635,1593,214,0.13433772755806653,202,1
BTC/USDT:USDT,15m,is,2.0,pen_5bp_drop_50,1,5.0,0.5,144,0.4791666666666667,-0.007504064561719133,0.12628927295077216,0.9879991424327168,-0.23121021182411478,0.19791666666666666,1593,205,0.12868801004394226,211,0
BTC/USDT:USDT,15m,is,2.0,pen_5bp_drop_50,2,5.0,0.5,147,0.5238095238095238,0.14031016057993892,0.07644912503075268,1.240419362256427,19.356761027796903,0.30952380952380953,1593,210,0.1318267419962335,206,0
BTC/USDT:USDT,15m,is,5.0,pen_5bp_drop_50,0,5.0,0.5,171,0.42105263157894735,-0.14902146003223116,0.2297073553213267,0.8052944829275075,-19.142882010315645,0.05263157894736842,1593,222,0.1393596986817326,214,0
BTC/USDT:USDT,15m,is,5.0,pen_5bp_drop_50,1,5.0,0.5,157,0.4267515923566879,-0.1356870962955225,0.19007728345750532,0.8021235035102519,-18.376295536011188,0.06687898089171974,1593,218,0.13684871311989957,218,0
BTC/USDT:USDT,15m,is,5.0,pen_5bp_drop_50,2,5.0,0.5,160,0.49375,0.021616773368029134,0.1325045913664455,1.0317646203334072,3.6157915392733564,0.234375,1593,220,0.13810420590081607,216,0
BTC/USDT:USDT,15m,is,10.0,pen_5bp_drop_50,0,5.0,0.5,170,0.40588235294117647,-0.1771999327520096,0.22164594174918129,0.7667333681124052,-22.75241668314887,0.014705882352941176,1593,226,0.1418706842435656,217,1
BTC/USDT:USDT,15m,is,10.0,pen_5bp_drop_50,1,5.0,0.5,174,0.41379310344827586,-0.20393889568379409,0.26766845110122656,0.7432154472245482,-26.494729702820152,0.034482758620689655,1593,223,0.13998744507219082,220,1
BTC/USDT:USDT,15m,is,10.0,pen_5bp_drop_50,2,5.0,0.5,182,0.41208791208791207,-0.18093762554933773,0.22747313957715634,0.7713761085273866,-22.119207301358998,0.03021978021978022,1593,227,0.14249843063402384,216,0
BTC/USDT:USDT,15m,is,20.0,pen_5bp_drop_50,0,5.0,0.5,182,0.41208791208791207,-0.1762565088261841,0.21720468375503255,0.7915151744064931,-20.180709900501597,0.03021978021978022,1593,231,0.14500941619585686,221,1
BTC/USDT:USDT,15m,is,20.0,pen_5bp_drop_50,1,5.0,0.5,184,0.3695652173913043,-0.29893177427791123,0.32863679993531025,0.6516176570293497,-38.35546712659714,-0.07608695652173914,1593,229,0.14375392341494037,223,0
BTC/USDT:USDT,15m,is,20.0,pen_5bp_drop_50,2,5.0,0.5,189,0.4074074074074074,-0.20646339885179005,0.2513640450315642,0.7588887458426206,-23.725109485895494,0.018518518518518517,1593,231,0.14500941619585686,221,0
BTC/USDT:USDT,15m,oos,0.0,baseline,0,0.0,0.0,145,0.46206896551724136,-0.0345663876135648,0.13709144826626737,0.9435904817740155,-4.394646657252844,0.15517241379310345,780,237,0.3038461538461538,0,0
BTC/USDT:USDT,15m,oos,2.0,baseline,0,0.0,0.0,148,0.44594594594594594,-0.06108199076046367,0.15970801566798767,0.9045868243388073,-8.25101438538356,0.11486486486486487,780,239,0.30641025641025643,0,0
BTC/USDT:USDT,15m,oos,5.0,baseline,0,0.0,0.0,157,0.43312101910828027,-0.09404317413114459,0.1895147347721672,0.8633240541400594,-12.619045445855976,0.08280254777070063,780,241,0.308974358974359,0,0
BTC/USDT:USDT,15m,oos,10.0,baseline,0,0.0,0.0,157,0.3885350318471338,-0.1732989730704845,0.20141928677218252,0.7570452430541366,-24.499737700944046,-0.028662420382165606,780,241,0.308974358974359,0,0
BTC/USDT:USDT,15m,oos,20.0,baseline,0,0.0,0.0,177,0.3728813559322034,-0.2505991093568163,0.25513877079120023,0.6946638407196492,-32.847538224581434,-0.06779661016949153,780,244,0.3128205128205128,0,0
BTC/USDT:USDT,15m,oos,0.0,pen_5bp_drop_50,0,5.0,0.5,83,0.43373493975903615,-0.0698186894931323,0.11697573113075123,0.8091059018388039,-18.042773684817703,0.08433734939759036,780,117,0.15,102,0
BTC/USDT:USDT,15m,oos,0.0,pen_5bp_drop_50,1,5.0,0.5,80,0.425,-0.06595739192986858,0.11252079118269166,0.8158183014300665,-17.39057504386653,0.0625,780,109,0.13974358974358975,110,0
BTC/USDT:USDT,15m,oos,0.0,pen_5bp_drop_50,2,5.0,0.5,80,0.45,-0.041875351964306536,0.0965552607811937,0.8764663836520372,-10.662602652880357,0.125,780,108,0.13846153846153847,111,0
BTC/USDT:USDT,15m,oos,2.0,pen_5bp_drop_50,0,5.0,0.5,86,0.3953488372093023,-0.06640053711023793,0.12974596933794927,0.8350358590751767,-15.372319666743559,-0.011627906976744186,780,121,0.15512820512820513,106,0
BTC/USDT:USDT,15m,oos,2.0,pen_5bp_drop_50,1,5.0,0.5,79,0.43037974683544306,-0.05836039770569951,0.10523447969208645,0.8347666772797009,-15.378459531354117,0.0759493670886076,780,114,0.14615384615384616,113,0
BTC/USDT:USDT,15m,oos,2.0,pen_5bp_drop_50,2,5.0,0.5,79,0.4430379746835443,-0.09207352660429369,0.12185759460172581,0.7440396670579554,-26.022865431478227,0.10759493670886076,780,112,0.14358974358974358,115,0
BTC/USDT:USDT,15m,oos,5.0,pen_5bp_drop_50,0,5.0,0.5,95,0.4421052631578947,-0.04388981245685391,0.11098706694828858,0.8963424626987447,-8.966888598096759,0.10526315789473684,780,126,0.16153846153846155,111,0
BTC/USDT:USDT,15m,oos,5.0,pen_5bp_drop_50,1,5.0,0.5,91,0.42857142857142855,-0.03417383447007778,0.12959273919200195,0.9191487159444508,-6.78432459047078,0.07142857142857142,780,119,0.15256410256410258,118,0
BTC/USDT:USDT,15m,oos,5.0,pen_5bp_drop_50,2,5.0,0.5,92,0.3804347826086957,-0.1605084525035003,0.18171785664096973,0.6255029922407329,-42.279946978135456,-0.04891304347826087,780,117,0.15,120,0
BTC/USDT:USDT,15m,oos,10.0,pen_5bp_drop_50,0,5.0,0.5,106,0.37735849056603776,-0.1222286375449934,0.16265635648938656,0.7583276054626241,-24.52792354146772,-0.05660377358490566,780,127,0.16282051282051282,114,0
BTC/USDT:USDT,15m,oos,10.0,pen_5bp_drop_50,1,5.0,0.5,88,0.375,-0.09552584799340784,0.16112322619145994,0.7801044343003131,-22.02269670822911,-0.0625,780,121,0.15512820512820513,120,0
BTC/USDT:USDT,15m,oos,10.0,pen_5bp_drop_50,2,5.0,0.5,88,0.4090909090909091,-0.07741514533240389,0.09203430507561874,0.8049045675829687,-18.398241417845792,0.022727272727272728,780,119,0.15256410256410258,122,0
BTC/USDT:USDT,15m,oos,20.0,pen_5bp_drop_50,0,5.0,0.5,109,0.3669724770642202,-0.18898603548036616,0.22180348943550682,0.6642982736766978,-38.369226465285045,-0.08256880733944955,780,128,0.1641025641025641,115,0
BTC/USDT:USDT,15m,oos,20.0,pen_5bp_drop_50,1,5.0,0.5,99,0.35353535353535354,-0.16275704090340096,0.19923995659809723,0.6834368221822704,-34.84227160768948,-0.11616161616161616,780,122,0.1564102564102564,121,0
BTC/USDT:USDT,15m,oos,20.0,pen_5bp_drop_50,2,5.0,0.5,100,0.32,-0.21490049601320307,0.21965640968358036,0.5728337064013994,-50.83272072890789,-0.2,780,120,0.15384615384615385,123,0
BTC/USDT:USDT,1h,full,0.0,baseline,0,0.0,0.0,134,0.48507462686567165,0.05389621161239938,0.12532126629251142,1.0799031905968366,3.804649219704683,0.20300751879699247,598,183,0.3060200668896321,0,0
BTC/USDT:USDT,1h,full,2.0,baseline,0,0.0,0.0,134,0.48507462686567165,0.056129978148504595,0.1239332895768735,1.0830556367514008,3.929465076289426,0.20300751879699247,598,185,0.3093645484949833,0,0
BTC/USDT:USDT,1h,full,5.0,baseline,0,0.0,0.0,133,0.48120300751879697,0.036071284699927125,0.12256596188835567,1.0532519889008782,2.748479563153927,0.19318181818181818,598,185,0.3093645484949833,0,0
BTC/USDT:USDT,1h,full,10.0,baseline,0,0.0,0.0,133,0.45864661654135336,-0.007935156782051126,0.1185043407795968,0.9886211180035409,0.028719910338270534,0.13636363636363635,598,185,0.3093645484949833,0,0
BTC/USDT:USDT,1h,full,20.0,baseline,0,0.0,0.0,131,0.42748091603053434,-0.06977965762173625,0.1576512078828016,0.901073328862967,-3.954018326205723,0.057692307692307696,598,187,0.31270903010033446,0,0
BTC/USDT:USDT,1h,full,0.0,pen_5bp,0,5.0,0.0,128,0.46875,0.009857222219188952,0.1458566107980995,1.015011120012397,1.1592933374171606,0.16141732283464566,598,177,0.2959866220735786,0,0
BTC/USDT:USDT,1h,full,2.0,pen_5bp,0,5.0,0.0,131,0.4732824427480916,0.03203575041180866,0.13269636459060039,1.047887684917184,2.5240439957018563,0.17307692307692307,598,181,0.30267558528428096,0,0
BTC/USDT:USDT,1h,full,5.0,pen_5bp,0,5.0,0.0,132,0.4772727272727273,0.026772992342260476,0.12248689052698498,1.0395545189729347,2.19213100803182,0.183206106870229,598,183,0.3060200668896321,0,0
BTC/USDT:USDT,1h,full,10.0,pen_5bp,0,5.0,0.0,133,0.45864661654135336,-0.007935156782051126,0.1185043407795968,0.9886211180035409,0.028719910338270534,0.13636363636363635,598,185,0.3093645484949833,0,0
BTC/USDT:USDT,1h,full,20.0,pen_5bp,0,5.0,0.0,131,0.42748091603053434,-0.06977965762173625,0.1576512078828016,0.901073328862967,-3.954018326205723,0.057692307692307696,598,185,0.3093645484949833,0,0
BTC/USDT:USDT,1h,full,0.0,pen_5bp_drop_50,0,5.0,0.5,79,0.4430379746835443,-0.03452068874756405,0.1285243828640687,0.918838092616453,-3.2135684459939697,0.10759493670886076,598,97,0.16220735785953178,80,0
BTC/USDT:USDT,1h,full,0.0,pen_5bp_drop_50,1,5.0,0.5,73,0.4794520547945205,0.01198058501518317,0.08911735052004839,1.031568488267588,1.8855569528697786,0.18055555555555555,598,89,0.1488294314381271,88,0
BTC/USDT:USDT,1h,full,0.0,pen_5bp_drop_50,2,5.0,0.5,73,0.4246575342465753,-0.06136825597559218,0.09666052266809873,0.8484091232539779,-6.9140378320064455,0.06164383561643835,598,91,0.15217391304347827,86,0
BTC/USDT:USDT,1h,full,2.0,pen_5bp_drop_50,0,5.0,0.5,83,0.46987951807228917,0.012791596490384654,0.08303812596396544,1.0293207506547857,1.7989456967679942,0.15853658536585366,598,99,0.16555183946488294,82,0
BTC/USDT:USDT,1h,full,2.0,pen_5bp_drop_50,1,5.0,0.5,72,0.4722222222222222,0.04058066390891854,0.08125641346773231,1.109392688597238,5.0547244911353175,0.1619718309859155,598,90,0.1505016722408027,91,0
BTC/USDT:USDT,1h,full,2.0,pen_5bp_drop_50,2,5.0,0.5,76,0.4342105263157895,-0.03748637735026259,0.12005491836391319,0.9083011618214017,-3.7098312382106258,0.06666666666666667,598,92,0.15384615384615385,89,0
BTC/USDT:USDT,1h,full,5.0,pen_5bp_drop_50,0,5.0,0.5,83,0.4939759036144578,0.05831986483237742,0.08374586715578619,1.1370260906394807,6.184189294551792,0.21951219512195122,598,101,0.1688963210702341,82,0
BTC/USDT:USDT,1h,full,5.0,pen_5bp_drop_50,1,5.0,0.5,74,0.4594594594594595,-0.0008708607285590915,0.08243612176772581,0.9977957966704467,0.4233625964197906,0.13013698630136986,598,91,0.15217391304347827,92,0
BTC/USDT:USDT,1h,full,5.0,pen_5bp_drop_50,2,5.0,0.5,76,0.4342105263157895,-0.04993148195523354,0.13170640856004381,0.8787102678643711,-5.111742885689807,0.08552631578947369,598,92,0.15384615384615385,91,0
BTC/USDT:USDT,1h,full,10.0,pen_5bp_drop_50,0,5.0,0.5,83,0.46987951807228917,0.03153366056517134,0.08501446037634112,1.0719124077233326,3.5871400259301844,0.1746987951807229,598,101,0.1688963210702341,84,0
BTC/USDT:USDT,1h,full,10.0,pen_5bp_drop_50,1,5.0,0.5,77,0.4675324675324675,0.013258200886451414,0.07957091433646857,1.0323058243657588,1.9319393444517068,0.1513157894736842,598,93,0.15551839464882944,92,0
BTC/USDT:USDT,1h,full,10.0,pen_5bp_drop_50,2,5.0,0.5,76,0.39473684210526316,-0.11497380440233883,0.14898475350552814,0.7351361988448291,-13.114753027215677,-0.013157894736842105,598,93,0.15551839464882944,92,0
BTC/USDT:USDT,1h,full,20.0,pen_5bp_drop_50,0,5.0,0.5,84,0.44047619047619047,0.0016257865391315135,0.08940412919066744,1.0035764301017267,0.6914330183267863,0.10119047619047619,598,101,0.1688963210702341,84,0
BTC/USDT:USDT,1h,full,20.0,pen_5bp_drop_50,1,5.0,0.5,78,0.44871794871794873,-0.005236618504357466,0.08635608645473257,0.9878394340400863,-0.011217066900010128,0.1038961038961039,598,93,0.15551839464882944,92,0
BTC/USDT:USDT,1h,full,20.0,pen_5bp_drop_50,2,5.0,0.5,76,0.3684210526315789,-0.1424342492005895,0.15414609494012432,0.684583402435389,-16.512744180971698,-0.07894736842105263,598,93,0.15551839464882944,92,0
BTC/USDT:USDT,1h,is,0.0,baseline,0,0.0,0.0,73,0.4383561643835616,-0.04165380727483607,0.12532126629251142,0.8915076664785587,-4.475647634271174,0.0958904109589041,338,95,0.28106508875739644,0,0
BTC/USDT:USDT,1h,is,2.0,baseline,0,0.0,0.0,73,0.4383561643835616,-0.037984873543307006,0.1239332895768735,0.9015529054932364,-3.9905130946180982,0.0958904109589041,338,95,0.28106508875739644,0,0
BTC/USDT:USDT,1h,is,5.0,baseline,0,0.0,0.0,74,0.44594594594594594,-0.03326101892205188,0.12256596188835567,0.9143959703902375,-3.3597753648793334,0.11486486486486487,338,95,0.28106508875739644,0,0
BTC/USDT:USDT,1h,is,10.0,baseline,0,0.0,0.0,74,0.43243243243243246,-0.04615313876532855,0.1185043407795968,0.8854002473009464,-4.816094523865251,0.08108108108108109,338,95,0.28106508875739644,0,0
BTC/USDT:USDT,1h,is,20.0,baseline,0,0.0,0.0,74,0.3918918918918919,-0.08730061228327085,0.1576512078828016,0.793208295714723,-9.56943006848387,-0.02027027027027027,338,95,0.28106508875739644,0,0
BTC/USDT:USDT,1h,is,0.0,pen_5bp_drop_50,0,5.0,0.5,49,0.42857142857142855,-0.04316093692478062,0.1285243828640687,0.8382467549791317,-7.200182912426242,0.07142857142857142,338,57,0.16863905325443787,34,0
BTC/USDT:USDT,1h,is,0.0,pen_5bp_drop_50,1,5.0,0.5,39,0.4358974358974359,-0.016992539944110468,0.08911735052004839,0.9196865914646261,-3.186818557624308,0.08974358974358974,338,46,0.13609467455621302,45,0
BTC/USDT:USDT,1h,is,0.0,pen_5bp_drop_50,2,5.0,0.5,43,0.4418604651162791,-0.018383826283017515,0.07678046164810788,0.9199271860966798,-3.1587445793587383,0.10465116279069768,338,54,0.15976331360946747,37,0
BTC/USDT:USDT,1h,is,2.0,pen_5bp_drop_50,0,5.0,0.5,51,0.47058823529411764,0.000713706799591273,0.08303812596396544,1.0027380097453538,0.6238577772151045,0.17647058823529413,338,59,0.17455621301775148,35,0
BTC/USDT:USDT,1h,is,2.0,pen_5bp_drop_50,1,5.0,0.5,42,0.40476190476190477,-0.03051549935163075,0.08125641346773231,0.8711458129056111,-5.606135278571128,0.011904761904761904,338,48,0.14201183431952663,46,0
BTC/USDT:USDT,1h,is,2.0,pen_5bp_drop_50,2,5.0,0.5,47,0.40425531914893614,-0.06040076508146194,0.12005491836391319,0.7720657302962027,-10.934865215373945,0.010638297872340425,338,56,0.16568047337278108,38,0
BTC/USDT:USDT,1h,is,5.0,pen_5bp_drop_50,0,5.0,0.5,50,0.48,0.01899281727936286,0.08374586715578619,1.0754556238437618,3.6712598281425324,0.2,338,60,0.17751479289940827,35,0
BTC/USDT:USDT,1h,is,5.0,pen_5bp_drop_50,1,5.0,0.5,42,0.4523809523809524,-0.004153420700817515,0.07596670457951575,0.9813827948382919,-0.3092704584095037,0.13095238095238096,338,49,0.14497041420118342,46,0
BTC/USDT:USDT,1h,is,5.0,pen_5bp_drop_50,2,5.0,0.5,48,0.375,-0.08751027462522507,0.13170640856004381,0.6883516426066322,-15.99410436910977,-0.0625,338,57,0.16863905325443787,38,0
BTC/USDT:USDT,1h,is,10.0,pen_5bp_drop_50,0,5.0,0.5,50,0.46,0.002718564973147659,0.08501446037634112,1.0102595414663345,0.9671427779953308,0.15,338,60,0.17751479289940827,35,0
BTC/USDT:USDT,1h,is,10.0,pen_5bp_drop_50,1,5.0,0.5,42,0.4523809523809524,-0.0003728001091063561,0.07600900354204643,0.9983491072999299,0.448885569756683,0.13095238095238096,338,49,0.14497041420118342,46,0
BTC/USDT:USDT,1h,is,10.0,pen_5bp_drop_50,2,5.0,0.5,47,0.3404255319148936,-0.1177743820646032,0.14319467199030125,0.5959178414045286,-22.80489018467068,-0.14893617021276595,338,57,0.16863905325443787,38,0
BTC/USDT:USDT,1h,is,20.0,pen_5bp_drop_50,0,5.0,0.5,50,0.42,-0.026808102489764497,0.08940412919066744,0.9044255820966072,-3.885272811628533,0.05,338,60,0.17751479289940827,35,0
BTC/USDT:USDT,1h,is,20.0,pen_5bp_drop_50,1,5.0,0.5,43,0.4418604651162791,0.0009138331472231584,0.07613877632664945,1.0038803531476583,0.701582163365054,0.10465116279069768,338,49,0.14497041420118342,46,0
BTC/USDT:USDT,1h,is,20.0,pen_5bp_drop_50,2,5.0,0.5,48,0.3333333333333333,-0.118280050094925,0.14600181730727746,0.6081193979798519,-21.962368962598045,-0.16666666666666666,338,57,0.16863905325443787,38,0
BTC/USDT:USDT,1h,oos,0.0,baseline,0,0.0,0.0,47,0.48936170212765956,0.022779991627174423,0.056955757113167395,1.0887434528416295,4.402095715561584,0.1956521739130435,230,66,0.28695652173913044,0,0
BTC/USDT:USDT,1h,oos,2.0,baseline,0,0.0,0.0,47,0.48936170212765956,0.01993295806552469,0.056471990771345,1.0781861788908234,3.935474066174713,0.1956521739130435,230,68,0.2956521739130435,0,0
BTC/USDT:USDT,1h,oos,5.0,baseline,0,0.0,0.0,45,0.4666666666666667,-0.005937818318098289,0.06984863317958184,0.9764575351712885,-0.5538212374219309,0.13636363636363635,230,68,0.2956521739130435,0,0
BTC/USDT:USDT,1h,oos,10.0,baseline,0,0.0,0.0,45,0.4222222222222222,-0.03786193680077904,0.0698356746882045,0.855873065764054,-6.452638005942202,0.022727272727272728,230,68,0.2956521739130435,0,0
BTC/USDT:USDT,1h,oos,20.0,baseline,0,0.0,0.0,43,0.3953488372093023,-0.06215623976367733,0.08468552956286297,0.7633069057260805,-11.62059926337319,-0.047619047619047616,230,70,0.30434782608695654,0,0
BTC/USDT:USDT,1h,oos,0.0,pen_5bp_drop_50,0,5.0,0.5,30,0.5333333333333333,0.039069545120056864,0.0504871874915783,1.2571952569485758,10.895336611180728,0.29310344827586204,230,40,0.17391304347826086,25,0
BTC/USDT:USDT,1h,oos,0.0,pen_5bp_drop_50,1,5.0,0.5,20,0.4,-0.02393097247550413,0.05602133639523914,0.8117328187527924,-8.959854651374693,0.0,230,30,0.13043478260869565,35,0
BTC/USDT:USDT,1h,oos,0.0,pen_5bp_drop_50,2,5.0,0.5,28,0.5,0.025414082757253893,0.05434975638351999,1.1689362575642552,7.65607273175457,0.2037037037037037,230,38,0.16521739130434782,27,0
BTC/USDT:USDT,1h,oos,2.0,pen_5bp_drop_50,0,5.0,0.5,30,0.5333333333333333,0.04102108616166206,0.050148208877523553,1.26945700270589,11.356346980112814,0.29310344827586204,230,40,0.17391304347826086,25,0
BTC/USDT:USDT,1h,oos,2.0,pen_5bp_drop_50,1,5.0,0.5,21,0.42857142857142855,-0.009169940858407244,0.04273036244178939,0.9285162408884261,-2.830590854632376,0.07142857142857142,230,30,0.13043478260869565,35,0
BTC/USDT:USDT,1h,oos,2.0,pen_5bp_drop_50,2,5.0,0.5,28,0.5,0.027101347496956803,0.042472635674944414,1.1804855128628073,8.075733147323675,0.2037037037037037,230,38,0.16521739130434782,27,0
BTC/USDT:USDT,1h,oos,5.0,pen_5bp_drop_50,0,5.0,0.5,28,0.4642857142857143,-0.014501549462336333,0.06601251894173037,0.9089508941977853,-3.81713761162602,0.16071428571428573,230,40,0.17391304347826086,26,0
BTC/USDT:USDT,1h,oos,5.0,pen_5bp_drop_50,1,5.0,0.5,22,0.5,0.016301976308856138,0.05215891010973885,1.1360172360787686,6.275311040894781,0.25,230,30,0.13043478260869565,36,0
BTC/USDT:USDT,1h,oos,5.0,pen_5bp_drop_50,2,5.0,0.5,27,0.37037037037037035,-0.05443460795751598,0.0875631884429173,0.6881563929737682,-16.59079328002374,-0.07407407407407407,230,38,0.16521739130434782,28,0
BTC/USDT:USDT,1h,oos,10.0,pen_5bp_drop_50,0,5.0,0.5,29,0.41379310344827586,-0.028835784584736394,0.07742798439227323,0.8348512690236705,-7.684309792903548,0.034482758620689655,230,41,0.1782608695652174,27,0
BTC/USDT:USDT,1h,oos,10.0,pen_5bp_drop_50,1,5.0,0.5,26,0.46153846153846156,-0.005400537294738933,0.05207975169834747,0.963897103967844,-1.1198486260369673,0.1,230,32,0.1391304347826087,36,0
BTC/USDT:USDT,1h,oos,10.0,pen_5bp_drop_50,2,5.0,0.5,27,0.37037037037037035,-0.04460413636398589,0.07855065905536741,0.7387854163156907,-13.20453334746896,-0.07407407407407407,230,39,0.16956521739130434,29,0
BTC/USDT:USDT,1h,oos,20.0,pen_5bp_drop_50,0,5.0,0.5,29,0.3793103448275862,-0.050668622733355186,0.07727322574000813,0.7254783740204281,-14.058797005094142,-0.05172413793103448,230,41,0.1782608695652174,27,0
BTC/USDT:USDT,1h,oos,20.0,pen_5bp_drop_50,1,5.0,0.5,24,0.4166666666666667,-0.030763323782974656,0.05193372197499341,0.7923709309621739,-9.9021284440417,-0.021739130434782608,230,32,0.1391304347826087,36,0
BTC/USDT:USDT,1h,oos,20.0,pen_5bp_drop_50,2,5.0,0.5,27,0.3333333333333333,-0.06888872955431088,0.08146245807869745,0.6210698106522561,-21.134931263824527,-0.16666666666666666,230,39,0.16956521739130434,29,0
ETH/USDT:USDT,15m,full,0.0,baseline,0,0.0,0.0,450,0.4888888888888889,0.13519544490683294,0.19055594966424863,1.066642651865289,6.191078039269371,0.2222222222222222,2456,681,0.2772801302931596,0,1
ETH/USDT:USDT,15m,full,2.0,baseline,0,0.0,0.0,456,0.48026315789473684,0.07317226938787535,0.2138350775885774,1.0357062264257952,3.812372395703938,0.20065789473684212,2456,687,0.27972312703583063,0,1
ETH/USDT:USDT,15m,full,5.0,baseline,0,0.0,0.0,465,0.46021505376344085,-0.057043394377096046,0.2715330814791088,0.971212100390064,-1.3832293306460544,0.15053763440860216,2456,695,0.28298045602605865,0,1
ETH/USDT:USDT,15m,full,10.0,baseline,0,0.0,0.0,481,0.4553014553014553,-0.11669762317818895,0.29960701761992725,0.9415456877412752,-3.755397089921462,0.13825363825363826,2456,706,0.28745928338762217,0,1
ETH/USDT:USDT,15m,full,20.0,baseline,0,0.0,0.0,490,0.4,-0.4367516884864618,0.448584535478291,0.7678921490239873,-19.922180688499814,0.0,2456,716,0.2915309446254072,0,1
ETH/USDT:USDT,15m,full,0.0,pen_5bp,0,5.0,0.0,430,0.4744186046511628,0.02414219757083538,0.20718352941670473,1.0126528543867617,1.969877063885763,0.18604651162790697,2456,647,0.26343648208469056,0,1
ETH/USDT:USDT,15m,full,2.0,pen_5bp,0,5.0,0.0,441,0.47392290249433106,0.015236302162900575,0.22470578757060902,1.0078404259911182,1.5783185135126863,0.18480725623582767,2456,660,0.2687296416938111,0,1
ETH/USDT:USDT,15m,full,5.0,pen_5bp,0,5.0,0.0,458,0.4606986899563319,-0.05708994533650966,0.2612178021791099,0.9708298578939957,-1.4149900062134975,0.1517467248908297,2456,681,0.2772801302931596,0,1
ETH/USDT:USDT,15m,full,10.0,pen_5bp,0,5.0,0.0,477,0.4528301886792453,-0.12066727061730653,0.2960594510054021,0.9394135811059099,-3.9554025532809085,0.1320754716981132,2456,695,0.28298045602605865,0,1
ETH/USDT:USDT,15m,full,20.0,pen_5bp,0,5.0,0.0,488,0.3975409836065574,-0.4388846858160685,0.4506727223210852,0.7680228117259269,-20.10918969536906,-0.006147540983606557,2456,712,0.2899022801302932,0,1
ETH/USDT:USDT,15m,full,0.0,pen_5bp_drop_50,0,5.0,0.5,249,0.46586345381526106,0.025794436754607703,0.15095047685821822,1.0223069920950756,2.8082313294584993,0.1646586345381526,2456,321,0.13070032573289903,326,0
ETH/USDT:USDT,15m,full,0.0,pen_5bp_drop_50,1,5.0,0.5,254,0.43700787401574803,-0.13242777609976747,0.20789055447011748,0.886687088443445,-9.3151590415333,0.09251968503937008,2456,335,0.13640065146579805,312,1
ETH/USDT:USDT,15m,full,0.0,pen_5bp_drop_50,2,5.0,0.5,246,0.46747967479674796,-0.012823988305761667,0.17213577556426465,0.9884428863926825,-0.03592867565546596,0.16869918699186992,2456,322,0.13110749185667753,325,1
ETH/USDT:USDT,15m,full,2.0,pen_5bp_drop_50,0,5.0,0.5,259,0.444015444015444,-0.06647384195517024,0.21545048029871822,0.942747445455208,-3.8085955734297934,0.11003861003861004,2456,327,0.13314332247557004,333,0
ETH/USDT:USDT,15m,full,2.0,pen_5bp_drop_50,1,5.0,0.5,266,0.44360902255639095,-0.09803729502670358,0.17814138001571503,0.9186372827484435,-6.199947425502564,0.10902255639097744,2456,340,0.13843648208469056,320,1
ETH/USDT:USDT,15m,full,2.0,pen_5bp_drop_50,2,5.0,0.5,250,0.468,0.015450883508103289,0.14690279336697604,1.0131206208178694,2.0743031081264673,0.17,2456,328,0.13355048859934854,332,1
ETH/USDT:USDT,15m,full,5.0,pen_5bp_drop_50,0,5.0,0.5,269,0.4349442379182156,-0.11229911144175093,0.1674903553972841,0.9089386348609447,-7.176333184694161,0.08736059479553904,2456,337,0.13721498371335505,344,1
ETH/USDT:USDT,15m,full,5.0,pen_5bp_drop_50,1,5.0,0.5,270,0.45185185185185184,-0.08687214624314292,0.19152396726788692,0.926360638027105,-5.30008960673597,0.12962962962962962,2456,350,0.14250814332247558,331,1
ETH/USDT:USDT,15m,full,5.0,pen_5bp_drop_50,2,5.0,0.5,261,0.4559386973180077,-0.028878007729438833,0.16215317205123556,0.9763858782505486,-1.0396334817626243,0.13984674329501914,2456,337,0.13721498371335505,344,0
ETH/USDT:USDT,15m,full,10.0,pen_5bp_drop_50,0,5.0,0.5,272,0.4375,-0.09597906398868872,0.17590223664083096,0.9249571282725596,-5.6889135673553195,0.09375,2456,344,0.14006514657980457,351,1
ETH/USDT:USDT,15m,full,10.0,pen_5bp_drop_50,1,5.0,0.5,280,0.45714285714285713,-0.036034823128145946,0.2099037855459379,0.9716202770503355,-1.4140264496770478,0.14285714285714285,2456,357,0.1453583061889251,338,1
ETH/USDT:USDT,15m,full,10.0,pen_5bp_drop_50,2,5.0,0.5,278,0.46402877697841727,-0.02845171016543318,0.13527464331944558,0.9780404486646179,-0.9057685688319825,0.16007194244604317,2456,345,0.14047231270358307,350,1
ETH/USDT:USDT,15m,full,20.0,pen_5bp_drop_50,0,5.0,0.5,285,0.3649122807017544,-0.38724108469843604,0.4114979113633776,0.6849247122518123,-29.645753234026596,-0.08771929824561403,2456,352,0.14332247557003258,360,1
ETH/USDT:USDT,15m,full,20.0,pen_5bp_drop_50,1,5.0,0.5,290,0.3724137931034483,-0.3732614764324113,0.3807041771797577,0.7098491773211602,-27.98181397447192,-0.06896551724137931,2456,366,0.1490228013029316,346,1
ETH/USDT:USDT,15m,full,20.0,pen_5bp_drop_50,2,5.0,0.5,282,0.37943262411347517,-0.3224612619859605,0.3565955622736087,0.7469113493152588,-22.941331822937084,-0.051418439716312055,2456,352,0.14332247557003258,360,1
ETH/USDT:USDT,15m,is,0.0,baseline,0,0.0,0.0,283,0.46996466431095407,-0.02359042846090615,0.19055594966424863,0.9809660997352212,-0.6676082273478005,0.17491166077738515,1549,412,0.2659780503550678,0,1
ETH/USDT:USDT,15m,is,2.0,baseline,0,0.0,0.0,287,0.45993031358885017,-0.056533212909460055,0.2138350775885774,0.9551081176491342,-2.8709826776491,0.14982578397212543,1549,417,0.26920593931568754,0,1
ETH/USDT:USDT,15m,is,5.0,baseline,0,0.0,0.0,291,0.4329896907216495,-0.15972077277088612,0.2715330814791088,0.8720645533174259,-10.242541270139926,0.08247422680412371,1549,420,0.2711426726920594,0,1
ETH/USDT:USDT,15m,is,10.0,baseline,0,0.0,0.0,303,0.42244224422442245,-0.21500339484870865,0.29960701761992725,0.8340588400525498,-13.857421816958052,0.056105610561056105,1549,428,0.276307295029051,0,1
ETH/USDT:USDT,15m,is,20.0,baseline,0,0.0,0.0,307,0.36807817589576547,-0.4225096133364317,0.43228073135197076,0.6804648308031271,-31.601594950451368,-0.07980456026058631,1549,435,0.28082633957391867,0,1
ETH/USDT:USDT,15m,is,0.0,pen_5bp_drop_50,0,5.0,0.5,158,0.43670886075949367,-0.07440901026351185,0.15095047685821822,0.9016723756755306,-7.986755778529014,0.09177215189873418,1549,202,0.13040671400903808,191,0
ETH/USDT:USDT,15m,is,0.0,pen_5bp_drop_50,1,5.0,0.5,152,0.4407894736842105,-0.09438226505437705,0.20789055447011748,0.8667570290613398,-11.12079807814233,0.10197368421052631,1549,193,0.12459651387992253,200,1
ETH/USDT:USDT,15m,is,0.0,pen_5bp_drop_50,2,5.0,0.5,162,0.4506172839506173,-0.0792326356093452,0.17213577556426465,0.8930333200539472,-8.66847067421636,0.12654320987654322,1549,202,0.13040671400903808,191,1
ETH/USDT:USDT,15m,is,2.0,pen_5bp_drop_50,0,5.0,0.5,167,0.40119760479041916,-0.15806792900949312,0.21545048029871822,0.7991781310681424,-17.822818738615613,0.0029940119760479044,1549,207,0.13363460296965785,193,0
ETH/USDT:USDT,15m,is,2.0,pen_5bp_drop_50,1,5.0,0.5,163,0.4171779141104294,-0.12424520339163773,0.17814138001571503,0.8390051907411521,-14.129944769220248,0.04294478527607362,1549,195,0.12588766946417043,205,1
ETH/USDT:USDT,15m,is,2.0,pen_5bp_drop_50,2,5.0,0.5,164,0.45121951219512196,-0.048138963880911254,0.14690279336697604,0.9367727665682573,-4.671795686379813,0.12804878048780488,1549,206,0.1329890251775339,194,1
ETH/USDT:USDT,15m,is,5.0,pen_5bp_drop_50,0,5.0,0.5,171,0.4093567251461988,-0.15646337343175382,0.1674903553972841,0.809282806560506,-17.539093881168085,0.023391812865497075,1549,213,0.13750806972240154,199,1
ETH/USDT:USDT,15m,is,5.0,pen_5bp_drop_50,1,5.0,0.5,165,0.40606060606060607,-0.1663268752695458,0.18369670298110888,0.7840275564491046,-20.12528104746439,0.015151515151515152,1549,202,0.13040671400903808,210,1
ETH/USDT:USDT,15m,is,5.0,pen_5bp_drop_50,2,5.0,0.5,162,0.43209876543209874,-0.10599948728279032,0.16215317205123556,0.8629558428824181,-11.714971741784794,0.08024691358024691,1549,208,0.1342801807617818,204,0
ETH/USDT:USDT,15m,is,10.0,pen_5bp_drop_50,0,5.0,0.5,168,0.42857142857142855,-0.07685479960957291,0.17590223664083096,0.9028175202557959,-7.593689363536041,0.07142857142857142,1549,215,0.13879922530664945,205,1
ETH/USDT:USDT,15m,is,10.0,pen_5bp_drop_50,1,5.0,0.5,171,0.4269005847953216,-0.08755998762807067,0.2099037855459379,0.8877620498796779,-8.806492032825005,0.06725146198830409,1549,209,0.13492575855390573,211,1
ETH/USDT:USDT,15m,is,10.0,pen_5bp_drop_50,2,5.0,0.5,174,0.4367816091954023,-0.08279666289042326,0.13527464331944558,0.9014141454919189,-7.954807703799556,0.09195402298850575,1549,212,0.1368624919302776,208,1
ETH/USDT:USDT,15m,is,20.0,pen_5bp_drop_50,0,5.0,0.5,179,0.31843575418994413,-0.38584922264637334,0.40297074505324665,0.5623847825388439,-49.39220218217661,-0.20391061452513967,1549,220,0.14202711426726922,213,1
ETH/USDT:USDT,15m,is,20.0,pen_5bp_drop_50,1,5.0,0.5,179,0.3407821229050279,-0.31659136543146044,0.31659136543146044,0.6394337673300252,-37.765118307097254,-0.14804469273743018,1549,216,0.1394448030987734,217,1
ETH/USDT:USDT,15m,is,20.0,pen_5bp_drop_50,2,5.0,0.5,178,0.33707865168539325,-0.34253718448822035,0.34730697591806464,0.6195792816321016,-41.562675071011384,-0.15730337078651685,1549,217,0.14009038089089734,216,1
ETH/USDT:USDT,15m,oos,0.0,baseline,0,0.0,0.0,158,0.5189873417721519,0.1565115742898528,0.04486484996428602,1.2069361894223651,17.78044086008705,0.2974683544303797,889,258,0.29021372328458944,0,0
ETH/USDT:USDT,15m,oos,2.0,baseline,0,0.0,0.0,160,0.5125,0.13034287871441483,0.04444277027247291,1.1661459712859423,14.886721662268615,0.28125,889,259,0.29133858267716534,0,0
ETH/USDT:USDT,15m,oos,5.0,baseline,0,0.0,0.0,164,0.5,0.10967659680131692,0.0599841846863977,1.1341628868187337,12.41493585810224,0.25,889,264,0.296962879640045,0,0
ETH/USDT:USDT,15m,oos,10.0,baseline,0,0.0,0.0,168,0.5059523809523809,0.10903084107256945,0.06819764872055008,1.1302952395680983,11.988959064184813,0.2648809523809524,889,267,0.30033745781777277,0,0
ETH/USDT:USDT,15m,oos,20.0,baseline,0,0.0,0.0,172,0.4476744186046512,-0.0403984254115654,0.12272177329367319,0.9556143021015688,-3.1564390631172268,0.11918604651162791,889,270,0.30371203599550056,0,0
ETH/USDT:USDT,15m,oos,0.0,pen_5bp_drop_50,0,5.0,0.5,100,0.53,0.13422439125326274,0.04070431340660064,1.283121121669896,23.116354024491127,0.325,889,129,0.14510686164229472,115,0
ETH/USDT:USDT,15m,oos,0.0,pen_5bp_drop_50,1,5.0,0.5,87,0.5287356321839081,0.08555317753929757,0.042378397460779,1.213383010860047,18.122952753854552,0.3218390804597701,889,123,0.13835770528683913,121,0
ETH/USDT:USDT,15m,oos,0.0,pen_5bp_drop_50,2,5.0,0.5,90,0.5,0.075071803850347,0.03651522634039294,1.1751878356340517,15.484552769613892,0.25,889,120,0.13498312710911137,124,0
ETH/USDT:USDT,15m,oos,2.0,pen_5bp_drop_50,0,5.0,0.5,96,0.5520833333333334,0.12037330288002067,0.07214536229815012,1.2665534338690032,22.310171218292666,0.3802083333333333,889,131,0.14735658042744657,118,0
ETH/USDT:USDT,15m,oos,2.0,pen_5bp_drop_50,1,5.0,0.5,89,0.550561797752809,0.13638732338925674,0.05306356748056139,1.3420345615859395,26.674605312423413,0.37640449438202245,889,125,0.140607424071991,124,0
ETH/USDT:USDT,15m,oos,2.0,pen_5bp_drop_50,2,5.0,0.5,93,0.44086021505376344,-0.06385715617572714,0.10761225395033519,0.869780236073163,-12.018932403754103,0.10215053763440861,889,124,0.13948256467941508,125,0
ETH/USDT:USDT,15m,oos,5.0,pen_5bp_drop_50,0,5.0,0.5,101,0.49504950495049505,0.06877651062873702,0.07693097283876182,1.136162994996113,12.760809335768394,0.2376237623762376,889,138,0.15523059617547807,120,0
ETH/USDT:USDT,15m,oos,5.0,pen_5bp_drop_50,1,5.0,0.5,95,0.49473684210526314,0.014188645730774807,0.06270302764415439,1.0313286310279788,3.6619960424173907,0.23684210526315788,889,130,0.14623172103487064,128,0
ETH/USDT:USDT,15m,oos,5.0,pen_5bp_drop_50,2,5.0,0.5,94,0.5425531914893617,0.1302346921122851,0.039131596145098105,1.2978102147310266,24.469189853452043,0.35638297872340424,889,128,0.1439820022497188,130,0
ETH/USDT:USDT,15m,oos,10.0,pen_5bp_drop_50,0,5.0,0.5,105,0.4666666666666667,-0.03213159147980714,0.0857597208035342,0.9386799717019557,-4.666824215145911,0.16666666666666666,889,143,0.1608548931383577,121,0
ETH/USDT:USDT,15m,oos,10.0,pen_5bp_drop_50,1,5.0,0.5,99,0.5151515151515151,0.0675988835035334,0.06736316411358906,1.142538303312396,12.839785275841225,0.2878787878787879,889,132,0.1484814398200225,132,0
ETH/USDT:USDT,15m,oos,10.0,pen_5bp_drop_50,2,5.0,0.5,100,0.49,0.050199572139254814,0.05872534257395271,1.1012905866904343,9.55122102412191,0.225,889,130,0.14623172103487064,134,0
ETH/USDT:USDT,15m,oos,20.0,pen_5bp_drop_50,0,5.0,0.5,111,0.46846846846846846,0.04526762164732609,0.12314304867731417,1.0796063247376124,7.893046037660775,0.17117117117117117,889,144,0.16197975253093364,124,0
ETH/USDT:USDT,15m,oos,20.0,pen_5bp_drop_50,1,5.0,0.5,95,0.4421052631578947,-0.009479987009788965,0.08716407879173808,0.9818261310543777,-0.6725496082508735,0.10526315789473684,889,133,0.14960629921259844,135,0
ETH/USDT:USDT,15m,oos,20.0,pen_5bp_drop_50,2,5.0,0.5,98,0.41836734693877553,-0.09406914208174039,0.15167290518757381,0.8182530296524073,-16.934593986349107,0.04591836734693878,889,132,0.1484814398200225,136,0
ETH/USDT:USDT,1h,full,0.0,baseline,0,0.0,0.0,140,0.5,0.15586884266342496,0.1126469638593453,1.212060720315336,8.74288299285533,0.25,651,204,0.31336405529953915,0,0
ETH/USDT:USDT,1h,full,2.0,baseline,0,0.0,0.0,140,0.5,0.1620857033785802,0.11084813786241175,1.2193951698388352,9.01727285080974,0.25,651,206,0.31643625192012287,0,0
ETH/USDT:USDT,1h,full,5.0,baseline,0,0.0,0.0,139,0.4892086330935252,0.11515799390468309,0.11760043843205331,1.1562849626051477,6.743560212928017,0.22302158273381295,651,207,0.31797235023041476,0,0
ETH/USDT:USDT,1h,full,10.0,baseline,0,0.0,0.0,139,0.4676258992805755,0.04658490778401956,0.1388145941411606,1.0625222879085605,3.1332714841508906,0.16906474820143885,651,207,0.31797235023041476,0,0
ETH/USDT:USDT,1h,full,20.0,baseline,0,0.0,0.0,135,0.42962962962962964,-0.04946734649412265,0.1907073506410873,0.9323991242517411,-2.4039144779050856,0.07407407407407407,651,211,0.3241167434715822,0,0
ETH/USDT:USDT,1h,full,0.0,pen_5bp,0,5.0,0.0,136,0.4852941176470588,0.11433622890160877,0.11803253895327398,1.1576810095388224,6.810677337096833,0.21323529411764705,651,197,0.30261136712749614,0,0
ETH/USDT:USDT,1h,full,2.0,pen_5bp,0,5.0,0.0,138,0.4927536231884058,0.13680557879781172,0.11084813786241175,1.1863879416328993,7.867604470022724,0.2318840579710145,651,200,0.30721966205837176,0,0
ETH/USDT:USDT,1h,full,5.0,pen_5bp,0,5.0,0.0,139,0.4892086330935252,0.11515799390468309,0.11760043843205331,1.1562849626051477,6.743560212928017,0.22302158273381295,651,204,0.31336405529953915,0,0
ETH/USDT:USDT,1h,full,10.0,pen_5bp,0,5.0,0.0,139,0.4676258992805755,0.04658490778401956,0.1388145941411606,1.0625222879085605,3.1332714841508906,0.16906474820143885,651,207,0.31797235023041476,0,0
ETH/USDT:USDT,1h,full,20.0,pen_5bp,0,5.0,0.0,133,0.42105263157894735,-0.07355237635702287,0.20196813084741033,0.8985963196321148,-3.9757318699139117,0.05263157894736842,651,209,0.3210445468509985,0,0
ETH/USDT:USDT,1h,full,0.0,pen_5bp_drop_50,0,5.0,0.5,86,0.4418604651162791,-0.02757357373043669,0.0784003594517475,0.9434781285972219,-2.061155388887408,0.10465116279069768,651,106,0.16282642089093702,91,0
ETH/USDT:USDT,1h,full,0.0,pen_5bp_drop_50,1,5.0,0.5,78,0.48717948717948717,0.06458640438789098,0.07188164953926729,1.1518608705185986,6.871923688558713,0.21794871794871795,651,98,0.15053763440860216,99,0
ETH/USDT:USDT,1h,full,0.0,pen_5bp_drop_50,2,5.0,0.5,77,0.42857142857142855,-0.03790999249250708,0.11438156963345845,0.9112229258362564,-3.4856774854733055,0.07142857142857142,651,100,0.15360983102918588,97,0
ETH/USDT:USDT,1h,full,2.0,pen_5bp_drop_50,0,5.0,0.5,77,0.42857142857142855,-0.03443816751151298,0.09654903371228402,0.922429317041878,-3.0661663557812338,0.07142857142857142,651,107,0.16436251920122888,93,0
ETH/USDT:USDT,1h,full,2.0,pen_5bp_drop_50,1,5.0,0.5,79,0.45569620253164556,0.01600908601403007,0.10537367194503168,1.0367749831049047,2.1319831798666056,0.13924050632911392,651,99,0.15207373271889402,101,0
ETH/USDT:USDT,1h,full,2.0,pen_5bp_drop_50,2,5.0,0.5,79,0.5316455696202531,0.16893431665963962,0.062097617944301964,1.4176355482964842,16.07958184381463,0.3291139240506329,651,102,0.15668202764976957,98,0
ETH/USDT:USDT,1h,full,5.0,pen_5bp_drop_50,0,5.0,0.5,80,0.4625,0.016167285494942552,0.09154019071950721,1.0371307492865933,2.132689330401347,0.15625,651,108,0.16589861751152074,96,0
ETH/USDT:USDT,1h,full,5.0,pen_5bp_drop_50,1,5.0,0.5,76,0.42105263157894735,-0.05635585530290919,0.12742042664410455,0.8700171692881526,-5.566892478852993,0.05263157894736842,651,101,0.15514592933947774,103,0
ETH/USDT:USDT,1h,full,5.0,pen_5bp_drop_50,2,5.0,0.5,85,0.5058823529411764,0.11006323221015428,0.07160532698080305,1.2400012322762375,10.237646795538138,0.2647058823529412,651,104,0.1597542242703533,100,0
ETH/USDT:USDT,1h,full,10.0,pen_5bp_drop_50,0,5.0,0.5,84,0.40476190476190477,-0.08827087289100055,0.1633594743857022,0.8181750240917224,-8.155266351755056,0.011904761904761904,651,110,0.16897081413210446,97,0
ETH/USDT:USDT,1h,full,10.0,pen_5bp_drop_50,1,5.0,0.5,80,0.325,-0.2043470161854979,0.2558181506748218,0.5750935561145445,-23.197261403559935,-0.1875,651,102,0.15668202764976957,105,0
ETH/USDT:USDT,1h,full,10.0,pen_5bp_drop_50,2,5.0,0.5,86,0.4186046511627907,-0.07023288395790114,0.12961227654333402,0.8593591334981477,-6.217769203334629,0.046511627906976744,651,105,0.16129032258064516,102,0
ETH/USDT:USDT,1h,full,20.0,pen_5bp_drop_50,0,5.0,0.5,89,0.38202247191011235,-0.11515888151485523,0.2019560154564929,0.7725745691203645,-10.322132283749289,-0.0449438202247191,651,111,0.17050691244239632,98,0
ETH/USDT:USDT,1h,full,20.0,pen_5bp_drop_50,1,5.0,0.5,78,0.3333333333333333,-0.1796165775631969,0.2404249630153121,0.6144405418754318,-20.136444433348824,-0.16666666666666666,651,103,0.15821812596006143,106,0
ETH/USDT:USDT,1h,full,20.0,pen_5bp_drop_50,2,5.0,0.5,83,0.37349397590361444,-0.11673175438643539,0.20432153528793381,0.7622577681812457,-11.254025629083792,-0.06626506024096386,651,106,0.16282642089093702,103,0
ETH/USDT:USDT,1h,is,0.0,baseline,0,0.0,0.0,81,0.4567901234567901,-0.020110153050387453,0.1126469638593453,0.9545200135129043,-1.4850783162107275,0.1419753086419753,421,119,0.2826603325415677,0,0
ETH/USDT:USDT,1h,is,2.0,baseline,0,0.0,0.0,81,0.4567901234567901,-0.01644399754148544,0.11084813786241175,0.9629585333855533,-1.1036471781016883,0.1419753086419753,421,120,0.2850356294536817,0,0
ETH/USDT:USDT,1h,is,5.0,baseline,0,0.0,0.0,81,0.4444444444444444,-0.04511223921976543,0.11760043843205331,0.9000148633039716,-4.073510377174324,0.1111111111111111,421,121,0.28741092636579574,0,0
ETH/USDT:USDT,1h,is,10.0,baseline,0,0.0,0.0,80,0.4125,-0.09505081607921693,0.1388145941411606,0.7971093809817886,-9.61051300804292,0.03125,421,121,0.28741092636579574,0,0
ETH/USDT:USDT,1h,is,20.0,baseline,0,0.0,0.0,78,0.358974358974359,-0.15824658133557204,0.1907073506410873,0.6699041739730268,-17.599099778279545,-0.10256410256410256,421,123,0.2921615201900237,0,0
ETH/USDT:USDT,1h,is,0.0,pen_5bp_drop_50,0,5.0,0.5,56,0.44642857142857145,-0.01772185688790978,0.0784003594517475,0.9432592216732022,-2.0348656382103725,0.11607142857142858,421,71,0.16864608076009502,44,0
ETH/USDT:USDT,1h,is,0.0,pen_5bp_drop_50,1,5.0,0.5,49,0.46938775510204084,0.011397086505396328,0.07188164953926729,1.042438486189475,2.3806178699830776,0.17346938775510204,421,59,0.14014251781472684,56,0
ETH/USDT:USDT,1h,is,0.0,pen_5bp_drop_50,2,5.0,0.5,48,0.375,-0.08851437456917792,0.10382126720750003,0.6970250828670712,-15.497826563797586,-0.0625,421,64,0.15201900237529692,51,0
ETH/USDT:USDT,1h,is,2.0,pen_5bp_drop_50,0,5.0,0.5,51,0.39215686274509803,-0.06886112146992582,0.07886296638382266,0.7825264344755992,-10.700390603173773,-0.0196078431372549,421,73,0.17339667458432304,44,0
ETH/USDT:USDT,1h,is,2.0,pen_5bp_drop_50,1,5.0,0.5,48,0.4375,-0.01922700874607126,0.10537367194503168,0.9293527579582462,-2.6687162697482005,0.09375,421,61,0.14489311163895488,56,0
ETH/USDT:USDT,1h,is,2.0,pen_5bp_drop_50,2,5.0,0.5,50,0.5,0.06178938916172556,0.062097617944301964,1.2329637452680815,9.87024261053765,0.25,421,65,0.1543942992874109,52,0
ETH/USDT:USDT,1h,is,5.0,pen_5bp_drop_50,0,5.0,0.5,51,0.39215686274509803,-0.08050514759596171,0.09154019071950721,0.7441009186172152,-12.969459328998267,-0.0196078431372549,421,74,0.17577197149643706,45,0
ETH/USDT:USDT,1h,is,5.0,pen_5bp_drop_50,1,5.0,0.5,47,0.3829787234042553,-0.07879465868446768,0.12742042664410455,0.7261373799724861,-13.675263452473594,-0.0425531914893617,421,63,0.1496437054631829,56,0
ETH/USDT:USDT,1h,is,5.0,pen_5bp_drop_50,2,5.0,0.5,50,0.5,0.04848198659528225,0.07160532698080305,1.1842358573017702,8.007323442139887,0.25,421,65,0.1543942992874109,54,0
ETH/USDT:USDT,1h,is,10.0,pen_5bp_drop_50,0,5.0,0.5,59,0.3389830508474576,-0.1451124110094339,0.1527031548439185,0.6200765794859804,-21.200777694911054,-0.15254237288135594,421,76,0.18052256532066507,45,0
ETH/USDT:USDT,1h,is,10.0,pen_5bp_drop_50,1,5.0,0.5,51,0.2549019607843137,-0.212786112480468,0.23031693308014273,0.3955049019857783,-42.018691692895075,-0.3627450980392157,421,64,0.15201900237529692,57,0
ETH/USDT:USDT,1h,is,10.0,pen_5bp_drop_50,2,5.0,0.5,52,0.36538461538461536,-0.10852434036477662,0.12299344829862581,0.6735973740470452,-17.620451893503258,-0.08653846153846154,421,66,0.15676959619952494,55,0
ETH/USDT:USDT,1h,is,20.0,pen_5bp_drop_50,0,5.0,0.5,56,0.2857142857142857,-0.18509185282057297,0.2019560154564929,0.5067301044187031,-30.21159156444222,-0.2857142857142857,421,76,0.18052256532066507,46,0
ETH/USDT:USDT,1h,is,20.0,pen_5bp_drop_50,1,5.0,0.5,49,0.24489795918367346,-0.21164064873787328,0.2404249630153121,0.3790548527075387,-43.62681516863587,-0.3877551020408163,421,65,0.1543942992874109,57,0
ETH/USDT:USDT,1h,is,20.0,pen_5bp_drop_50,2,5.0,0.5,52,0.28846153846153844,-0.1738239932923545,0.1873410579527152,0.5119082998347734,-30.830380351306257,-0.27884615384615385,421,67,0.15914489311163896,55,0
ETH/USDT:USDT,1h,oos,0.0,baseline,0,0.0,0.0,53,0.5471698113207547,0.14605529821062666,0.054614446485269946,1.539608306535082,20.52813045292597,0.36792452830188677,216,77,0.35648148148148145,0,0
ETH/USDT:USDT,1h,oos,2.0,baseline,0,0.0,0.0,53,0.5471698113207547,0.14723919125026314,0.05475234386890767,1.542318365557406,20.62821816471451,0.36792452830188677,216,78,0.3611111111111111,0,0
ETH/USDT:USDT,1h,oos,5.0,baseline,0,0.0,0.0,52,0.5384615384615384,0.1329488464188682,0.055003736372824276,1.490355961915694,19.056066135420803,0.34615384615384615,216,78,0.3611111111111111,0,0
ETH/USDT:USDT,1h,oos,10.0,baseline,0,0.0,0.0,53,0.5283018867924528,0.12028797840336611,0.05484699322782688,1.4330088962772565,17.062117693009192,0.32075471698113206,216,78,0.3611111111111111,0,0
ETH/USDT:USDT,1h,oos,20.0,baseline,0,0.0,0.0,51,0.5098039215686274,0.09131174160932387,0.05649092603470695,1.335174733850336,13.679986303053237,0.27450980392156865,216,80,0.37037037037037035,0,0
ETH/USDT:USDT,1h,oos,0.0,pen_5bp_drop_50,0,5.0,0.5,35,0.5714285714285714,0.11942913429700257,0.03793392038014119,1.7145732599300452,25.615938702176734,0.42857142857142855,216,44,0.2037037037037037,32,0
ETH/USDT:USDT,1h,oos,0.0,pen_5bp_drop_50,1,5.0,0.5,26,0.6153846153846154,0.09970911835490824,0.02786113369249198,1.924002575334323,29.784827916975892,0.5384615384615384,216,36,0.16666666666666666,40,0
ETH/USDT:USDT,1h,oos,0.0,pen_5bp_drop_50,2,5.0,0.5,38,0.5,0.05387108491473173,0.04606724164873594,1.2660934924884941,11.279415890073494,0.25,216,46,0.21296296296296297,30,0
ETH/USDT:USDT,1h,oos,2.0,pen_5bp_drop_50,0,5.0,0.5,35,0.5714285714285714,0.12023068308883267,0.037896755936608725,1.7174828365304065,25.72716255363416,0.42857142857142855,216,44,0.2037037037037037,32,0
ETH/USDT:USDT,1h,oos,2.0,pen_5bp_drop_50,1,5.0,0.5,26,0.6153846153846154,0.1015335896766468,0.027826512717205258,1.9408098489414045,30.22590676798004,0.5384615384615384,216,36,0.16666666666666666,40,0
ETH/USDT:USDT,1h,oos,2.0,pen_5bp_drop_50,2,5.0,0.5,38,0.5,0.05476413998302069,0.045916190351537954,1.269760812149897,11.422042917614155,0.25,216,46,0.21296296296296297,30,0
ETH/USDT:USDT,1h,oos,5.0,pen_5bp_drop_50,0,5.0,0.5,34,0.5588235294117647,0.1051255424869054,0.03788586096147127,1.6247512584071397,23.245432246688498,0.39705882352941174,216,45,0.20833333333333334,32,0
ETH/USDT:USDT,1h,oos,5.0,pen_5bp_drop_50,1,5.0,0.5,26,0.5769230769230769,0.07708395278036569,0.027776375535351526,1.6454072805622824,22.9691321171978,0.4423076923076923,216,36,0.16666666666666666,41,0
ETH/USDT:USDT,1h,oos,5.0,pen_5bp_drop_50,2,5.0,0.5,36,0.4722222222222222,0.026954260647309276,0.04786147433603105,1.1334461950375119,6.273411510646412,0.18055555555555555,216,46,0.21296296296296297,31,0
ETH/USDT:USDT,1h,oos,10.0,pen_5bp_drop_50,0,5.0,0.5,35,0.5428571428571428,0.09779782546972238,0.037800015551117075,1.5551940580369292,21.035957265976776,0.35714285714285715,216,46,0.21296296296296297,32,0
ETH/USDT:USDT,1h,oos,10.0,pen_5bp_drop_50,1,5.0,0.5,28,0.4642857142857143,0.020674840548819885,0.0423278845696049,1.1315570808201685,6.149421636714712,0.16071428571428573,216,36,0.16666666666666666,42,0
ETH/USDT:USDT,1h,oos,10.0,pen_5bp_drop_50,2,5.0,0.5,37,0.4864864864864865,0.04477619398096558,0.04746043836696616,1.2159932555307378,9.523753682766937,0.21621621621621623,216,46,0.21296296296296297,32,0
ETH/USDT:USDT,1h,oos,20.0,pen_5bp_drop_50,0,5.0,0.5,34,0.5294117647058824,0.07702242334801794,0.04418282797133414,1.4489989628978914,17.250611179581483,0.3235294117647059,216,47,0.2175925925925926,32,0
ETH/USDT:USDT,1h,oos,20.0,pen_5bp_drop_50,1,5.0,0.5,32,0.46875,0.010358678477281138,0.050775279257894455,1.0578325015541115,3.0531430540546687,0.171875,216,37,0.1712962962962963,42,0
ETH/USDT:USDT,1h,oos,20.0,pen_5bp_drop_50,2,5.0,0.5,35,0.45714285714285713,0.015205102737687957,0.07027287503163902,1.0768906187578389,3.836511893428889,0.14285714285714285,216,47,0.2175925925925926,32,0
SOL/USDT:USDT,15m,full,0.0,baseline,0,0.0,0.0,505,0.4910891089108911,0.26636131384526923,0.11857494374956208,1.0898893413756006,9.357563179003868,0.22772277227722773,2429,702,0.28900782214903253,0,0
SOL/USDT:USDT,15m,full,2.0,baseline,0,0.0,0.0,508,0.484251968503937,0.22498780259583037,0.12344423289536596,1.0757063319144091,8.083067831181562,0.2106299212598425,2429,706,0.29065459036640595,0,0
SOL/USDT:USDT,15m,full,5.0,baseline,0,0.0,0.0,515,0.47184466019417476,0.11460190335528642,0.15705956117236375,1.0391068008794893,4.701399652431756,0.1796116504854369,2429,712,0.293124742692466,0,0
SOL/USDT:USDT,15m,full,10.0,baseline,0,0.0,0.0,521,0.4510556621880998,-0.08280910755157238,0.209788136203099,0.9706766469007462,-1.8733695581869951,0.1276391554702495,2429,718,0.29559489501852615,0,0
SOL/USDT:USDT,15m,full,20.0,baseline,0,0.0,0.0,515,0.41359223300970877,-0.3252859372998165,0.4010040517643129,0.8808993673731277,-11.78372106302019,0.03398058252427184,2429,727,0.2993001235076163,0,0
SOL/USDT:USDT,15m,full,0.0,pen_5bp,0,5.0,0.0,488,0.4713114754098361,0.07037085314703453,0.16535658194657582,1.026033221587476,3.4622635505968407,0.17827868852459017,2429,676,0.2783038287361054,0,0
SOL/USDT:USDT,15m,full,2.0,pen_5bp,0,5.0,0.0,496,0.4717741935483871,0.102742926759898,0.14569694251228824,1.0363135557113363,4.474309767491921,0.17943548387096775,2429,685,0.28200905722519554,0,0
SOL/USDT:USDT,15m,full,5.0,pen_5bp,0,5.0,0.0,509,0.4675834970530452,0.07884910034982895,0.15088789789225127,1.027231056706762,3.6130065463764565,0.16895874263261296,2429,701,0.28859613009468915,0,0
SOL/USDT:USDT,15m,full,10.0,pen_5bp,0,5.0,0.0,522,0.4501915708812261,-0.08889988716059488,0.21478245684772576,0.9685553967349615,-2.09187639167866,0.12547892720306514,2429,712,0.293124742692466,0,0
SOL/USDT:USDT,15m,full,20.0,pen_5bp,0,5.0,0.0,517,0.4158607350096712,-0.30860307453489294,0.38619338195083713,0.8881125152393033,-10.931973175686007,0.039651837524177946,2429,725,0.2984767393989296,0,0
SOL/USDT:USDT,15m,full,0.0,pen_5bp_drop_50,0,5.0,0.5,267,0.46441947565543074,0.05918732495257991,0.13415114318072216,1.0400907576726732,4.753489669894136,0.16104868913857678,2429,336,0.138328530259366,340,0
SOL/USDT:USDT,15m,full,0.0,pen_5bp_drop_50,1,5.0,0.5,281,0.4483985765124555,-0.08743342140381319,0.17617068600360689,0.9394327520225249,-4.799467472008463,0.12099644128113879,2429,349,0.14368052696582956,327,0
SOL/USDT:USDT,15m,full,0.0,pen_5bp_drop_50,2,5.0,0.5,279,0.43727598566308246,-0.1253134484426262,0.22803496013406074,0.9136680623743951,-7.570900058910947,0.0931899641577061,2429,334,0.1375051461506793,342,0
SOL/USDT:USDT,15m,full,2.0,pen_5bp_drop_50,0,5.0,0.5,282,0.4326241134751773,-0.14517845828819317,0.2434316437337089,0.9028284504136305,-8.887237915023308,0.08156028368794327,2429,340,0.1399752984767394,345,0
SOL/USDT:USDT,15m,full,2.0,pen_5bp_drop_50,1,5.0,0.5,285,0.4280701754385965,-0.20114306328989806,0.3039098111068767,0.8673697982427985,-13.14667683027776,0.07017543859649122,2429,352,0.14491560312885962,333,0
SOL/USDT:USDT,15m,full,2.0,pen_5bp_drop_50,2,5.0,0.5,275,0.4727272727272727,0.015406772819633444,0.17422079781406843,1.0103040396266727,1.9688352218896383,0.18181818181818182,2429,339,0.13956360642239604,346,0
SOL/USDT:USDT,15m,full,5.0,pen_5bp_drop_50,0,5.0,0.5,269,0.44981412639405205,-0.08411740299256362,0.20292049022918163,0.9387290672140493,-4.702301533880778,0.12453531598513011,2429,345,0.14203375874845617,356,0
SOL/USDT:USDT,15m,full,5.0,pen_5bp_drop_50,1,5.0,0.5,296,0.44932432432432434,-0.10592381457882694,0.26736027021456865,0.9235977922992559,-5.709161386748662,0.12331081081081081,2429,360,0.14820913956360643,341,0
SOL/USDT:USDT,15m,full,5.0,pen_5bp_drop_50,2,5.0,0.5,294,0.43537414965986393,-0.11967185449318768,0.2761655556490903,0.9256795385326078,-6.529800018502735,0.08843537414965986,2429,347,0.14285714285714285,354,0
SOL/USDT:USDT,15m,full,10.0,pen_5bp_drop_50,0,5.0,0.5,289,0.4429065743944637,-0.13242905201829488,0.2480351815446714,0.9106693175986639,-7.6254605812653224,0.10726643598615918,2429,352,0.14491560312885962,360,0
SOL/USDT:USDT,15m,full,10.0,pen_5bp_drop_50,1,5.0,0.5,308,0.39285714285714285,-0.3747163606957125,0.4099708231234401,0.7529287262141052,-25.998841460072022,-0.017857142857142856,2429,366,0.15067929188966653,346,0
SOL/USDT:USDT,15m,full,10.0,pen_5bp_drop_50,2,5.0,0.5,292,0.4452054794520548,-0.06796309989781713,0.16949893192557577,0.9571836310160257,-3.1893137405842094,0.11301369863013698,2429,352,0.14491560312885962,360,0
SOL/USDT:USDT,15m,full,20.0,pen_5bp_drop_50,0,5.0,0.5,291,0.39862542955326463,-0.2915782645695087,0.3310599265299491,0.81706518775313,-19.136805901565225,-0.003436426116838488,2429,359,0.14779744750926307,366,0
SOL/USDT:USDT,15m,full,20.0,pen_5bp_drop_50,1,5.0,0.5,311,0.41479099678456594,-0.22006020466852225,0.30259369448122864,0.8784203780149756,-12.409608872428128,0.03697749196141479,2429,375,0.1543845203787567,350,0
SOL/USDT:USDT,15m,full,20.0,pen_5bp_drop_50,2,5.0,0.5,297,0.37373737373737376,-0.3803708343582252,0.4291208612677694,0.7692684208454189,-25.92614763597859,-0.06565656565656566,2429,359,0.14779744750926307,366,0
SOL/USDT:USDT,15m,is,0.0,baseline,0,0.0,0.0,332,0.49096385542168675,0.2519746193221568,0.11142248768084771,1.1320215596195546,12.862516073017048,0.22740963855421686,1614,463,0.2868649318463445,0,0
SOL/USDT:USDT,15m,is,2.0,baseline,0,0.0,0.0,334,0.48502994011976047,0.23051388396835737,0.12344423289536596,1.1204578884367327,11.80608268620184,0.2125748502994012,1614,465,0.28810408921933084,0,0
SOL/USDT:USDT,15m,is,5.0,baseline,0,0.0,0.0,341,0.47214076246334313,0.1363015318543292,0.15705956117236375,1.0712017545409092,7.498272278572817,0.18035190615835778,1614,470,0.29120198265179675,0,0
SOL/USDT:USDT,15m,is,10.0,baseline,0,0.0,0.0,346,0.45664739884393063,0.0064831243783581155,0.209788136203099,1.0034437108846663,1.337108033089821,0.1416184971098266,1614,474,0.2936802973977695,0,0
SOL/USDT:USDT,15m,is,20.0,baseline,0,0.0,0.0,344,0.4273255813953488,-0.130344262372939,0.28442436425527723,0.9298651851895013,-5.691798063576481,0.06831395348837209,1614,477,0.2955390334572491,0,0
SOL/USDT:USDT,15m,is,0.0,pen_5bp_drop_50,0,5.0,0.5,178,0.4943820224719101,0.1749550309048791,0.09292724367228,1.1911196519606893,16.586660680579914,0.23595505617977527,1614,227,0.1406443618339529,218,0
SOL/USDT:USDT,15m,is,0.0,pen_5bp_drop_50,1,5.0,0.5,185,0.4540540540540541,0.0063064133195865,0.11512367911887955,1.006576066532833,1.589732174440368,0.13513513513513514,1614,225,0.13940520446096655,220,0
SOL/USDT:USDT,15m,is,0.0,pen_5bp_drop_50,2,5.0,0.5,191,0.42408376963350786,-0.09569420334119477,0.20799942847275113,0.9080124891426551,-8.24259728249183,0.060209424083769635,1614,228,0.1412639405204461,217,0
SOL/USDT:USDT,15m,is,2.0,pen_5bp_drop_50,0,5.0,0.5,189,0.455026455026455,-0.02245685734915278,0.20897275765127085,0.977734703804841,-1.0911375772856353,0.13756613756613756,1614,230,0.14250309789343246,221,0
SOL/USDT:USDT,15m,is,2.0,pen_5bp_drop_50,1,5.0,0.5,182,0.45604395604395603,-0.026598517156180425,0.16753339380578944,0.9728899248957407,-1.5970089402648977,0.1401098901098901,1614,229,0.14188351920693928,222,0
SOL/USDT:USDT,15m,is,2.0,pen_5bp_drop_50,2,5.0,0.5,187,0.47593582887700536,0.06769506322109155,0.16602174733361538,1.0666281844957937,7.098748272814712,0.18983957219251338,1614,231,0.14312267657992564,220,0
SOL/USDT:USDT,15m,is,5.0,pen_5bp_drop_50,0,5.0,0.5,191,0.4397905759162304,-0.08353297436105041,0.16750124135487146,0.9178124950204432,-6.913420934251562,0.09947643979057591,1614,240,0.14869888475836432,223,0
SOL/USDT:USDT,15m,is,5.0,pen_5bp_drop_50,1,5.0,0.5,186,0.3978494623655914,-0.1947540422802008,0.26736027021456865,0.7948346070328774,-19.57261855313342,-0.005376344086021506,1614,232,0.14374225526641884,231,0
SOL/USDT:USDT,15m,is,5.0,pen_5bp_drop_50,2,5.0,0.5,199,0.4371859296482412,-0.06705854656279116,0.23447891791068798,0.941418734221339,-4.965713366479787,0.09296482412060302,1614,236,0.14622057001239158,227,0
SOL/USDT:USDT,15m,is,10.0,pen_5bp_drop_50,0,5.0,0.5,195,0.441025641025641,-0.09016793777363091,0.2480351815446714,0.9120085479635076,-7.4281964748845075,0.10256410256410256,1614,243,0.15055762081784388,227,0
SOL/USDT:USDT,15m,is,10.0,pen_5bp_drop_50,1,5.0,0.5,196,0.3979591836734694,-0.22567219708640504,0.30434284476058615,0.7815673660994443,-21.754864512008613,-0.00510204081632653,1614,235,0.14560099132589838,235,0
SOL/USDT:USDT,15m,is,10.0,pen_5bp_drop_50,2,5.0,0.5,194,0.4690721649484536,0.05984113376395926,0.11734669439990403,1.057280206277193,6.123795959208422,0.17268041237113402,1614,239,0.14807930607187111,231,0
SOL/USDT:USDT,15m,is,20.0,pen_5bp_drop_50,0,5.0,0.5,199,0.4271356783919598,-0.09534348513135665,0.1999452980392094,0.9128916405981087,-7.383267371367733,0.0678391959798995,1614,247,0.15303593556381662,229,0
SOL/USDT:USDT,15m,is,20.0,pen_5bp_drop_50,1,5.0,0.5,201,0.4626865671641791,0.05508137584951401,0.15171742943524472,1.0499626777352138,5.462101292534639,0.15671641791044777,1614,238,0.14745972738537794,238,0
SOL/USDT:USDT,15m,is,20.0,pen_5bp_drop_50,2,5.0,0.5,201,0.39303482587064675,-0.20668336855952965,0.27207973147416886,0.8229353407746806,-18.048358545964415,-0.017412935323383085,1614,240,0.14869888475836432,236,0
SOL/USDT:USDT,15m,oos,0.0,baseline,0,0.0,0.0,159,0.4716981132075472,-0.048240928910798724,0.1326865682955325,0.9376673719340363,-4.949614482983408,0.1792452830188679,788,221,0.28045685279187815,0,0
SOL/USDT:USDT,15m,oos,2.0,baseline,0,0.0,0.0,160,0.4625,-0.06484992283695247,0.13001029260140615,0.9179338111963181,-6.9100454517939065,0.15625,788,223,0.282994923857868,0,0
SOL/USDT:USDT,15m,oos,5.0,baseline,0,0.0,0.0,160,0.45,-0.0811618338897264,0.14844550418228591,0.9011493717883514,-8.749424540335596,0.125,788,224,0.28426395939086296,0,0
SOL/USDT:USDT,15m,oos,10.0,baseline,0,0.0,0.0,161,0.422360248447205,-0.1416899980127915,0.17781979770063028,0.8353585494775767,-16.04439168422759,0.055900621118012424,788,226,0.2868020304568528,0,0
SOL/USDT:USDT,15m,oos,20.0,baseline,0,0.0,0.0,157,0.37579617834394907,-0.24085593677189954,0.2708240004151438,0.7376868803450813,-29.410620696805836,-0.06050955414012739,788,231,0.29314720812182743,0,0
SOL/USDT:USDT,15m,oos,0.0,pen_5bp_drop_50,0,5.0,0.5,90,0.4111111111111111,-0.07974017489330418,0.09973725473762271,0.8328754117840799,-15.746030500609104,0.027777777777777776,788,113,0.1434010152284264,100,0
SOL/USDT:USDT,15m,oos,0.0,pen_5bp_drop_50,1,5.0,0.5,84,0.40476190476190477,-0.14112369914760384,0.1566435398537923,0.6869780816251536,-33.6059755373898,0.011904761904761904,788,106,0.13451776649746192,107,0
SOL/USDT:USDT,15m,oos,0.0,pen_5bp_drop_50,2,5.0,0.5,84,0.4166666666666667,-0.11848942732385513,0.1318488950855092,0.7290735642542818,-27.858217468523247,0.041666666666666664,788,107,0.13578680203045684,106,0
SOL/USDT:USDT,15m,oos,2.0,pen_5bp_drop_50,0,5.0,0.5,94,0.43617021276595747,-0.07174065658609997,0.0992704804269053,0.8528303689358934,-13.299405661950015,0.09042553191489362,788,115,0.14593908629441624,101,0
SOL/USDT:USDT,15m,oos,2.0,pen_5bp_drop_50,1,5.0,0.5,88,0.3977272727272727,-0.15012244150284332,0.150293723545618,0.682532807482835,-33.66171435403266,-0.005681818181818182,788,108,0.13705583756345177,108,0
SOL/USDT:USDT,15m,oos,2.0,pen_5bp_drop_50,2,5.0,0.5,85,0.3764705882352941,-0.15335893678786033,0.16032647103418535,0.6821840856205945,-34.71468436050746,-0.058823529411764705,788,108,0.13705583756345177,108,0
SOL/USDT:USDT,15m,oos,5.0,pen_5bp_drop_50,0,5.0,0.5,95,0.43157894736842106,-0.07197835875542732,0.11648561072358381,0.8577770876394704,-13.106872117887963,0.07894736842105263,788,118,0.14974619289340102,102,0
SOL/USDT:USDT,15m,oos,5.0,pen_5bp_drop_50,1,5.0,0.5,88,0.4431818181818182,-0.09486373181320523,0.10699676176445627,0.7958233932378487,-19.548265871962148,0.10795454545454546,788,110,0.13959390862944163,110,0
SOL/USDT:USDT,15m,oos,5.0,pen_5bp_drop_50,2,5.0,0.5,84,0.39285714285714285,-0.12820317119222854,0.14964699230356115,0.7256267115858634,-28.958687463324768,-0.017857142857142856,788,109,0.1383248730964467,111,0
SOL/USDT:USDT,15m,oos,10.0,pen_5bp_drop_50,0,5.0,0.5,97,0.36082474226804123,-0.1851055909823911,0.20132661478891303,0.6715089427199092,-36.339579793202184,-0.0979381443298969,788,119,0.15101522842639595,105,0
SOL/USDT:USDT,15m,oos,10.0,pen_5bp_drop_50,1,5.0,0.5,90,0.37777777777777777,-0.17433779629536875,0.17663007956767487,0.6498926241045991,-38.45703375536901,-0.05555555555555555,788,111,0.14086294416243655,113,0
SOL/USDT:USDT,15m,oos,10.0,pen_5bp_drop_50,2,5.0,0.5,91,0.4175824175824176,-0.09330830423963653,0.13446893760115364,0.8137445080965864,-18.204518559369863,0.04395604395604396,788,111,0.14086294416243655,113,0
SOL/USDT:USDT,15m,oos,20.0,pen_5bp_drop_50,0,5.0,0.5,94,0.39361702127659576,-0.1337849564045182,0.1547593127784195,0.7604435743151827,-25.19967731156343,-0.015957446808510637,788,122,0.1548223350253807,108,0
SOL/USDT:USDT,15m,oos,20.0,pen_5bp_drop_50,1,5.0,0.5,91,0.37362637362637363,-0.16697110258713255,0.21029777677230801,0.6959952860730684,-34.55469541663631,-0.06593406593406594,788,114,0.1446700507614213,116,0
SOL/USDT:USDT,15m,oos,20.0,pen_5bp_drop_50,2,5.0,0.5,90,0.3888888888888889,-0.11131480545202593,0.1676235970583282,0.7919496780639836,-21.2503214014865,-0.027777777777777776,788,112,0.14213197969543148,118,0
SOL/USDT:USDT,1h,full,0.0,baseline,0,0.0,0.0,137,0.45255474452554745,0.062135030641980664,0.06467823989888741,1.078424244683643,3.986513554166329,0.13138686131386862,602,189,0.313953488372093,0,0
SOL/USDT:USDT,1h,full,2.0,baseline,0,0.0,0.0,138,0.45652173913043476,0.07970223270886018,0.06442337478744474,1.0992037976119744,4.875419580982104,0.14130434782608695,602,190,0.31561461794019935,0,0
SOL/USDT:USDT,1h,full,5.0,baseline,0,0.0,0.0,136,0.4485294117647059,0.05167171728243557,0.091155142827754,1.0651897038257874,3.434346365164262,0.1213235294117647,602,190,0.31561461794019935,0,0
SOL/USDT:USDT,1h,full,10.0,baseline,0,0.0,0.0,137,0.44525547445255476,0.03638490278426016,0.0910359827856996,1.0459002200567302,2.5828332062318684,0.11313868613138686,602,192,0.31893687707641194,0,0
SOL/USDT:USDT,1h,full,20.0,baseline,0,0.0,0.0,137,0.4306569343065693,0.00190351501698824,0.10559917442151161,1.002354900906932,0.6703726920512959,0.07664233576642336,602,194,0.3222591362126246,0,0
SOL/USDT:USDT,1h,full,0.0,pen_5bp,0,5.0,0.0,134,0.44776119402985076,0.04131253228059359,0.0773551115214076,1.0529346547492366,2.913564046135615,0.11940298507462686,602,186,0.3089700996677741,0,0
SOL/USDT:USDT,1h,full,2.0,pen_5bp,0,5.0,0.0,135,0.45185185185185184,0.05908092896854923,0.07730607875340251,1.075124006791446,3.8638902004802183,0.12962962962962962,602,187,0.3106312292358804,0,0
SOL/USDT:USDT,1h,full,5.0,pen_5bp,0,5.0,0.0,135,0.4444444444444444,0.036513540856568036,0.0911109584842462,1.046621315128519,2.6230590371276814,0.1111111111111111,602,189,0.313953488372093,0,0
SOL/USDT:USDT,1h,full,10.0,pen_5bp,0,5.0,0.0,136,0.4411764705882353,0.030297841625383626,0.0910359827856996,1.0382524856806863,2.258337094591459,0.10294117647058823,602,190,0.31561461794019935,0,0
SOL/USDT:USDT,1h,full,20.0,pen_5bp,0,5.0,0.0,136,0.4338235294117647,0.010653104927065943,0.10559917442151161,1.0133149359864988,1.1631921798246203,0.08455882352941177,602,192,0.31893687707641194,0,0
SOL/USDT:USDT,1h,full,0.0,pen_5bp_drop_50,0,5.0,0.5,80,0.3875,-0.0694454875332669,0.13640399718955146,0.8634741447383006,-6.413250732369583,-0.03125,602,102,0.16943521594684385,84,0
SOL/USDT:USDT,1h,full,0.0,pen_5bp_drop_50,1,5.0,0.5,74,0.36486486486486486,-0.11011526008007859,0.13661805382965658,0.7630563866969426,-11.934945166287546,-0.08783783783783784,602,93,0.15448504983388706,93,0
SOL/USDT:USDT,1h,full,0.0,pen_5bp_drop_50,2,5.0,0.5,79,0.4050632911392405,-0.046775435420235045,0.09513604724506418,0.9010574922193479,-4.161704655640551,0.012658227848101266,602,94,0.15614617940199335,92,0
SOL/USDT:USDT,1h,full,2.0,pen_5bp_drop_50,0,5.0,0.5,84,0.44047619047619047,0.015022831073365887,0.11940194956460118,1.0302658131425249,1.934167346182582,0.10119047619047619,602,102,0.16943521594684385,85,0
SOL/USDT:USDT,1h,full,2.0,pen_5bp_drop_50,1,5.0,0.5,73,0.3835616438356164,-0.09165351244827526,0.10866972604347193,0.7982304778235996,-9.923015381759578,-0.0410958904109589,602,94,0.15614617940199335,93,0
SOL/USDT:USDT,1h,full,2.0,pen_5bp_drop_50,2,5.0,0.5,79,0.4050632911392405,-0.058079358031613994,0.09521701912094513,0.8764614457050613,-5.403776694224568,0.012658227848101266,602,95,0.15780730897009967,92,0
SOL/USDT:USDT,1h,full,5.0,pen_5bp_drop_50,0,5.0,0.5,81,0.4444444444444444,0.034681254876496134,0.07675340202694546,1.0720294413578495,3.800003251677596,0.1111111111111111,602,102,0.16943521594684385,87,0
SOL/USDT:USDT,1h,full,5.0,pen_5bp_drop_50,1,5.0,0.5,78,0.44871794871794873,0.03272950769153103,0.061546424806599574,1.0706728678694228,3.7418235654150163,0.12179487179487179,602,96,0.15946843853820597,93,0
SOL/USDT:USDT,1h,full,5.0,pen_5bp_drop_50,2,5.0,0.5,81,0.5185185185185185,0.17434831694847344,0.04270536878107967,1.3996588618731056,15.968465226793159,0.2962962962962963,602,96,0.15946843853820597,93,0
SOL/USDT:USDT,1h,full,10.0,pen_5bp_drop_50,0,5.0,0.5,82,0.4024390243902439,-0.04406776956143985,0.10982965074223766,0.9114455361541592,-3.7319000894899914,0.006097560975609756,602,102,0.16943521594684385,88,0
SOL/USDT:USDT,1h,full,10.0,pen_5bp_drop_50,1,5.0,0.5,79,0.4430379746835443,0.010423653839174585,0.09779843377495304,1.022799100601643,1.576063785948642,0.10759493670886076,602,97,0.1611295681063123,93,0
SOL/USDT:USDT,1h,full,10.0,pen_5bp_drop_50,2,5.0,0.5,82,0.3780487804878049,-0.11198111707261196,0.19772037626549782,0.789343539254011,-11.026392969394019,-0.054878048780487805,602,97,0.1611295681063123,93,0
SOL/USDT:USDT,1h,full,20.0,pen_5bp_drop_50,0,5.0,0.5,82,0.4024390243902439,-0.04563284020630217,0.10896393678851639,0.909760199418246,-3.8331769490751415,0.006097560975609756,602,103,0.17109634551495018,89,0
SOL/USDT:USDT,1h,full,20.0,pen_5bp_drop_50,1,5.0,0.5,80,0.425,-0.024721288099053527,0.09670775329284693,0.9479901494756997,-1.8884947877753813,0.0625,602,97,0.1611295681063123,95,0
SOL/USDT:USDT,1h,full,20.0,pen_5bp_drop_50,2,5.0,0.5,82,0.3902439024390244,-0.08026585086606974,0.1719998674492801,0.8474364594641763,-7.404941101783455,-0.024390243902439025,602,98,0.16279069767441862,94,0
SOL/USDT:USDT,1h,is,0.0,baseline,0,0.0,0.0,90,0.4444444444444444,0.03739785765397283,0.06449083899478525,1.072145764470074,3.693876569166179,0.1111111111111111,396,119,0.3005050505050505,0,0
SOL/USDT:USDT,1h,is,2.0,baseline,0,0.0,0.0,91,0.45054945054945056,0.05228521408081469,0.06442337478744474,1.0996528561002699,4.851214133852997,0.12637362637362637,396,120,0.30303030303030304,0,0
SOL/USDT:USDT,1h,is,5.0,baseline,0,0.0,0.0,89,0.43820224719101125,0.022076559130866372,0.091155142827754,1.0424042440566366,2.444625080036008,0.09550561797752809,396,120,0.30303030303030304,0,0
SOL/USDT:USDT,1h,is,10.0,baseline,0,0.0,0.0,89,0.42696629213483145,-0.002650517937981749,0.0910359827856996,0.9949478042058679,0.33496266745293846,0.06741573033707865,396,120,0.30303030303030304,0,0
SOL/USDT:USDT,1h,is,20.0,baseline,0,0.0,0.0,89,0.4157303370786517,-0.025040908341913744,0.10559917442151161,0.953364034139862,-1.6113981966395927,0.03932584269662921,396,121,0.3055555555555556,0,0
SOL/USDT:USDT,1h,is,0.0,pen_5bp_drop_50,0,5.0,0.5,58,0.41379310344827586,-0.016117892067551657,0.11958799770980387,0.9552686469409915,-1.568134604232978,0.034482758620689655,396,72,0.18181818181818182,44,0
SOL/USDT:USDT,1h,is,0.0,pen_5bp_drop_50,1,5.0,0.5,48,0.3541666666666667,-0.0768711186456907,0.11637019037646491,0.7548035150527023,-12.47532511885149,-0.11458333333333333,396,60,0.15151515151515152,56,0
SOL/USDT:USDT,1h,is,0.0,pen_5bp_drop_50,2,5.0,0.5,54,0.42592592592592593,-0.0037247096692064586,0.09513604724506418,0.9880026968325479,0.02709223766895191,0.06481481481481481,396,64,0.16161616161616163,52,0
SOL/USDT:USDT,1h,is,2.0,pen_5bp_drop_50,0,5.0,0.5,59,0.4576271186440678,0.04984873843396308,0.11940194956460118,1.1466211440468088,6.768423700364371,0.1440677966101695,396,73,0.18434343434343434,44,0
SOL/USDT:USDT,1h,is,2.0,pen_5bp_drop_50,1,5.0,0.5,49,0.3673469387755102,-0.06386702395286757,0.10383649031646423,0.7967339835172336,-9.885540720636895,-0.08163265306122448,396,61,0.15404040404040403,56,0
SOL/USDT:USDT,1h,is,2.0,pen_5bp_drop_50,2,5.0,0.5,55,0.4,-0.038571407191636535,0.09521701912094513,0.8833650154703675,-4.996245950666687,0.0,396,65,0.16414141414141414,52,0
SOL/USDT:USDT,1h,is,5.0,pen_5bp_drop_50,0,5.0,0.5,57,0.47368421052631576,0.07154908024524739,0.05100885770976253,1.2272921831062216,9.784946944667517,0.18421052631578946,396,74,0.18686868686868688,45,0
SOL/USDT:USDT,1h,is,5.0,pen_5bp_drop_50,1,5.0,0.5,51,0.47058823529411764,0.06159009139403734,0.057569023271857464,1.212639449982907,9.38651800903131,0.17647058823529413,396,63,0.1590909090909091,56,0
SOL/USDT:USDT,1h,is,5.0,pen_5bp_drop_50,2,5.0,0.5,53,0.5283018867924528,0.13533916380368227,0.04270536878107967,1.5031218435037195,18.955826463096454,0.32075471698113206,396,65,0.16414141414141414,54,0
SOL/USDT:USDT,1h,is,10.0,pen_5bp_drop_50,0,5.0,0.5,59,0.423728813559322,-0.007492697265054085,0.10982965074223766,0.9786210487216974,-0.4279658111716163,0.059322033898305086,396,75,0.1893939393939394,45,0
SOL/USDT:USDT,1h,is,10.0,pen_5bp_drop_50,1,5.0,0.5,50,0.42,-0.012429885211003421,0.09779843377495304,0.95830928522638,-1.3571810833096536,0.05,396,64,0.16161616161616163,56,0
SOL/USDT:USDT,1h,is,10.0,pen_5bp_drop_50,2,5.0,0.5,53,0.39622641509433965,-0.03837414249699614,0.14370558144115533,0.888496484534458,-5.157137943893319,-0.009433962264150943,396,65,0.16414141414141414,55,0
SOL/USDT:USDT,1h,is,20.0,pen_5bp_drop_50,0,5.0,0.5,59,0.423728813559322,-0.005093956265636734,0.10896393678851639,0.9855703712197877,-0.10144768478309027,0.059322033898305086,396,75,0.1893939393939394,45,0
SOL/USDT:USDT,1h,is,20.0,pen_5bp_drop_50,1,5.0,0.5,50,0.4,-0.033840664653271235,0.09670775329284693,0.8903523567492576,-4.723429502570629,0.0,396,64,0.16161616161616163,56,0
SOL/USDT:USDT,1h,is,20.0,pen_5bp_drop_50,2,5.0,0.5,53,0.39622641509433965,-0.03759280200466655,0.1431691249727348,0.8916510234746123,-4.985814305468351,-0.009433962264150943,396,65,0.16414141414141414,55,0
SOL/USDT:USDT,1h,oos,0.0,baseline,0,0.0,0.0,40,0.375,-0.06165382715981887,0.06467823989265702,0.7520943515302205,-12.435840270093673,-0.0625,193,63,0.32642487046632124,0,0
SOL/USDT:USDT,1h,oos,2.0,baseline,0,0.0,0.0,40,0.375,-0.06049311368496219,0.06396758117601672,0.7573456768539637,-12.124672988405127,-0.0625,193,63,0.32642487046632124,0,0
SOL/USDT:USDT,1h,oos,5.0,baseline,0,0.0,0.0,40,0.375,-0.05913198576587001,0.06326887224582946,0.7636386859841927,-11.757020007253091,-0.0625,193,63,0.32642487046632124,0,0
SOL/USDT:USDT,1h,oos,10.0,baseline,0,0.0,0.0,41,0.3902439024390244,-0.05177410536551888,0.05719891769127917,0.7947160918010159,-9.9185141078579,-0.024390243902439025,193,65,0.33678756476683935,0,0
SOL/USDT:USDT,1h,oos,20.0,baseline,0,0.0,0.0,42,0.38095238095238093,-0.0564372061275264,0.0638580453571493,0.7850433630085707,-10.539161906996766,-0.047619047619047616,193,66,0.34196891191709844,0,0
SOL/USDT:USDT,1h,oos,0.0,pen_5bp_drop_50,0,5.0,0.5,31,0.45161290322580644,0.0081783305566767,0.04747289182367531,1.0460390756777944,2.5819140815355635,0.12903225806451613,193,38,0.19689119170984457,25,0
SOL/USDT:USDT,1h,oos,0.0,pen_5bp_drop_50,1,5.0,0.5,20,0.3,-0.05942089373469407,0.06018275773141871,0.579950735676711,-24.439145453064263,-0.25,193,29,0.15025906735751296,34,0
SOL/USDT:USDT,1h,oos,0.0,pen_5bp_drop_50,2,5.0,0.5,25,0.24,-0.10025700254570474,0.10239678523701227,0.4592379861485252,-36.11470141519997,-0.4,193,37,0.19170984455958548,26,0
SOL/USDT:USDT,1h,oos,2.0,pen_5bp_drop_50,0,5.0,0.5,31,0.45161290322580644,0.009529111410996301,0.047445296026689905,1.0535837296686332,2.910081337963585,0.12903225806451613,193,38,0.19689119170984457,25,0
SOL/USDT:USDT,1h,oos,2.0,pen_5bp_drop_50,1,5.0,0.5,20,0.3,-0.059222962138326146,0.0600240170874588,0.581709574024537,-24.30131604017853,-0.25,193,29,0.15025906735751296,34,0
SOL/USDT:USDT,1h,oos,2.0,pen_5bp_drop_50,2,5.0,0.5,25,0.24,-0.10069800913442087,0.10268506450673355,0.45818821836257323,-36.255283392796315,-0.4,193,37,0.19170984455958548,26,0
SOL/USDT:USDT,1h,oos,5.0,pen_5bp_drop_50,0,5.0,0.5,31,0.45161290322580644,0.011131146967992027,0.04740490222939552,1.062494437089097,3.295547231353694,0.12903225806451613,193,38,0.19689119170984457,25,0
SOL/USDT:USDT,1h,oos,5.0,pen_5bp_drop_50,1,5.0,0.5,20,0.3,-0.05893186392314929,0.05978975051406661,0.584312471852452,-24.095987392257154,-0.25,193,29,0.15025906735751296,34,0
SOL/USDT:USDT,1h,oos,5.0,pen_5bp_drop_50,2,5.0,0.5,25,0.24,-0.10138629199474908,0.10312098185030424,0.45647932296450516,-36.47969558741689,-0.4,193,37,0.19170984455958548,26,0
SOL/USDT:USDT,1h,oos,10.0,pen_5bp_drop_50,0,5.0,0.5,31,0.45161290322580644,0.013303133822907693,0.04734011215538867,1.074499646639629,3.811454409391496,0.12903225806451613,193,38,0.19689119170984457,25,0
SOL/USDT:USDT,1h,oos,10.0,pen_5bp_drop_50,1,5.0,0.5,20,0.3,-0.0584260096345839,0.059373816733991974,0.5888116098698353,-23.73630680870708,-0.25,193,29,0.15025906735751296,34,0
SOL/USDT:USDT,1h,oos,10.0,pen_5bp_drop_50,2,5.0,0.5,25,0.24,-0.10250511039099965,0.10385608798930131,0.45384990736613084,-36.82362148104621,-0.4,193,37,0.19170984455958548,26,0
SOL/USDT:USDT,1h,oos,20.0,pen_5bp_drop_50,0,5.0,0.5,33,0.3939393939393939,-0.029583029676887963,0.07977437247787521,0.8590956879472122,-6.458483002419947,-0.015151515151515152,193,40,0.20725388601036268,25,0
SOL/USDT:USDT,1h,oos,20.0,pen_5bp_drop_50,1,5.0,0.5,20,0.25,-0.08969851856511814,0.09077222081796633,0.41289507647621726,-41.23454233120412,-0.375,193,30,0.15544041450777202,35,0
SOL/USDT:USDT,1h,oos,20.0,pen_5bp_drop_50,2,5.0,0.5,27,0.37037037037037035,-0.04094872994732177,0.041569034697826496,0.7649532578361515,-11.579226746000515,-0.07407407407407407,193,38,0.19689119170984457,27,0
